circuit_id	ts	utilization_pct	latency_ms	jitter_ms	pkt_loss_pct	crc_err_rate	alarms
CKT-1000	2025-10-19T12:00:00Z	74.7	9.8	1.6	0	99	0
CKT-1000	2025-10-19T13:00:00Z	73.2	10.6	1.6	0	96	0
CKT-1000	2025-10-19T14:00:00Z	72.9	10.7	1.5	0	113	0
CKT-1000	2025-10-19T15:00:00Z	70.4	10.9	1.5	0	100	0
CKT-1000	2025-10-19T16:00:00Z	74.3	11.4	2	0	89	0
CKT-1000	2025-10-19T17:00:00Z	75.7	10.9	2.5	0	97	0
CKT-1000	2025-10-19T18:00:00Z	73.6	10.7	2.2	0	94	0
CKT-1000	2025-10-19T19:00:00Z	74.9	10.7	2	0	106	0
CKT-1000	2025-10-19T20:00:00Z	69.9	11.1	1.4	0	104	0
CKT-1000	2025-10-19T21:00:00Z	75.4	10.6	1.9	0	112	0
CKT-1000	2025-10-19T22:00:00Z	74.5	10.5	2.2	0	108	0
CKT-1000	2025-10-19T23:00:00Z	71.2	11.1	2.4	0	102	0
CKT-1000	2025-10-20T00:00:00Z	73.8	11.8	3	0	110	0
CKT-1000	2025-10-20T01:00:00Z	74	10.9	2.1	0	102	0
CKT-1000	2025-10-20T02:00:00Z	74.3	11	2.4	0	115	0
CKT-1000	2025-10-20T03:00:00Z	74.7	10.3	2.5	0	106	0
CKT-1000	2025-10-20T04:00:00Z	73.5	11.4	2.4	0	110	0
CKT-1000	2025-10-20T05:00:00Z	74.7	10.6	3.2	0	106	0
CKT-1000	2025-10-20T06:00:00Z	72.4	10.4	2.2	0	112	0
CKT-1000	2025-10-20T07:00:00Z	78.1	9.6	3	0	113	0
CKT-1000	2025-10-20T08:00:00Z	74.8	9.3	3	0.021	114	0
CKT-1000	2025-10-20T09:00:00Z	75.1	11.3	2.9	0	106	0
CKT-1000	2025-10-20T10:00:00Z	75.8	10.6	2.5	0	116	0
CKT-1000	2025-10-20T11:00:00Z	74.1	11.1	2.4	0.017	113	0
CKT-1000	2025-10-20T12:00:00Z	74	11.8	3.7	0.002	116	0
CKT-1000	2025-10-20T13:00:00Z	74.3	10.7	3.2	0.002	121	0
CKT-1000	2025-10-20T14:00:00Z	74.9	9.8	3	0.027	116	0
CKT-1000	2025-10-20T15:00:00Z	75	10.2	3.4	0.005	131	0
CKT-1000	2025-10-20T16:00:00Z	76.1	9.9	3.7	0.002	122	0
CKT-1000	2025-10-20T17:00:00Z	75.9	10.4	3.9	0.006	122	0
CKT-1000	2025-10-20T18:00:00Z	74.6	10.4	4.1	0.038	135	0
CKT-1000	2025-10-20T19:00:00Z	79	10.1	3.6	0.006	124	0
CKT-1000	2025-10-20T20:00:00Z	74.8	10.1	3.1	0.031	122	0
CKT-1000	2025-10-20T21:00:00Z	77.1	10.1	5.1	0.029	130	0
CKT-1000	2025-10-20T22:00:00Z	74	11.7	4.3	0.049	124	0
CKT-1000	2025-10-20T23:00:00Z	76.3	10	4.5	0.063	132	0
CKT-1000	2025-10-21T00:00:00Z	72.4	10.1	4.2	0.075	138	0
CKT-1000	2025-10-21T01:00:00Z	73.8	10.9	4.4	0.022	133	0
CKT-1000	2025-10-21T02:00:00Z	76.7	10.5	3.1	0.053	133	0
CKT-1000	2025-10-21T03:00:00Z	76.1	10.4	3.8	0.063	138	0
CKT-1000	2025-10-21T04:00:00Z	76	10.4	4.2	0.03	139	0
CKT-1000	2025-10-21T05:00:00Z	76.5	10.7	4.7	0.033	128	0
CKT-1000	2025-10-21T06:00:00Z	77	10.7	4.3	0.067	142	0
CKT-1000	2025-10-21T07:00:00Z	78.1	11	4.2	0.039	143	0
CKT-1000	2025-10-21T08:00:00Z	78.6	11.1	3.9	0.099	145	0
CKT-1000	2025-10-21T09:00:00Z	79.2	10.2	4.3	0.104	142	0
CKT-1000	2025-10-21T10:00:00Z	75.3	10.9	4.8	0.096	144	0
CKT-1000	2025-10-21T11:00:00Z	76.7	11.6	4.1	0.086	144	0
CKT-1001	2025-10-19T12:00:00Z	63.1	13.9	8.7	0.582	10	0
CKT-1001	2025-10-19T13:00:00Z	62.9	14.7	8.4	0.54	17	0
CKT-1001	2025-10-19T14:00:00Z	61.8	15	8.7	0.569	14	0
CKT-1001	2025-10-19T15:00:00Z	63.5	14.5	7.9	0.563	18	0
CKT-1001	2025-10-19T16:00:00Z	63.3	13.8	7.4	0.533	4	0
CKT-1001	2025-10-19T17:00:00Z	65.6	15.2	8.6	0.517	17	0
CKT-1001	2025-10-19T18:00:00Z	66.9	13.8	7.8	0.505	15	0
CKT-1001	2025-10-19T19:00:00Z	63.5	14.2	6.9	0.551	19	0
CKT-1001	2025-10-19T20:00:00Z	64.3	13.4	6.5	0.53	11	0
CKT-1001	2025-10-19T21:00:00Z	63.5	14.4	7.3	0.51	11	0
CKT-1001	2025-10-19T22:00:00Z	67.7	14.5	7.4	0.539	8	0
CKT-1001	2025-10-19T23:00:00Z	66.5	14.2	7.1	0.531	10	0
CKT-1001	2025-10-20T00:00:00Z	67.5	14.5	5.8	0.541	0	0
CKT-1001	2025-10-20T01:00:00Z	66.2	14.7	7	0.484	8	0
CKT-1001	2025-10-20T02:00:00Z	69	13	7.6	0.507	8	0
CKT-1001	2025-10-20T03:00:00Z	66.9	13.5	7.4	0.518	5	0
CKT-1001	2025-10-20T04:00:00Z	67.5	13.6	7.5	0.472	22	0
CKT-1001	2025-10-20T05:00:00Z	68.4	13.4	6.5	0.479	7	0
CKT-1001	2025-10-20T06:00:00Z	68.9	13.4	5.6	0.482	4	0
CKT-1001	2025-10-20T07:00:00Z	68	13.6	6.2	0.526	14	0
CKT-1001	2025-10-20T08:00:00Z	69.8	13.1	6.2	0.485	8	0
CKT-1001	2025-10-20T09:00:00Z	71.1	13.4	6.3	0.465	14	0
CKT-1001	2025-10-20T10:00:00Z	69.1	14	6.2	0.457	16	0
CKT-1001	2025-10-20T11:00:00Z	70.8	14.1	6	0.483	12	0
CKT-1001	2025-10-20T12:00:00Z	70.3	14.2	7	0.436	17	0
CKT-1001	2025-10-20T13:00:00Z	68.3	14.3	6.9	0.468	14	0
CKT-1001	2025-10-20T14:00:00Z	70.6	14.1	5.9	0.438	12	0
CKT-1001	2025-10-20T15:00:00Z	72.1	13.7	5.5	0.422	15	0
CKT-1001	2025-10-20T16:00:00Z	72.9	14.3	6.3	0.446	15	0
CKT-1001	2025-10-20T17:00:00Z	72.9	14.1	5.4	0.484	11	0
CKT-1001	2025-10-20T18:00:00Z	71.8	14.4	5.8	0.407	19	0
CKT-1001	2025-10-20T19:00:00Z	72.9	13.5	6.1	0.443	7	0
CKT-1001	2025-10-20T20:00:00Z	76.1	14.5	5.4	0.458	14	0
CKT-1001	2025-10-20T21:00:00Z	73.7	13.7	5.6	0.431	14	0
CKT-1001	2025-10-20T22:00:00Z	72.9	14.2	5.2	0.391	6	0
CKT-1001	2025-10-20T23:00:00Z	75.3	12.6	5.3	0.403	20	0
CKT-1001	2025-10-21T00:00:00Z	74	14.5	4.9	0.41	17	0
CKT-1001	2025-10-21T01:00:00Z	74.4	14.7	4.5	0.409	18	0
CKT-1001	2025-10-21T02:00:00Z	76.4	15.3	4.5	0.371	9	0
CKT-1001	2025-10-21T03:00:00Z	76.7	14.4	4.9	0.372	17	0
CKT-1001	2025-10-21T04:00:00Z	74.2	14.8	6.2	0.397	16	0
CKT-1001	2025-10-21T05:00:00Z	75.7	13	4.3	0.364	6	0
CKT-1001	2025-10-21T06:00:00Z	79.3	14.3	4.7	0.375	13	0
CKT-1001	2025-10-21T07:00:00Z	78.5	14.1	4.7	0.372	12	0
CKT-1001	2025-10-21T08:00:00Z	75.3	12.9	4.2	0.373	7	0
CKT-1001	2025-10-21T09:00:00Z	77.7	14.2	3.2	0.349	16	0
CKT-1001	2025-10-21T10:00:00Z	78.6	13.4	4.3	0.383	17	0
CKT-1001	2025-10-21T11:00:00Z	78.3	13.8	3.8	0.367	14	0
CKT-1002	2025-10-19T12:00:00Z	54.8	12.7	7.3	0	124	0
CKT-1002	2025-10-19T13:00:00Z	53.8	14.5	7.2	0	128	0
CKT-1002	2025-10-19T14:00:00Z	55.3	14	8.2	0	130	0
CKT-1002	2025-10-19T15:00:00Z	54.5	13.7	7.8	0	132	0
CKT-1002	2025-10-19T16:00:00Z	55.9	13.7	7.4	0	129	0
CKT-1002	2025-10-19T17:00:00Z	55.5	15	7.6	0	136	0
CKT-1002	2025-10-19T18:00:00Z	55.5	15.1	7.7	0	128	0
CKT-1002	2025-10-19T19:00:00Z	54.9	13.8	8.4	0	139	0
CKT-1002	2025-10-19T20:00:00Z	55.5	13.5	9.3	0	130	0
CKT-1002	2025-10-19T21:00:00Z	54.7	13.1	8.5	0	135	0
CKT-1002	2025-10-19T22:00:00Z	55.8	14.1	7.7	0	137	0
CKT-1002	2025-10-19T23:00:00Z	56.9	13.9	7.7	0	133	0
CKT-1002	2025-10-20T00:00:00Z	55.4	13.1	8.8	0	141	0
CKT-1002	2025-10-20T01:00:00Z	58.2	15.4	7.3	0	135	0
CKT-1002	2025-10-20T02:00:00Z	55.2	13	8.1	0	141	0
CKT-1002	2025-10-20T03:00:00Z	56.7	14	8.5	0	139	0
CKT-1002	2025-10-20T04:00:00Z	59.9	13.8	7.4	0	133	0
CKT-1002	2025-10-20T05:00:00Z	56.9	13.6	8.1	0	145	0
CKT-1002	2025-10-20T06:00:00Z	58.1	13.1	7.9	0	144	0
CKT-1002	2025-10-20T07:00:00Z	54.4	13.6	8.4	0	140	0
CKT-1002	2025-10-20T08:00:00Z	56.5	13.6	8.5	0	151	0
CKT-1002	2025-10-20T09:00:00Z	57	13.4	8.7	0	144	0
CKT-1002	2025-10-20T10:00:00Z	58.8	14.3	9.2	0.023	143	0
CKT-1002	2025-10-20T11:00:00Z	57.8	13.7	8.6	0	141	0
CKT-1002	2025-10-20T12:00:00Z	58.1	13.2	8.7	0	144	0
CKT-1002	2025-10-20T13:00:00Z	58.4	13.8	9	0.05	152	0
CKT-1002	2025-10-20T14:00:00Z	58.9	13	8.1	0.044	147	0
CKT-1002	2025-10-20T15:00:00Z	56.8	13.7	8.7	0	151	0
CKT-1002	2025-10-20T16:00:00Z	60.3	13.2	8.1	0.043	156	0
CKT-1002	2025-10-20T17:00:00Z	57.7	12.7	8.5	0.029	160	0
CKT-1002	2025-10-20T18:00:00Z	57.2	13.6	9.2	0	161	0
CKT-1002	2025-10-20T19:00:00Z	57.2	13.9	9	0.064	159	0
CKT-1002	2025-10-20T20:00:00Z	55.5	13.2	9	0.045	160	0
CKT-1002	2025-10-20T21:00:00Z	60.4	14	8.9	0.018	156	0
CKT-1002	2025-10-20T22:00:00Z	60	13	9.4	0.079	160	0
CKT-1002	2025-10-20T23:00:00Z	54.9	12.9	10	0.056	151	0
CKT-1002	2025-10-21T00:00:00Z	61.5	13.7	9.7	0.079	164	0
CKT-1002	2025-10-21T01:00:00Z	60.3	14.1	10.3	0.099	155	0
CKT-1002	2025-10-21T02:00:00Z	60.6	14.4	9.8	0.077	169	0
CKT-1002	2025-10-21T03:00:00Z	61.5	15.2	8.9	0.081	163	0
CKT-1002	2025-10-21T04:00:00Z	59.5	13.1	7.9	0.089	167	0
CKT-1002	2025-10-21T05:00:00Z	59.6	14.8	9.3	0.129	168	0
CKT-1002	2025-10-21T06:00:00Z	61.8	13.9	10.1	0.111	170	0
CKT-1002	2025-10-21T07:00:00Z	61.2	13.5	9.6	0.16	167	0
CKT-1002	2025-10-21T08:00:00Z	61.4	14.4	10	0.122	158	0
CKT-1002	2025-10-21T09:00:00Z	61.7	12.4	10.2	0.131	175	0
CKT-1002	2025-10-21T10:00:00Z	59.7	12.8	9.7	0.133	169	0
CKT-1002	2025-10-21T11:00:00Z	61.4	15.3	10	0.161	177	0
CKT-1003	2025-10-19T12:00:00Z	61	21.8	8.5	0.497	124	0
CKT-1003	2025-10-19T13:00:00Z	58.3	20.1	8.3	0.496	130	0
CKT-1003	2025-10-19T14:00:00Z	62.7	22.4	7.7	0.474	126	0
CKT-1003	2025-10-19T15:00:00Z	64.4	22.3	8.8	0.465	119	0
CKT-1003	2025-10-19T16:00:00Z	62.1	20.8	8.1	0.462	131	0
CKT-1003	2025-10-19T17:00:00Z	60.7	20	8.5	0.442	124	0
CKT-1003	2025-10-19T18:00:00Z	61.3	21.3	8.7	0.417	121	0
CKT-1003	2025-10-19T19:00:00Z	62.8	21	7.5	0.453	129	0
CKT-1003	2025-10-19T20:00:00Z	61.9	20.2	8.7	0.398	125	0
CKT-1003	2025-10-19T21:00:00Z	60.9	20.7	8.1	0.42	120	0
CKT-1003	2025-10-19T22:00:00Z	63.4	21.1	8.8	0.421	120	0
CKT-1003	2025-10-19T23:00:00Z	61.5	20.4	8.5	0.4	112	0
CKT-1003	2025-10-20T00:00:00Z	62.3	20.9	9.2	0.364	116	0
CKT-1003	2025-10-20T01:00:00Z	65	22.2	8	0.378	127	0
CKT-1003	2025-10-20T02:00:00Z	60.1	20.3	8.3	0.413	121	0
CKT-1003	2025-10-20T03:00:00Z	64.1	22.1	9.5	0.362	123	0
CKT-1003	2025-10-20T04:00:00Z	66.9	20.5	9	0.345	124	0
CKT-1003	2025-10-20T05:00:00Z	64.1	20.8	8	0.363	128	0
CKT-1003	2025-10-20T06:00:00Z	64.5	21.5	8.8	0.329	127	0
CKT-1003	2025-10-20T07:00:00Z	66.2	23	8.3	0.331	127	0
CKT-1003	2025-10-20T08:00:00Z	66.5	21.1	8.3	0.343	119	0
CKT-1003	2025-10-20T09:00:00Z	64.9	21.5	9	0.312	114	0
CKT-1003	2025-10-20T10:00:00Z	62.9	20.7	7.9	0.313	118	0
CKT-1003	2025-10-20T11:00:00Z	65	21	8.3	0.334	127	0
CKT-1003	2025-10-20T12:00:00Z	66.4	21.1	8.3	0.306	126	0
CKT-1003	2025-10-20T13:00:00Z	65.3	21.4	7.6	0.295	127	0
CKT-1003	2025-10-20T14:00:00Z	66.5	22.5	8.1	0.287	123	0
CKT-1003	2025-10-20T15:00:00Z	67	21.3	8.7	0.291	130	0
CKT-1003	2025-10-20T16:00:00Z	67.4	21.9	8.3	0.281	120	0
CKT-1003	2025-10-20T17:00:00Z	69.4	22.7	8.6	0.214	121	0
CKT-1003	2025-10-20T18:00:00Z	69.8	21.7	8.8	0.27	126	0
CKT-1003	2025-10-20T19:00:00Z	70.1	22	9.4	0.248	128	0
CKT-1003	2025-10-20T20:00:00Z	68.1	21.1	9.5	0.237	128	0
CKT-1003	2025-10-20T21:00:00Z	69	21.1	8.7	0.253	126	0
CKT-1003	2025-10-20T22:00:00Z	66.5	21.3	9.6	0.212	114	0
CKT-1003	2025-10-20T23:00:00Z	72.2	21.8	8.7	0.201	129	0
CKT-1003	2025-10-21T00:00:00Z	68.8	22.1	9	0.205	124	0
CKT-1003	2025-10-21T01:00:00Z	69.6	22	8.3	0.159	127	0
CKT-1003	2025-10-21T02:00:00Z	71.1	21.7	9	0.177	127	0
CKT-1003	2025-10-21T03:00:00Z	70.4	21.1	8.6	0.215	115	0
CKT-1003	2025-10-21T04:00:00Z	71.5	20.4	8.7	0.158	113	0
CKT-1003	2025-10-21T05:00:00Z	71.6	21.2	7.8	0.175	131	0
CKT-1003	2025-10-21T06:00:00Z	73.5	21.6	8.8	0.177	132	0
CKT-1003	2025-10-21T07:00:00Z	73.2	20.9	8.9	0.151	114	0
CKT-1003	2025-10-21T08:00:00Z	72.5	22.8	9.2	0.163	124	0
CKT-1003	2025-10-21T09:00:00Z	72	21.6	8.5	0.106	130	0
CKT-1003	2025-10-21T10:00:00Z	74.4	20.8	9.4	0.115	125	0
CKT-1003	2025-10-21T11:00:00Z	73.3	22	8.9	0.137	125	0
CKT-1004	2025-10-19T12:00:00Z	71.2	8.2	4.7	0	168	0
CKT-1004	2025-10-19T13:00:00Z	74.7	8.3	4.5	0	169	0
CKT-1004	2025-10-19T14:00:00Z	75.9	6.8	4.1	0	167	0
CKT-1004	2025-10-19T15:00:00Z	74.4	6.5	4.5	0	176	0
CKT-1004	2025-10-19T16:00:00Z	74.1	8.6	4.5	0	180	0
CKT-1004	2025-10-19T17:00:00Z	75.9	7.2	4.7	0	181	0
CKT-1004	2025-10-19T18:00:00Z	74.7	7.6	4.8	0	174	0
CKT-1004	2025-10-19T19:00:00Z	76.2	8.3	5.3	0	174	0
CKT-1004	2025-10-19T20:00:00Z	77.5	7.2	5	0	172	0
CKT-1004	2025-10-19T21:00:00Z	75.3	8.4	4.6	0	175	0
CKT-1004	2025-10-19T22:00:00Z	77.5	9	4.1	0	185	0
CKT-1004	2025-10-19T23:00:00Z	76.1	7.6	4.3	0	175	0
CKT-1004	2025-10-20T00:00:00Z	77.4	7.8	4	0	179	0
CKT-1004	2025-10-20T01:00:00Z	75.8	7.3	4.5	0	180	0
CKT-1004	2025-10-20T02:00:00Z	78.2	7.2	4.8	0	180	0
CKT-1004	2025-10-20T03:00:00Z	79.3	7.4	4.6	0	186	0
CKT-1004	2025-10-20T04:00:00Z	76.2	7.8	5	0	189	0
CKT-1004	2025-10-20T05:00:00Z	78.1	6.7	4.4	0	184	0
CKT-1004	2025-10-20T06:00:00Z	81.3	6.4	3.7	0	186	0
CKT-1004	2025-10-20T07:00:00Z	79.1	8.4	4.7	0	188	0
CKT-1004	2025-10-20T08:00:00Z	80.6	7.1	4.7	0	193	0
CKT-1004	2025-10-20T09:00:00Z	82.1	7.7	4.1	0	175	0
CKT-1004	2025-10-20T10:00:00Z	81	7.5	4.1	0	190	0
CKT-1004	2025-10-20T11:00:00Z	79.2	7.5	4.2	0	192	0
CKT-1004	2025-10-20T12:00:00Z	82.7	6.9	4.2	0.026	184	0
CKT-1004	2025-10-20T13:00:00Z	81.7	7.2	3.9	0	193	0
CKT-1004	2025-10-20T14:00:00Z	84.5	6.8	3.4	0	203	0
CKT-1004	2025-10-20T15:00:00Z	81.4	7.6	3.8	0.019	194	0
CKT-1004	2025-10-20T16:00:00Z	86	8.4	3.5	0.064	192	0
CKT-1004	2025-10-20T17:00:00Z	80	8.2	4.5	0.085	195	0
CKT-1004	2025-10-20T18:00:00Z	82.7	8	4.1	0.069	190	0
CKT-1004	2025-10-20T19:00:00Z	83.4	8.2	3.2	0.102	201	0
CKT-1004	2025-10-20T20:00:00Z	84.6	8.1	3.4	0.07	198	0
CKT-1004	2025-10-20T21:00:00Z	85.1	7.3	3.4	0.079	210	0
CKT-1004	2025-10-20T22:00:00Z	85.3	8	4.2	0.139	201	0
CKT-1004	2025-10-20T23:00:00Z	84.1	7.3	5	0.152	201	0
CKT-1004	2025-10-21T00:00:00Z	85.4	7	4.4	0.14	207	0
CKT-1004	2025-10-21T01:00:00Z	86.6	7.8	3.7	0.167	205	0
CKT-1004	2025-10-21T02:00:00Z	84.4	7.3	4.3	0.177	203	0
CKT-1004	2025-10-21T03:00:00Z	84.8	8.2	3.9	0.203	206	0
CKT-1004	2025-10-21T04:00:00Z	86.7	7.2	3.4	0.224	213	0
CKT-1004	2025-10-21T05:00:00Z	84.7	7.1	3.5	0.252	200	0
CKT-1004	2025-10-21T06:00:00Z	86.9	6.8	3.1	0.223	208	0
CKT-1004	2025-10-21T07:00:00Z	85.9	7.6	3.1	0.214	215	0
CKT-1004	2025-10-21T08:00:00Z	88.2	8.1	2.6	0.262	216	0
CKT-1004	2025-10-21T09:00:00Z	85.8	7.6	3.3	0.306	223	0
CKT-1004	2025-10-21T10:00:00Z	85.1	9.1	2.8	0.301	219	0
CKT-1004	2025-10-21T11:00:00Z	86.4	7.9	3.2	0.305	217	0
CKT-1005	2025-10-19T12:00:00Z	62.4	9.1	5.1	0.194	58	0
CKT-1005	2025-10-19T13:00:00Z	65.6	8.8	4.2	0.23	53	0
CKT-1005	2025-10-19T14:00:00Z	63.9	8.4	4.2	0.17	60	0
CKT-1005	2025-10-19T15:00:00Z	62.8	10.4	4.2	0.175	62	0
CKT-1005	2025-10-19T16:00:00Z	66.5	8.6	5	0.165	59	0
CKT-1005	2025-10-19T17:00:00Z	62.8	7.5	4.8	0.158	59	0
CKT-1005	2025-10-19T18:00:00Z	63.9	8.1	5	0.21	73	0
CKT-1005	2025-10-19T19:00:00Z	66	9.3	4.9	0.211	74	0
CKT-1005	2025-10-19T20:00:00Z	65.3	8.4	4.7	0.19	77	0
CKT-1005	2025-10-19T21:00:00Z	65.2	8.2	4.6	0.183	82	0
CKT-1005	2025-10-19T22:00:00Z	65.7	8.1	5.4	0.197	73	0
CKT-1005	2025-10-19T23:00:00Z	67.4	8.3	4.8	0.211	89	0
CKT-1005	2025-10-20T00:00:00Z	66.1	7.9	5.3	0.201	96	0
CKT-1005	2025-10-20T01:00:00Z	66.3	7.3	5.2	0.251	97	0
CKT-1005	2025-10-20T02:00:00Z	69.3	8	5.6	0.199	94	0
CKT-1005	2025-10-20T03:00:00Z	64.8	8.2	4.8	0.232	100	0
CKT-1005	2025-10-20T04:00:00Z	67.4	7.8	5	0.201	103	0
CKT-1005	2025-10-20T05:00:00Z	69	9.2	4.8	0.162	93	0
CKT-1005	2025-10-20T06:00:00Z	69.6	8.4	4.9	0.251	111	0
CKT-1005	2025-10-20T07:00:00Z	67.7	8.4	5.2	0.224	116	0
CKT-1005	2025-10-20T08:00:00Z	68.5	9	5.9	0.197	114	0
CKT-1005	2025-10-20T09:00:00Z	67.7	7.1	4.3	0.201	116	0
CKT-1005	2025-10-20T10:00:00Z	68.5	8.7	6.4	0.197	116	0
CKT-1005	2025-10-20T11:00:00Z	69	8.2	5.4	0.192	127	0
CKT-1005	2025-10-20T12:00:00Z	67.8	9.8	5.4	0.245	122	0
CKT-1005	2025-10-20T13:00:00Z	69	8.3	5.6	0.232	122	0
CKT-1005	2025-10-20T14:00:00Z	69.1	8.2	6.7	0.225	136	0
CKT-1005	2025-10-20T15:00:00Z	69.2	8.8	4.9	0.219	133	0
CKT-1005	2025-10-20T16:00:00Z	72.1	8.7	6.3	0.242	143	0
CKT-1005	2025-10-20T17:00:00Z	69.9	10	5.4	0.215	131	0
CKT-1005	2025-10-20T18:00:00Z	73.7	9.1	5.5	0.257	144	0
CKT-1005	2025-10-20T19:00:00Z	73.4	7.7	5.6	0.224	134	0
CKT-1005	2025-10-20T20:00:00Z	72.2	8.4	6.1	0.281	145	0
CKT-1005	2025-10-20T21:00:00Z	70.2	8.7	6.3	0.224	146	0
CKT-1005	2025-10-20T22:00:00Z	72.7	8.8	4.8	0.212	160	0
CKT-1005	2025-10-20T23:00:00Z	71.9	8.2	5.8	0.238	159	0
CKT-1005	2025-10-21T00:00:00Z	69.5	8.1	6	0.237	161	0
CKT-1005	2025-10-21T01:00:00Z	69.9	8.8	6.5	0.25	162	0
CKT-1005	2025-10-21T02:00:00Z	71.9	8.1	5.9	0.266	164	0
CKT-1005	2025-10-21T03:00:00Z	70.9	8.3	6.1	0.235	170	0
CKT-1005	2025-10-21T04:00:00Z	73.3	9.1	6.8	0.263	166	0
CKT-1005	2025-10-21T05:00:00Z	71.3	8.6	5.9	0.222	171	0
CKT-1005	2025-10-21T06:00:00Z	72.2	8.2	6	0.269	177	0
CKT-1005	2025-10-21T07:00:00Z	76.9	8.7	6	0.247	181	0
CKT-1005	2025-10-21T08:00:00Z	74	9.9	5.8	0.265	184	0
CKT-1005	2025-10-21T09:00:00Z	71.3	9.1	6.9	0.232	185	0
CKT-1005	2025-10-21T10:00:00Z	71.3	7.9	6.8	0.241	183	0
CKT-1005	2025-10-21T11:00:00Z	74.4	8.3	6.1	0.266	186	0
CKT-1006	2025-10-19T12:00:00Z	57.1	4.6	11.6	0.166	0	0
CKT-1006	2025-10-19T13:00:00Z	54.3	5.4	11.1	0.16	0	0
CKT-1006	2025-10-19T14:00:00Z	56.1	5	10	0.152	0	0
CKT-1006	2025-10-19T15:00:00Z	56.7	5.9	11.1	0.181	0	0
CKT-1006	2025-10-19T16:00:00Z	53.8	4.9	10.3	0.157	0	0
CKT-1006	2025-10-19T17:00:00Z	55	5.4	11	0.194	0	0
CKT-1006	2025-10-19T18:00:00Z	54.6	5.2	10.4	0.203	2	0
CKT-1006	2025-10-19T19:00:00Z	53.5	5	10.5	0.192	0	0
CKT-1006	2025-10-19T20:00:00Z	56.3	5.6	11.2	0.249	4	0
CKT-1006	2025-10-19T21:00:00Z	58.9	4.8	11.1	0.208	9	0
CKT-1006	2025-10-19T22:00:00Z	55.5	4.9	11.9	0.228	12	0
CKT-1006	2025-10-19T23:00:00Z	52.8	5.2	11	0.218	10	0
CKT-1006	2025-10-20T00:00:00Z	58.1	4.8	10.3	0.223	16	0
CKT-1006	2025-10-20T01:00:00Z	54.8	5.3	11.4	0.231	21	0
CKT-1006	2025-10-20T02:00:00Z	52.6	4.6	10.7	0.227	28	0
CKT-1006	2025-10-20T03:00:00Z	54.9	5.5	11.2	0.273	17	0
CKT-1006	2025-10-20T04:00:00Z	55.1	5.1	11.5	0.272	24	0
CKT-1006	2025-10-20T05:00:00Z	51.4	4.5	11.6	0.285	25	0
CKT-1006	2025-10-20T06:00:00Z	52.1	4.5	11.1	0.25	27	0
CKT-1006	2025-10-20T07:00:00Z	52.3	5	10.8	0.282	43	0
CKT-1006	2025-10-20T08:00:00Z	51.5	4.8	11.9	0.283	38	0
CKT-1006	2025-10-20T09:00:00Z	55.1	4.8	12	0.307	42	0
CKT-1006	2025-10-20T10:00:00Z	54	5.1	12	0.294	47	0
CKT-1006	2025-10-20T11:00:00Z	53.1	5.4	11	0.332	52	0
CKT-1006	2025-10-20T12:00:00Z	51.1	5.7	12.7	0.339	60	0
CKT-1006	2025-10-20T13:00:00Z	53.1	4	10.7	0.331	53	0
CKT-1006	2025-10-20T14:00:00Z	51.5	4.9	12	0.303	56	0
CKT-1006	2025-10-20T15:00:00Z	55.1	4.3	12.1	0.33	64	0
CKT-1006	2025-10-20T16:00:00Z	54.4	5.4	12.2	0.323	70	0
CKT-1006	2025-10-20T17:00:00Z	51.4	5.1	11.9	0.363	69	0
CKT-1006	2025-10-20T18:00:00Z	51.3	4.1	12.3	0.364	76	0
CKT-1006	2025-10-20T19:00:00Z	52.4	4.1	12.4	0.359	75	0
CKT-1006	2025-10-20T20:00:00Z	51.4	5.9	11.5	0.367	77	0
CKT-1006	2025-10-20T21:00:00Z	50.7	5.2	12.8	0.371	81	0
CKT-1006	2025-10-20T22:00:00Z	48.1	4.9	11.8	0.371	88	0
CKT-1006	2025-10-20T23:00:00Z	51.6	4.8	11.9	0.356	80	0
CKT-1006	2025-10-21T00:00:00Z	53.5	3.7	11.7	0.393	97	0
CKT-1006	2025-10-21T01:00:00Z	53.1	4.6	12.8	0.393	97	0
CKT-1006	2025-10-21T02:00:00Z	49.8	5.6	12	0.394	93	0
CKT-1006	2025-10-21T03:00:00Z	52.2	4.7	12.5	0.41	101	0
CKT-1006	2025-10-21T04:00:00Z	52.4	4.9	12	0.431	103	0
CKT-1006	2025-10-21T05:00:00Z	54.7	5.5	12.8	0.497	106	0
CKT-1006	2025-10-21T06:00:00Z	52.3	5.4	11.8	0.433	104	0
CKT-1006	2025-10-21T07:00:00Z	52.4	4.8	12.4	0.471	114	0
CKT-1006	2025-10-21T08:00:00Z	51.1	4.6	13	0.471	104	0
CKT-1006	2025-10-21T09:00:00Z	50.8	5.1	12.9	0.481	117	0
CKT-1006	2025-10-21T10:00:00Z	52.1	5	12.2	0.464	119	0
CKT-1006	2025-10-21T11:00:00Z	51	3.8	12.3	0.477	120	0
CKT-1007	2025-10-19T12:00:00Z	78.9	2.7	2.8	0.619	36	0
CKT-1007	2025-10-19T13:00:00Z	79.5	2.8	3.2	0.588	39	0
CKT-1007	2025-10-19T14:00:00Z	75.5	2.2	2.5	0.581	41	0
CKT-1007	2025-10-19T15:00:00Z	79.7	1.2	3	0.579	43	0
CKT-1007	2025-10-19T16:00:00Z	78	2.6	2.8	0.6	41	0
CKT-1007	2025-10-19T17:00:00Z	79.7	1.6	2.3	0.579	40	0
CKT-1007	2025-10-19T18:00:00Z	79.3	2.9	2.9	0.568	39	0
CKT-1007	2025-10-19T19:00:00Z	80.7	2.8	4.1	0.571	40	0
CKT-1007	2025-10-19T20:00:00Z	81.2	2.6	3	0.55	38	0
CKT-1007	2025-10-19T21:00:00Z	79.1	1.5	2.9	0.556	43	0
CKT-1007	2025-10-19T22:00:00Z	81.8	2	3.2	0.537	38	0
CKT-1007	2025-10-19T23:00:00Z	81.6	3.1	3.1	0.592	33	0
CKT-1007	2025-10-20T00:00:00Z	79.3	3	4.3	0.577	40	0
CKT-1007	2025-10-20T01:00:00Z	78.1	1.4	3.6	0.557	35	0
CKT-1007	2025-10-20T02:00:00Z	81.6	2.6	4.1	0.563	47	0
CKT-1007	2025-10-20T03:00:00Z	81.7	2.5	4.2	0.537	55	0
CKT-1007	2025-10-20T04:00:00Z	82.4	2.8	4	0.591	44	0
CKT-1007	2025-10-20T05:00:00Z	79.6	3.4	3.7	0.552	34	0
CKT-1007	2025-10-20T06:00:00Z	83	2.2	4	0.541	50	0
CKT-1007	2025-10-20T07:00:00Z	85.3	2.6	4	0.536	46	0
CKT-1007	2025-10-20T08:00:00Z	82	2.3	4.5	0.529	40	0
CKT-1007	2025-10-20T09:00:00Z	80.3	3	5.1	0.551	48	0
CKT-1007	2025-10-20T10:00:00Z	81.6	2.7	3.7	0.529	44	0
CKT-1007	2025-10-20T11:00:00Z	83.1	1.7	3.6	0.502	43	0
CKT-1007	2025-10-20T12:00:00Z	86.3	3.4	3.4	0.555	45	0
CKT-1007	2025-10-20T13:00:00Z	81	2.4	4.9	0.534	34	0
CKT-1007	2025-10-20T14:00:00Z	84.4	1.3	4.4	0.542	41	0
CKT-1007	2025-10-20T15:00:00Z	82.9	3.1	5	0.542	45	0
CKT-1007	2025-10-20T16:00:00Z	85.4	3	4.7	0.515	39	0
CKT-1007	2025-10-20T17:00:00Z	82.2	2	4.5	0.514	48	0
CKT-1007	2025-10-20T18:00:00Z	84.1	3.2	5.3	0.501	43	0
CKT-1007	2025-10-20T19:00:00Z	83.9	3.4	5.1	0.479	41	0
CKT-1007	2025-10-20T20:00:00Z	86.9	2.5	5.1	0.51	35	0
CKT-1007	2025-10-20T21:00:00Z	85.4	1.7	4.6	0.517	42	0
CKT-1007	2025-10-20T22:00:00Z	84.3	2.8	5	0.493	44	0
CKT-1007	2025-10-20T23:00:00Z	83.9	2.6	4.9	0.457	36	0
CKT-1007	2025-10-21T00:00:00Z	87.5	2.8	4.5	0.455	40	0
CKT-1007	2025-10-21T01:00:00Z	87.6	2.5	5.9	0.489	43	0
CKT-1007	2025-10-21T02:00:00Z	83.4	3.1	5.1	0.496	36	0
CKT-1007	2025-10-21T03:00:00Z	85.9	2.8	5.3	0.484	39	0
CKT-1007	2025-10-21T04:00:00Z	84.8	3.5	6	0.457	43	0
CKT-1007	2025-10-21T05:00:00Z	84.8	1.9	6	0.435	45	0
CKT-1007	2025-10-21T06:00:00Z	85.7	2.4	5.8	0.477	36	0
CKT-1007	2025-10-21T07:00:00Z	87.3	2.6	5	0.458	47	0
CKT-1007	2025-10-21T08:00:00Z	88.9	3	5.1	0.468	45	0
CKT-1007	2025-10-21T09:00:00Z	87.7	3	6	0.454	37	0
CKT-1007	2025-10-21T10:00:00Z	83.9	2.8	5.9	0.463	34	0
CKT-1007	2025-10-21T11:00:00Z	87.9	3.8	6	0.447	42	0
CKT-1008	2025-10-19T12:00:00Z	55.5	20.2	6.8	0.068	104	0
CKT-1008	2025-10-19T13:00:00Z	58.6	19.3	8.2	0.054	120	0
CKT-1008	2025-10-19T14:00:00Z	57.2	19.2	6.1	0.114	116	0
CKT-1008	2025-10-19T15:00:00Z	57.5	19.1	6.5	0.076	110	0
CKT-1008	2025-10-19T16:00:00Z	55.3	19.2	7.4	0.077	114	0
CKT-1008	2025-10-19T17:00:00Z	58.2	18.9	6.5	0.076	118	0
CKT-1008	2025-10-19T18:00:00Z	59	19.9	6.8	0.079	119	0
CKT-1008	2025-10-19T19:00:00Z	60.5	19.1	7.3	0.087	112	0
CKT-1008	2025-10-19T20:00:00Z	59.8	17.9	6.5	0.13	114	0
CKT-1008	2025-10-19T21:00:00Z	58.6	17.8	7.4	0.104	109	0
CKT-1008	2025-10-19T22:00:00Z	60.7	17.8	7.2	0.101	119	0
CKT-1008	2025-10-19T23:00:00Z	61.7	19.6	6.6	0.129	116	0
CKT-1008	2025-10-20T00:00:00Z	63	18.9	6.3	0.153	108	0
CKT-1008	2025-10-20T01:00:00Z	62.6	18.7	6.6	0.11	114	0
CKT-1008	2025-10-20T02:00:00Z	62.9	17.8	6.3	0.099	104	0
CKT-1008	2025-10-20T03:00:00Z	63.8	19	6.5	0.136	103	0
CKT-1008	2025-10-20T04:00:00Z	62.1	19.9	5.7	0.139	109	0
CKT-1008	2025-10-20T05:00:00Z	64.8	18.3	6.4	0.133	110	0
CKT-1008	2025-10-20T06:00:00Z	63.6	18.9	5.5	0.142	126	0
CKT-1008	2025-10-20T07:00:00Z	67.7	19.1	6	0.098	106	0
CKT-1008	2025-10-20T08:00:00Z	68.1	18.2	5.7	0.136	107	0
CKT-1008	2025-10-20T09:00:00Z	64.8	18.7	5.5	0.127	109	0
CKT-1008	2025-10-20T10:00:00Z	67.9	18.6	5.8	0.157	112	0
CKT-1008	2025-10-20T11:00:00Z	67.2	19	6.2	0.145	113	0
CKT-1008	2025-10-20T12:00:00Z	67	18.2	6.2	0.16	115	0
CKT-1008	2025-10-20T13:00:00Z	69.1	18.7	6.1	0.173	117	0
CKT-1008	2025-10-20T14:00:00Z	69	19.5	5.8	0.17	114	0
CKT-1008	2025-10-20T15:00:00Z	70.1	18.3	6	0.217	111	0
CKT-1008	2025-10-20T16:00:00Z	70.3	18.4	5.3	0.194	109	0
CKT-1008	2025-10-20T17:00:00Z	70	17.7	5.2	0.132	116	0
CKT-1008	2025-10-20T18:00:00Z	75.4	18.5	4.7	0.187	109	0
CKT-1008	2025-10-20T19:00:00Z	73.6	18.5	5.1	0.169	116	0
CKT-1008	2025-10-20T20:00:00Z	71.9	18.4	5.3	0.15	114	0
CKT-1008	2025-10-20T21:00:00Z	70	18.4	5.7	0.185	115	0
CKT-1008	2025-10-20T22:00:00Z	73.1	19.4	5.7	0.19	117	0
CKT-1008	2025-10-20T23:00:00Z	74.8	18.4	4.6	0.193	115	0
CKT-1008	2025-10-21T00:00:00Z	75.9	18.1	4.7	0.197	112	0
CKT-1008	2025-10-21T01:00:00Z	71.9	18.9	4.2	0.172	119	0
CKT-1008	2025-10-21T02:00:00Z	78	18	4.9	0.194	121	0
CKT-1008	2025-10-21T03:00:00Z	75	18.4	5.8	0.189	116	0
CKT-1008	2025-10-21T04:00:00Z	74	18.6	4.1	0.179	117	0
CKT-1008	2025-10-21T05:00:00Z	76.7	18.5	4.5	0.198	114	0
CKT-1008	2025-10-21T06:00:00Z	78.7	17.1	4.5	0.209	112	0
CKT-1008	2025-10-21T07:00:00Z	78.4	18.9	4.7	0.198	111	0
CKT-1008	2025-10-21T08:00:00Z	80	18.3	4.7	0.215	120	0
CKT-1008	2025-10-21T09:00:00Z	78.3	19.3	5.3	0.213	111	0
CKT-1008	2025-10-21T10:00:00Z	78.8	18.5	5.1	0.222	114	0
CKT-1008	2025-10-21T11:00:00Z	78.1	18.1	5.7	0.217	109	0
CKT-1009	2025-10-19T12:00:00Z	59.7	7.3	6.1	0.185	156	0
CKT-1009	2025-10-19T13:00:00Z	58.5	6.7	7.6	0.177	136	0
CKT-1009	2025-10-19T14:00:00Z	57	7.3	6.5	0.173	143	0
CKT-1009	2025-10-19T15:00:00Z	57.1	7.5	6.9	0.215	137	0
CKT-1009	2025-10-19T16:00:00Z	60.5	6.2	7	0.214	151	0
CKT-1009	2025-10-19T17:00:00Z	58.8	7.6	7.6	0.19	140	0
CKT-1009	2025-10-19T18:00:00Z	56.7	6.5	7.8	0.193	144	0
CKT-1009	2025-10-19T19:00:00Z	56.9	7.4	7.4	0.249	144	0
CKT-1009	2025-10-19T20:00:00Z	60.9	6.8	7.7	0.206	140	0
CKT-1009	2025-10-19T21:00:00Z	58.9	6.8	7.2	0.202	131	0
CKT-1009	2025-10-19T22:00:00Z	58	7.6	7	0.208	151	0
CKT-1009	2025-10-19T23:00:00Z	58.9	7.4	8.2	0.254	135	0
CKT-1009	2025-10-20T00:00:00Z	59.8	6.3	9.2	0.213	137	0
CKT-1009	2025-10-20T01:00:00Z	58.8	6.3	8.7	0.299	140	0
CKT-1009	2025-10-20T02:00:00Z	58.7	5.9	7.9	0.249	139	0
CKT-1009	2025-10-20T03:00:00Z	61.3	7.5	8.2	0.254	137	0
CKT-1009	2025-10-20T04:00:00Z	62.2	7.2	8.6	0.281	135	0
CKT-1009	2025-10-20T05:00:00Z	59.3	6.8	7.7	0.285	144	0
CKT-1009	2025-10-20T06:00:00Z	63.4	7.5	8.3	0.299	145	0
CKT-1009	2025-10-20T07:00:00Z	62.1	8.1	8.4	0.273	138	0
CKT-1009	2025-10-20T08:00:00Z	63.3	8	8.3	0.31	133	0
CKT-1009	2025-10-20T09:00:00Z	62.4	7.2	8	0.337	142	0
CKT-1009	2025-10-20T10:00:00Z	62.2	7.2	7.5	0.279	147	0
CKT-1009	2025-10-20T11:00:00Z	62.1	6.7	9.2	0.326	145	0
CKT-1009	2025-10-20T12:00:00Z	62.6	7.1	8.2	0.284	137	0
CKT-1009	2025-10-20T13:00:00Z	62.6	6.6	7.8	0.313	144	0
CKT-1009	2025-10-20T14:00:00Z	66.4	6.8	8.8	0.32	141	0
CKT-1009	2025-10-20T15:00:00Z	65.2	7.7	8.9	0.313	141	0
CKT-1009	2025-10-20T16:00:00Z	62.3	6.7	8.5	0.301	145	0
CKT-1009	2025-10-20T17:00:00Z	66.4	6.7	9	0.308	141	0
CKT-1009	2025-10-20T18:00:00Z	63.9	7.6	8.5	0.353	141	0
CKT-1009	2025-10-20T19:00:00Z	64.2	6.5	9.1	0.356	144	0
CKT-1009	2025-10-20T20:00:00Z	68.8	8.1	8.8	0.337	145	0
CKT-1009	2025-10-20T21:00:00Z	64.4	7.9	9.2	0.353	146	0
CKT-1009	2025-10-20T22:00:00Z	68.5	7.3	9	0.383	147	0
CKT-1009	2025-10-20T23:00:00Z	65.7	7.2	9.2	0.365	136	0
CKT-1009	2025-10-21T00:00:00Z	64.2	6.7	8.7	0.35	146	0
CKT-1009	2025-10-21T01:00:00Z	66.5	7.3	8.6	0.358	145	0
CKT-1009	2025-10-21T02:00:00Z	67.9	6.8	9.4	0.416	142	0
CKT-1009	2025-10-21T03:00:00Z	66.2	7.1	9.4	0.374	142	0
CKT-1009	2025-10-21T04:00:00Z	65.4	6.6	9.3	0.379	140	0
CKT-1009	2025-10-21T05:00:00Z	67.5	7.3	9.9	0.385	144	0
CKT-1009	2025-10-21T06:00:00Z	67.3	7.6	9.7	0.409	146	0
CKT-1009	2025-10-21T07:00:00Z	69.2	7.2	9.7	0.418	139	0
CKT-1009	2025-10-21T08:00:00Z	67.7	7.3	9.8	0.385	142	0
CKT-1009	2025-10-21T09:00:00Z	68.7	5.9	9.6	0.403	142	0
CKT-1009	2025-10-21T10:00:00Z	71.3	6.5	9.3	0.359	140	0
CKT-1009	2025-10-21T11:00:00Z	68.8	6.9	10.3	0.434	143	0
CKT-1010	2025-10-19T12:00:00Z	32.2	6.6	2.5	0.062	171	0
CKT-1010	2025-10-19T13:00:00Z	34.6	7.6	2.2	0.11	169	0
CKT-1010	2025-10-19T14:00:00Z	32.2	8.5	2.3	0.116	156	0
CKT-1010	2025-10-19T15:00:00Z	35.3	8.2	2.6	0.114	171	0
CKT-1010	2025-10-19T16:00:00Z	32.4	7.7	2.3	0.093	174	0
CKT-1010	2025-10-19T17:00:00Z	34.8	6.9	2.4	0.094	172	0
CKT-1010	2025-10-19T18:00:00Z	31.8	7.6	3.3	0.107	174	0
CKT-1010	2025-10-19T19:00:00Z	32.9	7.2	2.5	0.131	165	0
CKT-1010	2025-10-19T20:00:00Z	33.8	7.3	2.6	0.1	175	0
CKT-1010	2025-10-19T21:00:00Z	33.6	6.7	3.4	0.111	186	0
CKT-1010	2025-10-19T22:00:00Z	33.7	7.1	4.1	0.079	169	0
CKT-1010	2025-10-19T23:00:00Z	36.3	7.3	2.6	0.11	176	0
CKT-1010	2025-10-20T00:00:00Z	33.8	6.8	3.2	0.109	170	0
CKT-1010	2025-10-20T01:00:00Z	35.3	8	3.9	0.095	162	0
CKT-1010	2025-10-20T02:00:00Z	34.1	6.5	3.7	0.13	163	0
CKT-1010	2025-10-20T03:00:00Z	31.7	7.3	4.2	0.147	172	0
CKT-1010	2025-10-20T04:00:00Z	33.4	6.9	3.5	0.117	171	0
CKT-1010	2025-10-20T05:00:00Z	33.8	6.1	3.7	0.154	169	0
CKT-1010	2025-10-20T06:00:00Z	31.1	8.8	4.2	0.139	170	0
CKT-1010	2025-10-20T07:00:00Z	32.7	6.9	5.4	0.153	173	0
CKT-1010	2025-10-20T08:00:00Z	34.1	6.8	5.1	0.118	170	0
CKT-1010	2025-10-20T09:00:00Z	30.8	6.1	4.7	0.121	159	0
CKT-1010	2025-10-20T10:00:00Z	34	8.6	5.4	0.134	169	0
CKT-1010	2025-10-20T11:00:00Z	34.6	8	4.6	0.142	170	0
CKT-1010	2025-10-20T12:00:00Z	34	7.3	4.9	0.17	175	0
CKT-1010	2025-10-20T13:00:00Z	33.9	8.4	4.8	0.177	171	0
CKT-1010	2025-10-20T14:00:00Z	38.1	6.6	4.8	0.155	170	0
CKT-1010	2025-10-20T15:00:00Z	36.1	7	5.7	0.172	172	0
CKT-1010	2025-10-20T16:00:00Z	31.8	8.2	6	0.162	170	0
CKT-1010	2025-10-20T17:00:00Z	33.5	7.3	5.8	0.153	164	0
CKT-1010	2025-10-20T18:00:00Z	31.6	6.9	5.7	0.154	170	0
CKT-1010	2025-10-20T19:00:00Z	33.9	7	6.4	0.151	166	0
CKT-1010	2025-10-20T20:00:00Z	33.9	6.3	5.4	0.178	160	0
CKT-1010	2025-10-20T21:00:00Z	34.8	8.3	5.7	0.166	174	0
CKT-1010	2025-10-20T22:00:00Z	32.5	7.9	5.7	0.152	165	0
CKT-1010	2025-10-20T23:00:00Z	33.7	8	6.1	0.138	163	0
CKT-1010	2025-10-21T00:00:00Z	33.7	8.5	6.5	0.158	172	0
CKT-1010	2025-10-21T01:00:00Z	32.8	7.1	5.9	0.196	156	0
CKT-1010	2025-10-21T02:00:00Z	34.3	7.1	6.3	0.203	165	0
CKT-1010	2025-10-21T03:00:00Z	32.1	7.3	6.8	0.162	161	0
CKT-1010	2025-10-21T04:00:00Z	31.8	8.1	6.7	0.182	167	0
CKT-1010	2025-10-21T05:00:00Z	32.1	8.4	6.7	0.166	174	0
CKT-1010	2025-10-21T06:00:00Z	32	7	6.9	0.177	170	0
CKT-1010	2025-10-21T07:00:00Z	36.3	7.6	5.9	0.185	169	0
CKT-1010	2025-10-21T08:00:00Z	33.2	7.5	7.1	0.18	172	0
CKT-1010	2025-10-21T09:00:00Z	32.3	6.8	8.8	0.168	169	0
CKT-1010	2025-10-21T10:00:00Z	30.9	7.4	6.9	0.176	174	0
CKT-1010	2025-10-21T11:00:00Z	33.8	7.7	6.6	0.223	163	0
CKT-1011	2025-10-19T12:00:00Z	59.6	7	8.1	0.048	51	0
CKT-1011	2025-10-19T13:00:00Z	56.9	5.6	8.7	0.074	49	0
CKT-1011	2025-10-19T14:00:00Z	56.8	7.1	7.9	0.048	46	0
CKT-1011	2025-10-19T15:00:00Z	60.1	6.8	8.5	0.113	51	0
CKT-1011	2025-10-19T16:00:00Z	59.6	6.8	8.5	0.035	54	0
CKT-1011	2025-10-19T17:00:00Z	60	6.9	8.9	0.098	42	0
CKT-1011	2025-10-19T18:00:00Z	58.7	6.3	9.9	0.106	38	0
CKT-1011	2025-10-19T19:00:00Z	57.6	6.9	8.9	0.067	59	0
CKT-1011	2025-10-19T20:00:00Z	60.7	7.3	8.9	0.113	48	0
CKT-1011	2025-10-19T21:00:00Z	60	7.4	8.6	0.135	50	0
CKT-1011	2025-10-19T22:00:00Z	62.7	6.4	9	0.085	51	0
CKT-1011	2025-10-19T23:00:00Z	61.1	6.7	9.1	0.088	49	0
CKT-1011	2025-10-20T00:00:00Z	60.6	6.6	10.5	0.116	56	0
CKT-1011	2025-10-20T01:00:00Z	60.8	7.1	9.8	0.089	57	0
CKT-1011	2025-10-20T02:00:00Z	61.7	7.4	9.6	0.124	45	0
CKT-1011	2025-10-20T03:00:00Z	64	7.2	10.2	0.16	55	0
CKT-1011	2025-10-20T04:00:00Z	63.6	6.1	9.8	0.117	53	0
CKT-1011	2025-10-20T05:00:00Z	63	6.2	10.2	0.112	49	0
CKT-1011	2025-10-20T06:00:00Z	60.5	7.3	10.6	0.185	54	0
CKT-1011	2025-10-20T07:00:00Z	62.6	7.5	9.8	0.133	51	0
CKT-1011	2025-10-20T08:00:00Z	60.3	7	10.1	0.159	44	0
CKT-1011	2025-10-20T09:00:00Z	64.5	7	11.4	0.162	46	0
CKT-1011	2025-10-20T10:00:00Z	63.7	6.2	11	0.178	62	0
CKT-1011	2025-10-20T11:00:00Z	63.4	6.8	10.7	0.176	51	0
CKT-1011	2025-10-20T12:00:00Z	64.6	7.7	10.7	0.196	52	0
CKT-1011	2025-10-20T13:00:00Z	64.9	6.8	12.4	0.165	51	0
CKT-1011	2025-10-20T14:00:00Z	64.1	8.1	11.7	0.173	52	0
CKT-1011	2025-10-20T15:00:00Z	65.9	6.7	11.8	0.199	51	0
CKT-1011	2025-10-20T16:00:00Z	65.7	7.3	11.6	0.197	46	0
CKT-1011	2025-10-20T17:00:00Z	68.6	6.4	11.8	0.194	58	0
CKT-1011	2025-10-20T18:00:00Z	65	6.6	11.2	0.212	43	0
CKT-1011	2025-10-20T19:00:00Z	65.9	5.7	12	0.201	42	0
CKT-1011	2025-10-20T20:00:00Z	68.5	6.2	12.4	0.202	58	0
CKT-1011	2025-10-20T21:00:00Z	68.3	6.4	11.6	0.233	48	0
CKT-1011	2025-10-20T22:00:00Z	67.2	7.8	11.8	0.227	54	0
CKT-1011	2025-10-20T23:00:00Z	68.9	6.9	12.1	0.195	44	0
CKT-1011	2025-10-21T00:00:00Z	68.5	6.9	12.4	0.256	44	0
CKT-1011	2025-10-21T01:00:00Z	67.9	7.1	12.2	0.269	54	0
CKT-1011	2025-10-21T02:00:00Z	69	8.1	11.9	0.245	51	0
CKT-1011	2025-10-21T03:00:00Z	67.5	7.2	12.2	0.264	55	0
CKT-1011	2025-10-21T04:00:00Z	69.5	5.9	12.4	0.266	50	0
CKT-1011	2025-10-21T05:00:00Z	65.4	7.7	13	0.243	54	0
CKT-1011	2025-10-21T06:00:00Z	68.7	6.6	13.2	0.3	58	0
CKT-1011	2025-10-21T07:00:00Z	70.5	7.3	13.6	0.244	53	0
CKT-1011	2025-10-21T08:00:00Z	69.1	7.2	13.2	0.284	50	0
CKT-1011	2025-10-21T09:00:00Z	65.9	7.1	13.7	0.288	49	0
CKT-1011	2025-10-21T10:00:00Z	73.3	7.2	13.7	0.305	51	0
CKT-1011	2025-10-21T11:00:00Z	69.7	5.5	13.4	0.304	48	0
CKT-1012	2025-10-19T12:00:00Z	34.6	5.2	10.5	0	190	0
CKT-1012	2025-10-19T13:00:00Z	34.8	4.1	10.6	0	198	0
CKT-1012	2025-10-19T14:00:00Z	34.8	4.3	10.5	0	190	0
CKT-1012	2025-10-19T15:00:00Z	34.1	3.7	11.2	0	190	0
CKT-1012	2025-10-19T16:00:00Z	34.2	5.5	10.4	0	192	0
CKT-1012	2025-10-19T17:00:00Z	36.7	2.6	10.1	0	199	0
CKT-1012	2025-10-19T18:00:00Z	32.7	4.3	10.7	0	208	0
CKT-1012	2025-10-19T19:00:00Z	35.1	4	11.1	0	195	0
CKT-1012	2025-10-19T20:00:00Z	32.1	3.3	10.3	0	204	0
CKT-1012	2025-10-19T21:00:00Z	33.1	2.4	10.3	0	201	0
CKT-1012	2025-10-19T22:00:00Z	37.3	3.9	11.3	0	206	0
CKT-1012	2025-10-19T23:00:00Z	34	4.3	10.5	0	207	0
CKT-1012	2025-10-20T00:00:00Z	34	4.9	11.1	0	211	0
CKT-1012	2025-10-20T01:00:00Z	35.4	3.8	11	0	208	0
CKT-1012	2025-10-20T02:00:00Z	33.3	4.1	11.3	0	227	0
CKT-1012	2025-10-20T03:00:00Z	37.2	5.1	11.4	0.036	213	0
CKT-1012	2025-10-20T04:00:00Z	32.2	4	11.4	0.011	220	0
CKT-1012	2025-10-20T05:00:00Z	38.2	4.5	11.5	0	215	0
CKT-1012	2025-10-20T06:00:00Z	38.8	4.3	10.8	0.012	219	0
CKT-1012	2025-10-20T07:00:00Z	35.5	3.5	10.5	0.029	222	0
CKT-1012	2025-10-20T08:00:00Z	38.4	4.5	11.4	0.026	226	0
CKT-1012	2025-10-20T09:00:00Z	37.5	4.7	11.2	0.071	229	0
CKT-1012	2025-10-20T10:00:00Z	38.3	4	10.4	0.064	234	0
CKT-1012	2025-10-20T11:00:00Z	38.1	4.5	11.2	0.051	235	0
CKT-1012	2025-10-20T12:00:00Z	38.1	4	12	0.057	232	0
CKT-1012	2025-10-20T13:00:00Z	40.1	4.8	11.3	0.089	237	0
CKT-1012	2025-10-20T14:00:00Z	33.7	3.7	11.5	0.085	240	0
CKT-1012	2025-10-20T15:00:00Z	39.6	4.1	11	0.107	239	0
CKT-1012	2025-10-20T16:00:00Z	37.9	4.1	12.7	0.064	241	0
CKT-1012	2025-10-20T17:00:00Z	38.3	3.8	12.1	0.134	244	0
CKT-1012	2025-10-20T18:00:00Z	38.1	4.2	11.6	0.124	246	0
CKT-1012	2025-10-20T19:00:00Z	39	4.7	11.1	0.113	240	0
CKT-1012	2025-10-20T20:00:00Z	40.1	4.4	12	0.114	259	0
CKT-1012	2025-10-20T21:00:00Z	38.1	4.4	12.2	0.131	250	0
CKT-1012	2025-10-20T22:00:00Z	39.4	6	12	0.192	261	0
CKT-1012	2025-10-20T23:00:00Z	39.9	3.7	12.4	0.138	265	0
CKT-1012	2025-10-21T00:00:00Z	39.8	2.7	11.7	0.189	257	0
CKT-1012	2025-10-21T01:00:00Z	40.7	3.8	11.3	0.183	261	0
CKT-1012	2025-10-21T02:00:00Z	39.3	5	11.6	0.2	263	0
CKT-1012	2025-10-21T03:00:00Z	37.7	3.5	12	0.241	267	0
CKT-1012	2025-10-21T04:00:00Z	37.6	2.4	12.4	0.208	272	0
CKT-1012	2025-10-21T05:00:00Z	39	4.5	12.5	0.21	266	0
CKT-1012	2025-10-21T06:00:00Z	40.5	4.6	12.2	0.246	268	0
CKT-1012	2025-10-21T07:00:00Z	38.7	5.5	11.9	0.224	272	0
CKT-1012	2025-10-21T08:00:00Z	40.9	4.1	12.2	0.243	275	0
CKT-1012	2025-10-21T09:00:00Z	37.5	5.4	12.2	0.264	270	0
CKT-1012	2025-10-21T10:00:00Z	40.5	3.9	13.1	0.249	282	0
CKT-1012	2025-10-21T11:00:00Z	40.4	4	12.3	0.295	271	0
CKT-1013	2025-10-19T12:00:00Z	47	13.1	3.3	0.066	30	0
CKT-1013	2025-10-19T13:00:00Z	46.2	13.5	4.2	0.106	32	0
CKT-1013	2025-10-19T14:00:00Z	46.1	12.8	3.5	0.131	27	0
CKT-1013	2025-10-19T15:00:00Z	45.6	13.7	2.7	0.074	33	0
CKT-1013	2025-10-19T16:00:00Z	45.4	12	3.6	0.096	38	0
CKT-1013	2025-10-19T17:00:00Z	44.3	13	2.8	0.073	46	0
CKT-1013	2025-10-19T18:00:00Z	45.6	12.3	3.2	0.049	30	0
CKT-1013	2025-10-19T19:00:00Z	43.8	12.7	3.4	0.084	38	0
CKT-1013	2025-10-19T20:00:00Z	43.5	12.6	3	0.057	34	0
CKT-1013	2025-10-19T21:00:00Z	45.7	12.8	2.8	0.098	35	0
CKT-1013	2025-10-19T22:00:00Z	46.7	13.3	1.9	0.04	31	0
CKT-1013	2025-10-19T23:00:00Z	43.5	12.9	2.8	0.084	37	0
CKT-1013	2025-10-20T00:00:00Z	43.9	11.7	2.4	0.056	36	0
CKT-1013	2025-10-20T01:00:00Z	47.6	13.7	2.6	0.033	33	0
CKT-1013	2025-10-20T02:00:00Z	44.2	12.5	2.3	0.056	30	0
CKT-1013	2025-10-20T03:00:00Z	45.9	13	1.1	0.044	37	0
CKT-1013	2025-10-20T04:00:00Z	45.5	12.8	2.3	0.046	29	0
CKT-1013	2025-10-20T05:00:00Z	41.7	13.6	2.3	0.045	43	0
CKT-1013	2025-10-20T06:00:00Z	45.3	13.4	1.1	0.07	38	0
CKT-1013	2025-10-20T07:00:00Z	43	12.6	1.6	0	39	0
CKT-1013	2025-10-20T08:00:00Z	42	13.2	1.1	0.023	32	0
CKT-1013	2025-10-20T09:00:00Z	43	14.1	1.9	0.032	35	0
CKT-1013	2025-10-20T10:00:00Z	44.4	13.6	0.7	0.02	26	0
CKT-1013	2025-10-20T11:00:00Z	44.7	14.2	1	0	39	0
CKT-1013	2025-10-20T12:00:00Z	41.5	12.6	1.1	0.019	33	0
CKT-1013	2025-10-20T13:00:00Z	41.7	13	0.5	0	34	0
CKT-1013	2025-10-20T14:00:00Z	43	12.9	0	0.027	22	0
CKT-1013	2025-10-20T15:00:00Z	41.7	12.6	0.5	0.015	41	0
CKT-1013	2025-10-20T16:00:00Z	41.2	13.3	0.4	0	45	0
CKT-1013	2025-10-20T17:00:00Z	39.9	13.2	0.4	0.003	33	0
CKT-1013	2025-10-20T18:00:00Z	43.2	12	0	0	32	0
CKT-1013	2025-10-20T19:00:00Z	42.4	13.6	0	0.006	36	0
CKT-1013	2025-10-20T20:00:00Z	40.3	12.8	0	0	38	0
CKT-1013	2025-10-20T21:00:00Z	41.9	12	0	0	31	0
CKT-1013	2025-10-20T22:00:00Z	41.8	13.4	0	0	44	0
CKT-1013	2025-10-20T23:00:00Z	41.7	12.7	0	0	30	0
CKT-1013	2025-10-21T00:00:00Z	42.4	12.5	0	0	30	0
CKT-1013	2025-10-21T01:00:00Z	40.3	11.4	0	0	40	0
CKT-1013	2025-10-21T02:00:00Z	37.9	13.7	0	0	35	0
CKT-1013	2025-10-21T03:00:00Z	42.1	12.1	0	0	27	0
CKT-1013	2025-10-21T04:00:00Z	38.8	13	0	0	26	0
CKT-1013	2025-10-21T05:00:00Z	37.1	13.8	0	0	35	0
CKT-1013	2025-10-21T06:00:00Z	41.7	13.2	0	0	32	0
CKT-1013	2025-10-21T07:00:00Z	40.1	13	0	0	36	0
CKT-1013	2025-10-21T08:00:00Z	39.9	12.3	0	0	34	0
CKT-1013	2025-10-21T09:00:00Z	39.3	13.2	0	0	32	0
CKT-1013	2025-10-21T10:00:00Z	41.4	12.7	0	0	34	0
CKT-1013	2025-10-21T11:00:00Z	41.3	13	0	0	40	0
CKT-1014	2025-10-19T12:00:00Z	24.1	10.7	11.1	0.171	68	0
CKT-1014	2025-10-19T13:00:00Z	26.2	9.8	10.8	0.182	87	0
CKT-1014	2025-10-19T14:00:00Z	24.7	8.8	10.5	0.192	82	0
CKT-1014	2025-10-19T15:00:00Z	25.9	9.5	10.4	0.176	76	0
CKT-1014	2025-10-19T16:00:00Z	25.7	9.8	10.7	0.152	79	0
CKT-1014	2025-10-19T17:00:00Z	27.2	10.4	11	0.172	79	0
CKT-1014	2025-10-19T18:00:00Z	24.9	9.8	10.8	0.126	79	0
CKT-1014	2025-10-19T19:00:00Z	25.8	9.1	11.4	0.163	88	0
CKT-1014	2025-10-19T20:00:00Z	26.2	9.5	10.1	0.153	83	0
CKT-1014	2025-10-19T21:00:00Z	23.7	9.1	10.4	0.159	86	0
CKT-1014	2025-10-19T22:00:00Z	24.9	9.7	10.4	0.093	82	0
CKT-1014	2025-10-19T23:00:00Z	27.3	8.4	10.5	0.18	82	0
CKT-1014	2025-10-20T00:00:00Z	25.6	8.7	11.2	0.146	87	0
CKT-1014	2025-10-20T01:00:00Z	27.6	9.8	9.9	0.133	90	0
CKT-1014	2025-10-20T02:00:00Z	24.6	8.2	10.3	0.116	97	0
CKT-1014	2025-10-20T03:00:00Z	25.7	8.9	9.9	0.106	84	0
CKT-1014	2025-10-20T04:00:00Z	26.9	10.8	10.6	0.141	88	0
CKT-1014	2025-10-20T05:00:00Z	23.9	10.7	10.1	0.184	98	0
CKT-1014	2025-10-20T06:00:00Z	22.7	9	9.8	0.139	92	0
CKT-1014	2025-10-20T07:00:00Z	29.8	8.8	10.2	0.152	93	0
CKT-1014	2025-10-20T08:00:00Z	25.4	8.8	10.1	0.148	96	0
CKT-1014	2025-10-20T09:00:00Z	26	10.3	10.4	0.138	90	0
CKT-1014	2025-10-20T10:00:00Z	24.2	9.3	10	0.126	92	0
CKT-1014	2025-10-20T11:00:00Z	23.3	8.5	9.8	0.105	92	0
CKT-1014	2025-10-20T12:00:00Z	24.4	8.6	10	0.148	96	0
CKT-1014	2025-10-20T13:00:00Z	24.3	9.8	9.4	0.116	105	0
CKT-1014	2025-10-20T14:00:00Z	26.2	9.8	10.2	0.091	107	0
CKT-1014	2025-10-20T15:00:00Z	25.4	10.1	9.9	0.131	100	0
CKT-1014	2025-10-20T16:00:00Z	25.3	9.3	10.1	0.097	100	0
CKT-1014	2025-10-20T17:00:00Z	27.8	9.1	9.5	0.11	105	0
CKT-1014	2025-10-20T18:00:00Z	23.6	9.3	10	0.112	108	0
CKT-1014	2025-10-20T19:00:00Z	25.9	10.1	9.5	0.19	111	0
CKT-1014	2025-10-20T20:00:00Z	25.1	8.9	9.4	0.152	115	0
CKT-1014	2025-10-20T21:00:00Z	26.7	9.9	8.8	0.132	101	0
CKT-1014	2025-10-20T22:00:00Z	22.2	9.6	9.6	0.139	111	0
CKT-1014	2025-10-20T23:00:00Z	25.2	8.9	9.2	0.09	99	0
CKT-1014	2025-10-21T00:00:00Z	25.5	9	9.7	0.141	107	0
CKT-1014	2025-10-21T01:00:00Z	25.2	9.1	8.3	0.12	109	0
CKT-1014	2025-10-21T02:00:00Z	23.6	10.6	8.4	0.124	108	0
CKT-1014	2025-10-21T03:00:00Z	25.6	9.6	9.3	0.096	110	0
CKT-1014	2025-10-21T04:00:00Z	25.5	10.5	9.3	0.096	116	0
CKT-1014	2025-10-21T05:00:00Z	27.7	9.5	9.7	0.098	115	0
CKT-1014	2025-10-21T06:00:00Z	25	9.7	8.6	0.096	121	0
CKT-1014	2025-10-21T07:00:00Z	25.8	10.4	9.8	0.113	116	0
CKT-1014	2025-10-21T08:00:00Z	26	9.9	8.4	0.089	121	0
CKT-1014	2025-10-21T09:00:00Z	23.6	9.4	9.3	0.123	126	0
CKT-1014	2025-10-21T10:00:00Z	20.9	9.6	9.1	0.076	117	0
CKT-1014	2025-10-21T11:00:00Z	22.5	9.5	9.5	0.146	117	0
CKT-1015	2025-10-19T12:00:00Z	59.2	10.2	16.2	0.373	218	0
CKT-1015	2025-10-19T13:00:00Z	58.1	8.8	15.7	0.36	214	0
CKT-1015	2025-10-19T14:00:00Z	60.2	10.3	15.9	0.366	224	0
CKT-1015	2025-10-19T15:00:00Z	59.7	9.5	16.1	0.399	216	0
CKT-1015	2025-10-19T16:00:00Z	58.3	9.7	16.2	0.375	229	0
CKT-1015	2025-10-19T17:00:00Z	61.4	9.8	16.6	0.429	229	0
CKT-1015	2025-10-19T18:00:00Z	61.3	10	17.5	0.408	236	0
CKT-1015	2025-10-19T19:00:00Z	58.6	9.6	16.8	0.415	237	0
CKT-1015	2025-10-19T20:00:00Z	58.4	9.8	17.4	0.426	237	0
CKT-1015	2025-10-19T21:00:00Z	58	10.2	17.9	0.428	237	0
CKT-1015	2025-10-19T22:00:00Z	58.7	9.4	17.1	0.441	239	0
CKT-1015	2025-10-19T23:00:00Z	56.8	9.5	17.6	0.425	252	0
CKT-1015	2025-10-20T00:00:00Z	61.1	8.9	18.2	0.411	256	0
CKT-1015	2025-10-20T01:00:00Z	57.5	10	17.9	0.444	248	0
CKT-1015	2025-10-20T02:00:00Z	59.7	9.3	18.2	0.44	265	0
CKT-1015	2025-10-20T03:00:00Z	59	10.5	18.8	0.396	265	0
CKT-1015	2025-10-20T04:00:00Z	61.3	9.8	17.7	0.451	259	0
CKT-1015	2025-10-20T05:00:00Z	59.7	10	18.8	0.424	264	0
CKT-1015	2025-10-20T06:00:00Z	60.3	10.6	19.7	0.41	272	0
CKT-1015	2025-10-20T07:00:00Z	58.6	10.6	18.3	0.431	271	0
CKT-1015	2025-10-20T08:00:00Z	60.3	10.2	19.2	0.448	270	0
CKT-1015	2025-10-20T09:00:00Z	61.6	9.9	19.7	0.438	271	0
CKT-1015	2025-10-20T10:00:00Z	60.6	10.8	19.3	0.452	278	0
CKT-1015	2025-10-20T11:00:00Z	63.4	9.4	19	0.472	276	0
CKT-1015	2025-10-20T12:00:00Z	62.8	10.4	20	0.475	288	0
CKT-1015	2025-10-20T13:00:00Z	59.5	9.9	19.3	0.478	296	0
CKT-1015	2025-10-20T14:00:00Z	63.4	10.2	20.4	0.466	292	0
CKT-1015	2025-10-20T15:00:00Z	62	9.7	20.2	0.455	293	0
CKT-1015	2025-10-20T16:00:00Z	62.4	10.5	19.7	0.493	298	0
CKT-1015	2025-10-20T17:00:00Z	61.6	10.8	20.8	0.5	313	0
CKT-1015	2025-10-20T18:00:00Z	60.6	9.4	20.2	0.483	295	0
CKT-1015	2025-10-20T19:00:00Z	61.5	9.7	21.1	0.499	306	0
CKT-1015	2025-10-20T20:00:00Z	62.8	10.4	20.5	0.486	301	0
CKT-1015	2025-10-20T21:00:00Z	60.4	9.5	21.1	0.481	313	0
CKT-1015	2025-10-20T22:00:00Z	60.4	10.1	21.4	0.512	319	0
CKT-1015	2025-10-20T23:00:00Z	60	9.6	21.2	0.499	322	0
CKT-1015	2025-10-21T00:00:00Z	64.6	10.5	21.1	0.525	328	0
CKT-1015	2025-10-21T01:00:00Z	61.4	10.5	21.6	0.487	330	0
CKT-1015	2025-10-21T02:00:00Z	63	9.8	21.9	0.505	334	0
CKT-1015	2025-10-21T03:00:00Z	62.8	10.1	22.2	0.5	329	0
CKT-1015	2025-10-21T04:00:00Z	59.7	10.3	21.6	0.53	338	0
CKT-1015	2025-10-21T05:00:00Z	64	9.3	22.3	0.564	348	0
CKT-1015	2025-10-21T06:00:00Z	64.7	10.2	22	0.549	342	0
CKT-1015	2025-10-21T07:00:00Z	64.2	9.6	22.6	0.542	347	0
CKT-1015	2025-10-21T08:00:00Z	64.2	9.6	22.2	0.575	361	0
CKT-1015	2025-10-21T09:00:00Z	64.3	9.2	22.6	0.557	358	0
CKT-1015	2025-10-21T10:00:00Z	61.9	9.9	23.3	0.568	353	0
CKT-1015	2025-10-21T11:00:00Z	61.5	10.4	23.9	0.553	360	0
CKT-1016	2025-10-19T12:00:00Z	49.3	8.1	3.8	0.115	0	0
CKT-1016	2025-10-19T13:00:00Z	50.4	8.2	4.1	0.151	0	0
CKT-1016	2025-10-19T14:00:00Z	49.8	7.2	4	0.143	0	0
CKT-1016	2025-10-19T15:00:00Z	52.1	8	4	0.155	0	0
CKT-1016	2025-10-19T16:00:00Z	49.8	7.7	3.9	0.173	0	0
CKT-1016	2025-10-19T17:00:00Z	49	7.2	4.4	0.186	0	0
CKT-1016	2025-10-19T18:00:00Z	49.9	7.5	3.7	0.187	0	0
CKT-1016	2025-10-19T19:00:00Z	50.3	8	2.8	0.175	0	0
CKT-1016	2025-10-19T20:00:00Z	50.6	5	3.9	0.231	0	0
CKT-1016	2025-10-19T21:00:00Z	52.2	5.9	4	0.199	0	0
CKT-1016	2025-10-19T22:00:00Z	50.6	8.3	3.7	0.218	0	0
CKT-1016	2025-10-19T23:00:00Z	47.1	8	4.4	0.236	0	0
CKT-1016	2025-10-20T00:00:00Z	47.6	7.1	2.7	0.222	0	0
CKT-1016	2025-10-20T01:00:00Z	47.7	8.1	3.7	0.217	0	0
CKT-1016	2025-10-20T02:00:00Z	46.9	7.4	3.4	0.238	0	0
CKT-1016	2025-10-20T03:00:00Z	50.2	7.4	3.5	0.262	0	0
CKT-1016	2025-10-20T04:00:00Z	50.3	7.5	3	0.26	0	0
CKT-1016	2025-10-20T05:00:00Z	50.4	7.6	3.1	0.25	0	0
CKT-1016	2025-10-20T06:00:00Z	47.3	7.8	3.3	0.28	0	0
CKT-1016	2025-10-20T07:00:00Z	52.6	7.4	2.8	0.251	0	0
CKT-1016	2025-10-20T08:00:00Z	52	8.4	3.5	0.26	9	0
CKT-1016	2025-10-20T09:00:00Z	49.2	7.4	3.8	0.298	12	0
CKT-1016	2025-10-20T10:00:00Z	50.1	7.4	2.8	0.255	0	0
CKT-1016	2025-10-20T11:00:00Z	51.4	8	3.1	0.279	4	0
CKT-1016	2025-10-20T12:00:00Z	51.2	7.9	3.1	0.29	8	0
CKT-1016	2025-10-20T13:00:00Z	44.9	7.8	4.3	0.283	3	0
CKT-1016	2025-10-20T14:00:00Z	49.6	7.3	3.4	0.33	6	0
CKT-1016	2025-10-20T15:00:00Z	50.8	7.6	4.5	0.331	7	0
CKT-1016	2025-10-20T16:00:00Z	47	7.3	3.4	0.308	0	0
CKT-1016	2025-10-20T17:00:00Z	49.6	8.4	2.8	0.335	0	0
CKT-1016	2025-10-20T18:00:00Z	50.2	8	1.9	0.372	13	0
CKT-1016	2025-10-20T19:00:00Z	51.2	7.9	3.1	0.367	15	0
CKT-1016	2025-10-20T20:00:00Z	46.8	6.7	2.3	0.361	13	0
CKT-1016	2025-10-20T21:00:00Z	49.9	8.3	3.2	0.353	14	0
CKT-1016	2025-10-20T22:00:00Z	48.2	7.5	2.8	0.309	26	0
CKT-1016	2025-10-20T23:00:00Z	50.3	7.2	3.6	0.378	15	0
CKT-1016	2025-10-21T00:00:00Z	48.7	8.6	2.5	0.395	22	0
CKT-1016	2025-10-21T01:00:00Z	50.3	7.6	3.1	0.45	18	0
CKT-1016	2025-10-21T02:00:00Z	49.5	7.7	3.1	0.394	16	0
CKT-1016	2025-10-21T03:00:00Z	47	6.9	2.2	0.412	27	0
CKT-1016	2025-10-21T04:00:00Z	50.1	7	2	0.448	25	0
CKT-1016	2025-10-21T05:00:00Z	49.3	7.3	2.9	0.408	22	0
CKT-1016	2025-10-21T06:00:00Z	52.7	7.7	1.9	0.443	19	0
CKT-1016	2025-10-21T07:00:00Z	47.2	8	2.8	0.436	21	0
CKT-1016	2025-10-21T08:00:00Z	47.8	7.5	2	0.429	33	0
CKT-1016	2025-10-21T09:00:00Z	49.9	7.9	2.7	0.471	22	0
CKT-1016	2025-10-21T10:00:00Z	49.6	7.4	2.4	0.47	24	0
CKT-1016	2025-10-21T11:00:00Z	47.2	7.7	2	0.432	29	0
CKT-1017	2025-10-19T12:00:00Z	78.1	3	17.8	0.312	0	0
CKT-1017	2025-10-19T13:00:00Z	80.5	2.3	18.5	0.323	7	0
CKT-1017	2025-10-19T14:00:00Z	82.9	3.1	19.6	0.325	0	0
CKT-1017	2025-10-19T15:00:00Z	83.6	3.1	19.5	0.284	0	0
CKT-1017	2025-10-19T16:00:00Z	82	2.9	19.5	0.336	6	0
CKT-1017	2025-10-19T17:00:00Z	84.6	3.2	19.3	0.323	0	0
CKT-1017	2025-10-19T18:00:00Z	80.7	2.3	20.8	0.323	10	0
CKT-1017	2025-10-19T19:00:00Z	83.8	3.9	20.5	0.314	0	0
CKT-1017	2025-10-19T20:00:00Z	85.5	2.2	20.4	0.339	5	0
CKT-1017	2025-10-19T21:00:00Z	85.9	2.3	21.1	0.312	3	0
CKT-1017	2025-10-19T22:00:00Z	86.9	2.7	22.4	0.331	0	0
CKT-1017	2025-10-19T23:00:00Z	86.1	3.5	22.7	0.337	0	0
CKT-1017	2025-10-20T00:00:00Z	84.9	2.8	22.9	0.322	2	0
CKT-1017	2025-10-20T01:00:00Z	85.6	2.3	22.3	0.316	8	0
CKT-1017	2025-10-20T02:00:00Z	85.5	2.5	22.3	0.328	6	0
CKT-1017	2025-10-20T03:00:00Z	88.7	2.6	23.3	0.311	2	0
CKT-1017	2025-10-20T04:00:00Z	87.1	2.5	23.4	0.323	0	0
CKT-1017	2025-10-20T05:00:00Z	86.6	3.5	25	0.29	0	0
CKT-1017	2025-10-20T06:00:00Z	85.8	2.4	24.4	0.326	0	0
CKT-1017	2025-10-20T07:00:00Z	88.4	2.1	24.2	0.313	0	0
CKT-1017	2025-10-20T08:00:00Z	86.2	1.8	25	0.319	3	0
CKT-1017	2025-10-20T09:00:00Z	85.6	1.6	25.3	0.258	6	0
CKT-1017	2025-10-20T10:00:00Z	85.9	3	24.8	0.335	16	0
CKT-1017	2025-10-20T11:00:00Z	85.6	2.9	24.7	0.323	0	0
CKT-1017	2025-10-20T12:00:00Z	89.5	1.9	26.3	0.285	6	0
CKT-1017	2025-10-20T13:00:00Z	89.1	1.6	27	0.313	9	0
CKT-1017	2025-10-20T14:00:00Z	91.9	2	26.5	0.317	7	0
CKT-1017	2025-10-20T15:00:00Z	91	2.6	26.8	0.313	6	0
CKT-1017	2025-10-20T16:00:00Z	90.7	2.2	26.9	0.303	0	0
CKT-1017	2025-10-20T17:00:00Z	90	3.4	27.4	0.328	0	0
CKT-1017	2025-10-20T18:00:00Z	92.3	2.4	27.6	0.318	0	0
CKT-1017	2025-10-20T19:00:00Z	88.6	3	28.3	0.308	0	0
CKT-1017	2025-10-20T20:00:00Z	89.9	2.6	29.3	0.319	0	0
CKT-1017	2025-10-20T21:00:00Z	92.8	2.4	29.2	0.327	0	0
CKT-1017	2025-10-20T22:00:00Z	93.6	1.9	28.4	0.311	2	0
CKT-1017	2025-10-20T23:00:00Z	90.7	2.9	29.8	0.316	0	0
CKT-1017	2025-10-21T00:00:00Z	92	3.1	29	0.336	0	0
CKT-1017	2025-10-21T01:00:00Z	93.7	1.5	30	0.327	0	0
CKT-1017	2025-10-21T02:00:00Z	94.9	2.5	30.1	0.332	0	0
CKT-1017	2025-10-21T03:00:00Z	95	3.4	31.5	0.323	0	0
CKT-1017	2025-10-21T04:00:00Z	93.9	2.3	31.3	0.299	3	0
CKT-1017	2025-10-21T05:00:00Z	98.4	2.4	30.7	0.288	3	1
CKT-1017	2025-10-21T06:00:00Z	95.5	3	31.5	0.332	0	1
CKT-1017	2025-10-21T07:00:00Z	94.8	2.2	31.4	0.355	0	1
CKT-1017	2025-10-21T08:00:00Z	97.2	2.2	31.8	0.31	5	1
CKT-1017	2025-10-21T09:00:00Z	95.8	2	32.8	0.325	8	1
CKT-1017	2025-10-21T10:00:00Z	97.5	2.9	33.4	0.292	0	1
CKT-1017	2025-10-21T11:00:00Z	95.7	1.7	33.7	0.321	0	1
CKT-1018	2025-10-19T12:00:00Z	42.1	10.8	1.3	0.429	0	0
CKT-1018	2025-10-19T13:00:00Z	42.3	11.8	0.5	0.406	0	0
CKT-1018	2025-10-19T14:00:00Z	43.7	12.2	1.8	0.393	0	0
CKT-1018	2025-10-19T15:00:00Z	42.6	11.4	1.1	0.397	0	0
CKT-1018	2025-10-19T16:00:00Z	42.8	11.7	1.6	0.454	0	0
CKT-1018	2025-10-19T17:00:00Z	40.9	11.5	1.8	0.406	0	0
CKT-1018	2025-10-19T18:00:00Z	42.3	12.5	1.4	0.378	0	0
CKT-1018	2025-10-19T19:00:00Z	40.7	12.8	2.8	0.417	0	0
CKT-1018	2025-10-19T20:00:00Z	40.5	10.8	2.9	0.405	0	0
CKT-1018	2025-10-19T21:00:00Z	40.3	11.5	2.7	0.411	0	0
CKT-1018	2025-10-19T22:00:00Z	41.4	11.6	2.3	0.349	0	0
CKT-1018	2025-10-19T23:00:00Z	42.1	12.6	3.2	0.427	4	0
CKT-1018	2025-10-20T00:00:00Z	41.1	11.4	3	0.372	0	0
CKT-1018	2025-10-20T01:00:00Z	41.2	11.2	3	0.359	13	0
CKT-1018	2025-10-20T02:00:00Z	41.6	12.9	2.8	0.373	14	0
CKT-1018	2025-10-20T03:00:00Z	40.1	11.8	3.5	0.38	22	0
CKT-1018	2025-10-20T04:00:00Z	40.7	12	4.4	0.322	29	0
CKT-1018	2025-10-20T05:00:00Z	41.1	12.4	3.3	0.367	28	0
CKT-1018	2025-10-20T06:00:00Z	40.2	11.8	4	0.371	26	0
CKT-1018	2025-10-20T07:00:00Z	35.6	11.6	5	0.329	43	0
CKT-1018	2025-10-20T08:00:00Z	38.4	10.8	4.9	0.367	58	0
CKT-1018	2025-10-20T09:00:00Z	36.2	11.5	5.4	0.337	53	0
CKT-1018	2025-10-20T10:00:00Z	35.5	11.5	5.6	0.372	56	0
CKT-1018	2025-10-20T11:00:00Z	36.1	12.5	5	0.361	64	0
CKT-1018	2025-10-20T12:00:00Z	35.5	10.6	6.3	0.34	75	0
CKT-1018	2025-10-20T13:00:00Z	34.3	11.2	6.4	0.373	76	0
CKT-1018	2025-10-20T14:00:00Z	36	11.5	6	0.338	84	0
CKT-1018	2025-10-20T15:00:00Z	33.5	12.5	6	0.349	88	0
CKT-1018	2025-10-20T16:00:00Z	34.2	11.4	6.3	0.364	86	0
CKT-1018	2025-10-20T17:00:00Z	33.7	11.6	7	0.342	104	0
CKT-1018	2025-10-20T18:00:00Z	33.3	11.5	6.7	0.315	94	0
CKT-1018	2025-10-20T19:00:00Z	32.4	12.3	6.9	0.329	111	0
CKT-1018	2025-10-20T20:00:00Z	35.2	12.4	6.7	0.326	119	0
CKT-1018	2025-10-20T21:00:00Z	32.9	11.5	7.7	0.354	112	0
CKT-1018	2025-10-20T22:00:00Z	32.5	12.2	6.9	0.331	114	0
CKT-1018	2025-10-20T23:00:00Z	30.4	11.3	8	0.322	121	0
CKT-1018	2025-10-21T00:00:00Z	31.6	10.9	8.1	0.349	129	0
CKT-1018	2025-10-21T01:00:00Z	30.8	11.8	7.1	0.334	150	0
CKT-1018	2025-10-21T02:00:00Z	30.6	11.6	8.7	0.354	144	0
CKT-1018	2025-10-21T03:00:00Z	27.2	12	9.8	0.331	139	0
CKT-1018	2025-10-21T04:00:00Z	30.6	10.9	9.3	0.297	150	0
CKT-1018	2025-10-21T05:00:00Z	28.5	11.3	9.6	0.316	152	0
CKT-1018	2025-10-21T06:00:00Z	27.7	10.5	8.4	0.314	164	0
CKT-1018	2025-10-21T07:00:00Z	28.3	12.6	8.9	0.304	159	0
CKT-1018	2025-10-21T08:00:00Z	30.3	12.9	8.6	0.3	176	0
CKT-1018	2025-10-21T09:00:00Z	26.3	12	10.3	0.306	177	0
CKT-1018	2025-10-21T10:00:00Z	30.7	12.8	9.8	0.291	175	0
CKT-1018	2025-10-21T11:00:00Z	29.2	10.8	9.9	0.301	182	0
CKT-1019	2025-10-19T12:00:00Z	54.1	15.3	10.4	0.279	55	0
CKT-1019	2025-10-19T13:00:00Z	58.7	16.2	11.5	0.256	65	0
CKT-1019	2025-10-19T14:00:00Z	55.7	15.6	12.5	0.281	60	0
CKT-1019	2025-10-19T15:00:00Z	58	16.2	12.4	0.259	72	0
CKT-1019	2025-10-19T16:00:00Z	56.3	17.2	12.5	0.293	65	0
CKT-1019	2025-10-19T17:00:00Z	58.9	15.7	13.4	0.315	60	0
CKT-1019	2025-10-19T18:00:00Z	57.4	15.9	13.1	0.314	56	0
CKT-1019	2025-10-19T19:00:00Z	56	17.2	13.9	0.324	59	0
CKT-1019	2025-10-19T20:00:00Z	57.7	15.8	13.9	0.247	65	0
CKT-1019	2025-10-19T21:00:00Z	58.1	16.2	14	0.266	65	0
CKT-1019	2025-10-19T22:00:00Z	55.9	16.5	15.6	0.315	54	0
CKT-1019	2025-10-19T23:00:00Z	57	16.5	14.8	0.259	63	0
CKT-1019	2025-10-20T00:00:00Z	57.9	17.4	15.1	0.312	55	0
CKT-1019	2025-10-20T01:00:00Z	56.4	16.7	16	0.271	62	0
CKT-1019	2025-10-20T02:00:00Z	56	16.1	16.2	0.282	60	0
CKT-1019	2025-10-20T03:00:00Z	56.5	15.8	17	0.294	56	0
CKT-1019	2025-10-20T04:00:00Z	57.8	15.3	16	0.321	61	0
CKT-1019	2025-10-20T05:00:00Z	61.2	16.2	16.8	0.308	48	0
CKT-1019	2025-10-20T06:00:00Z	58.7	16.2	17.9	0.316	56	0
CKT-1019	2025-10-20T07:00:00Z	60.4	16.1	17	0.302	60	0
CKT-1019	2025-10-20T08:00:00Z	60.9	16.4	17.9	0.317	67	0
CKT-1019	2025-10-20T09:00:00Z	59.9	17.1	18.4	0.304	68	0
CKT-1019	2025-10-20T10:00:00Z	58.7	16.2	19.3	0.335	61	0
CKT-1019	2025-10-20T11:00:00Z	58.2	17.1	19.2	0.31	60	0
CKT-1019	2025-10-20T12:00:00Z	59.5	16.2	18.7	0.308	63	0
CKT-1019	2025-10-20T13:00:00Z	58.5	16.8	20	0.326	60	0
CKT-1019	2025-10-20T14:00:00Z	60.3	16.3	19.1	0.321	62	0
CKT-1019	2025-10-20T15:00:00Z	63.1	17.1	20.4	0.314	62	0
CKT-1019	2025-10-20T16:00:00Z	57.8	15.2	19.9	0.31	51	0
CKT-1019	2025-10-20T17:00:00Z	58.6	16.1	20.6	0.299	60	0
CKT-1019	2025-10-20T18:00:00Z	62.1	16.6	20.7	0.312	61	0
CKT-1019	2025-10-20T19:00:00Z	58.5	15.8	21.9	0.306	56	0
CKT-1019	2025-10-20T20:00:00Z	59.6	16.3	20.7	0.315	66	0
CKT-1019	2025-10-20T21:00:00Z	60.5	17.6	22.6	0.346	76	0
CKT-1019	2025-10-20T22:00:00Z	61	16.3	22.8	0.308	62	0
CKT-1019	2025-10-20T23:00:00Z	59	16.5	22.3	0.307	64	0
CKT-1019	2025-10-21T00:00:00Z	59.9	15.1	22.3	0.299	57	0
CKT-1019	2025-10-21T01:00:00Z	60.8	16.4	23.8	0.338	67	0
CKT-1019	2025-10-21T02:00:00Z	61.2	16.4	24.2	0.343	63	0
CKT-1019	2025-10-21T03:00:00Z	62.3	14.8	23.8	0.32	67	0
CKT-1019	2025-10-21T04:00:00Z	62.8	15.4	25	0.304	56	0
CKT-1019	2025-10-21T05:00:00Z	60.2	16	23.8	0.342	65	0
CKT-1019	2025-10-21T06:00:00Z	62.2	16	24.9	0.329	70	0
CKT-1019	2025-10-21T07:00:00Z	56.5	15.7	25.3	0.31	60	0
CKT-1019	2025-10-21T08:00:00Z	60.6	15.8	25.6	0.345	60	0
CKT-1019	2025-10-21T09:00:00Z	60.2	16.1	25.9	0.299	64	0
CKT-1019	2025-10-21T10:00:00Z	60.3	17	26.5	0.359	56	0
CKT-1019	2025-10-21T11:00:00Z	60.5	15.5	26.2	0.362	69	0
CKT-1020	2025-10-19T12:00:00Z	88.4	1.2	0.1	0.388	107	0
CKT-1020	2025-10-19T13:00:00Z	88.6	1	0.2	0.405	115	0
CKT-1020	2025-10-19T14:00:00Z	89.4	1.7	0	0.388	109	0
CKT-1020	2025-10-19T15:00:00Z	88	1	0.8	0.418	113	0
CKT-1020	2025-10-19T16:00:00Z	89.2	1.1	0.5	0.375	118	0
CKT-1020	2025-10-19T17:00:00Z	88.2	1.4	0	0.354	117	0
CKT-1020	2025-10-19T18:00:00Z	88.2	1	1	0.417	127	0
CKT-1020	2025-10-19T19:00:00Z	88.3	1.7	0	0.404	125	0
CKT-1020	2025-10-19T20:00:00Z	90.5	1.2	0	0.406	137	0
CKT-1020	2025-10-19T21:00:00Z	88	1	0	0.417	137	0
CKT-1020	2025-10-19T22:00:00Z	87.7	1	0.1	0.408	141	0
CKT-1020	2025-10-19T23:00:00Z	88.7	1.4	0.4	0.424	145	0
CKT-1020	2025-10-20T00:00:00Z	87.6	1	0	0.415	147	0
CKT-1020	2025-10-20T01:00:00Z	88.6	1	0	0.433	152	0
CKT-1020	2025-10-20T02:00:00Z	87.3	1	0.3	0.446	156	0
CKT-1020	2025-10-20T03:00:00Z	88.2	1.6	0	0.459	175	0
CKT-1020	2025-10-20T04:00:00Z	84.5	1	0	0.416	164	0
CKT-1020	2025-10-20T05:00:00Z	89.8	1	0	0.42	173	0
CKT-1020	2025-10-20T06:00:00Z	86.9	1	1	0.412	174	0
CKT-1020	2025-10-20T07:00:00Z	88.1	1.3	0.9	0.438	171	0
CKT-1020	2025-10-20T08:00:00Z	86.6	1	0	0.394	187	0
CKT-1020	2025-10-20T09:00:00Z	87.1	1.9	0.9	0.425	189	0
CKT-1020	2025-10-20T10:00:00Z	86.9	1.4	0	0.409	189	0
CKT-1020	2025-10-20T11:00:00Z	88.1	1	0.5	0.417	203	0
CKT-1020	2025-10-20T12:00:00Z	86.8	2	0	0.434	196	0
CKT-1020	2025-10-20T13:00:00Z	88.3	1.5	0.7	0.46	200	0
CKT-1020	2025-10-20T14:00:00Z	89.1	1	0	0.415	204	0
CKT-1020	2025-10-20T15:00:00Z	89.3	1	0	0.47	216	0
CKT-1020	2025-10-20T16:00:00Z	88	1	0.2	0.395	220	0
CKT-1020	2025-10-20T17:00:00Z	88.6	2.1	0	0.461	218	0
CKT-1020	2025-10-20T18:00:00Z	88.5	1	0.3	0.458	231	0
CKT-1020	2025-10-20T19:00:00Z	90.5	1	0	0.418	234	0
CKT-1020	2025-10-20T20:00:00Z	87.9	1.9	0.2	0.454	229	0
CKT-1020	2025-10-20T21:00:00Z	90	1	0	0.463	234	0
CKT-1020	2025-10-20T22:00:00Z	87.9	1.4	0	0.46	236	0
CKT-1020	2025-10-20T23:00:00Z	87.3	2	0.7	0.47	241	0
CKT-1020	2025-10-21T00:00:00Z	88.7	1.8	0	0.441	256	0
CKT-1020	2025-10-21T01:00:00Z	89.1	2.1	0	0.466	261	0
CKT-1020	2025-10-21T02:00:00Z	89.2	1	0	0.479	251	0
CKT-1020	2025-10-21T03:00:00Z	89.1	1	0.7	0.482	258	0
CKT-1020	2025-10-21T04:00:00Z	87.5	1.9	0	0.438	254	0
CKT-1020	2025-10-21T05:00:00Z	88.3	1	0	0.477	265	0
CKT-1020	2025-10-21T06:00:00Z	89.8	1	0	0.502	269	0
CKT-1020	2025-10-21T07:00:00Z	89.9	1	0.6	0.456	280	0
CKT-1020	2025-10-21T08:00:00Z	89.2	1.4	0.2	0.458	284	0
CKT-1020	2025-10-21T09:00:00Z	88.2	1.5	0	0.475	280	0
CKT-1020	2025-10-21T10:00:00Z	89.5	1	0	0.471	284	0
CKT-1020	2025-10-21T11:00:00Z	89.4	1.1	0	0.469	285	0
CKT-1021	2025-10-19T12:00:00Z	22.7	1.6	2.3	0	0	0
CKT-1021	2025-10-19T13:00:00Z	23.3	1	3.6	0	0	0
CKT-1021	2025-10-19T14:00:00Z	22	1.4	3	0	0	0
CKT-1021	2025-10-19T15:00:00Z	23.1	1	1.6	0.021	0	0
CKT-1021	2025-10-19T16:00:00Z	26.8	1	2.6	0	0	0
CKT-1021	2025-10-19T17:00:00Z	22.9	2	4.5	0.012	0	0
CKT-1021	2025-10-19T18:00:00Z	22.8	1.9	3.6	0	0	0
CKT-1021	2025-10-19T19:00:00Z	24.3	1.1	2.9	0.031	0	0
CKT-1021	2025-10-19T20:00:00Z	27.3	1	3.7	0	0	0
CKT-1021	2025-10-19T21:00:00Z	24.7	1	3.9	0.018	0	0
CKT-1021	2025-10-19T22:00:00Z	26	1.5	3.8	0.014	0	0
CKT-1021	2025-10-19T23:00:00Z	26.6	1	4.1	0.042	0	0
CKT-1021	2025-10-20T00:00:00Z	26.6	1	4.7	0.024	0	0
CKT-1021	2025-10-20T01:00:00Z	27.7	1	3.8	0	0	0
CKT-1021	2025-10-20T02:00:00Z	30	1	4.7	0.016	0	0
CKT-1021	2025-10-20T03:00:00Z	26.8	1	4.6	0.082	0	0
CKT-1021	2025-10-20T04:00:00Z	27.9	1.4	5.7	0.007	0	0
CKT-1021	2025-10-20T05:00:00Z	28.8	1	4.6	0.016	0	0
CKT-1021	2025-10-20T06:00:00Z	27.5	1	5.4	0.045	0	0
CKT-1021	2025-10-20T07:00:00Z	28	1	4.6	0.053	0	0
CKT-1021	2025-10-20T08:00:00Z	31.6	1.1	5.2	0.081	0	0
CKT-1021	2025-10-20T09:00:00Z	29.7	1	5.1	0.054	0	0
CKT-1021	2025-10-20T10:00:00Z	28.2	1	5.5	0.062	0	0
CKT-1021	2025-10-20T11:00:00Z	34.5	1.5	6.2	0.078	5	0
CKT-1021	2025-10-20T12:00:00Z	34.8	1.6	5.9	0.062	0	0
CKT-1021	2025-10-20T13:00:00Z	31.9	1.4	5.3	0.066	0	0
CKT-1021	2025-10-20T14:00:00Z	35.4	1	6	0.102	7	0
CKT-1021	2025-10-20T15:00:00Z	35.4	1	7.1	0.098	10	0
CKT-1021	2025-10-20T16:00:00Z	35.7	1	5.9	0.108	2	0
CKT-1021	2025-10-20T17:00:00Z	34.9	1.3	7.1	0.051	23	0
CKT-1021	2025-10-20T18:00:00Z	33.6	1	5.7	0.064	20	0
CKT-1021	2025-10-20T19:00:00Z	33.1	1.4	6.1	0.065	18	0
CKT-1021	2025-10-20T20:00:00Z	35.7	1	6.5	0.107	29	0
CKT-1021	2025-10-20T21:00:00Z	35.2	1	6.7	0.106	19	0
CKT-1021	2025-10-20T22:00:00Z	34.7	1	6.6	0.084	33	0
CKT-1021	2025-10-20T23:00:00Z	34	1	6.7	0.1	25	0
CKT-1021	2025-10-21T00:00:00Z	35.9	1	6.8	0.109	32	0
CKT-1021	2025-10-21T01:00:00Z	39.4	1.3	6.7	0.112	39	0
CKT-1021	2025-10-21T02:00:00Z	39.5	1	7.6	0.114	49	0
CKT-1021	2025-10-21T03:00:00Z	40	1.1	7.2	0.127	44	0
CKT-1021	2025-10-21T04:00:00Z	41	1	7.2	0.111	41	0
CKT-1021	2025-10-21T05:00:00Z	39.7	1	8.1	0.097	51	0
CKT-1021	2025-10-21T06:00:00Z	41	1	8.7	0.118	54	0
CKT-1021	2025-10-21T07:00:00Z	40.5	1.4	7.9	0.15	59	0
CKT-1021	2025-10-21T08:00:00Z	42.7	1.3	8.9	0.151	50	0
CKT-1021	2025-10-21T09:00:00Z	44.4	1	8.7	0.137	68	0
CKT-1021	2025-10-21T10:00:00Z	39.8	1.4	8	0.172	68	0
CKT-1021	2025-10-21T11:00:00Z	42.7	1	8.2	0.152	70	0
CKT-1022	2025-10-19T12:00:00Z	38.4	10.1	10.8	0.282	20	0
CKT-1022	2025-10-19T13:00:00Z	36.6	9.1	10.5	0.291	18	0
CKT-1022	2025-10-19T14:00:00Z	35.4	8.5	11.3	0.274	23	0
CKT-1022	2025-10-19T15:00:00Z	39	8.7	10.8	0.292	26	0
CKT-1022	2025-10-19T16:00:00Z	39.2	8.7	11.1	0.326	27	0
CKT-1022	2025-10-19T17:00:00Z	37.3	9.7	11	0.327	33	0
CKT-1022	2025-10-19T18:00:00Z	36.2	10.1	11.4	0.33	26	0
CKT-1022	2025-10-19T19:00:00Z	37.7	9.6	10.3	0.329	29	0
CKT-1022	2025-10-19T20:00:00Z	39	9.6	10	0.353	39	0
CKT-1022	2025-10-19T21:00:00Z	39.1	9.2	10.5	0.341	40	0
CKT-1022	2025-10-19T22:00:00Z	38.5	9.6	10.8	0.358	44	0
CKT-1022	2025-10-19T23:00:00Z	42.4	9	10.6	0.443	51	0
CKT-1022	2025-10-20T00:00:00Z	36.8	10	10.4	0.406	50	0
CKT-1022	2025-10-20T01:00:00Z	38.4	10.4	11.2	0.417	57	0
CKT-1022	2025-10-20T02:00:00Z	38.6	9.8	11.5	0.411	67	0
CKT-1022	2025-10-20T03:00:00Z	40.7	9.6	11	0.421	54	0
CKT-1022	2025-10-20T04:00:00Z	39.5	9.6	10.7	0.435	64	0
CKT-1022	2025-10-20T05:00:00Z	41	9.9	11	0.411	75	0
CKT-1022	2025-10-20T06:00:00Z	39.8	9.4	10.7	0.439	77	0
CKT-1022	2025-10-20T07:00:00Z	42.3	9.7	10.8	0.471	73	0
CKT-1022	2025-10-20T08:00:00Z	40.1	9.7	10.7	0.474	77	0
CKT-1022	2025-10-20T09:00:00Z	41.5	9.1	11.2	0.461	76	0
CKT-1022	2025-10-20T10:00:00Z	40	8.8	11.4	0.47	78	0
CKT-1022	2025-10-20T11:00:00Z	42.9	9.1	10.8	0.48	89	0
CKT-1022	2025-10-20T12:00:00Z	42.5	9.9	11.1	0.512	85	0
CKT-1022	2025-10-20T13:00:00Z	40.2	10.2	11.3	0.507	91	0
CKT-1022	2025-10-20T14:00:00Z	41.1	8.8	11	0.522	89	0
CKT-1022	2025-10-20T15:00:00Z	39.6	8.5	10.7	0.539	92	0
CKT-1022	2025-10-20T16:00:00Z	43	9.4	11.2	0.548	96	0
CKT-1022	2025-10-20T17:00:00Z	42.3	8.7	11.2	0.543	107	0
CKT-1022	2025-10-20T18:00:00Z	41.9	10.1	10.3	0.558	107	0
CKT-1022	2025-10-20T19:00:00Z	44.3	10.5	10.9	0.619	107	0
CKT-1022	2025-10-20T20:00:00Z	44.4	8.9	11.1	0.545	106	0
CKT-1022	2025-10-20T21:00:00Z	43.7	8.7	11.1	0.621	112	0
CKT-1022	2025-10-20T22:00:00Z	41.7	9.2	10.4	0.611	118	0
CKT-1022	2025-10-20T23:00:00Z	42.9	10.5	10.5	0.651	115	0
CKT-1022	2025-10-21T00:00:00Z	43.6	10.2	11.5	0.625	126	0
CKT-1022	2025-10-21T01:00:00Z	44.4	9.2	11.2	0.681	129	0
CKT-1022	2025-10-21T02:00:00Z	44.8	9.9	10.2	0.663	124	0
CKT-1022	2025-10-21T03:00:00Z	43.2	10.8	10.8	0.649	138	0
CKT-1022	2025-10-21T04:00:00Z	42.9	9.2	11.5	0.675	128	0
CKT-1022	2025-10-21T05:00:00Z	45.3	9.2	11.7	0.672	144	0
CKT-1022	2025-10-21T06:00:00Z	47.4	9	10.8	0.702	137	0
CKT-1022	2025-10-21T07:00:00Z	45.3	9.3	10.8	0.706	145	0
CKT-1022	2025-10-21T08:00:00Z	45.3	9.1	10.6	0.713	147	0
CKT-1022	2025-10-21T09:00:00Z	44.6	9.7	10	0.711	149	0
CKT-1022	2025-10-21T10:00:00Z	44.2	10.5	10.9	0.739	151	0
CKT-1022	2025-10-21T11:00:00Z	45.6	8.7	10.8	0.727	155	0
CKT-1023	2025-10-19T12:00:00Z	75	19	6.2	0	173	0
CKT-1023	2025-10-19T13:00:00Z	72.7	19.8	5.7	0	165	0
CKT-1023	2025-10-19T14:00:00Z	71.1	18.3	5.1	0	172	0
CKT-1023	2025-10-19T15:00:00Z	73.1	17.9	5.4	0	178	0
CKT-1023	2025-10-19T16:00:00Z	72.9	19.8	4.6	0	180	0
CKT-1023	2025-10-19T17:00:00Z	71.9	18.4	4.7	0	177	0
CKT-1023	2025-10-19T18:00:00Z	72.3	18.7	4.4	0	194	0
CKT-1023	2025-10-19T19:00:00Z	70.9	19	4.3	0	198	0
CKT-1023	2025-10-19T20:00:00Z	71.6	19.4	4.7	0	191	0
CKT-1023	2025-10-19T21:00:00Z	70	18.6	3.8	0	193	0
CKT-1023	2025-10-19T22:00:00Z	69.6	19	3.9	0	201	0
CKT-1023	2025-10-19T23:00:00Z	71.3	18.9	4.6	0	200	0
CKT-1023	2025-10-20T00:00:00Z	69.2	18.3	4.1	0	213	0
CKT-1023	2025-10-20T01:00:00Z	67	19	4.4	0	212	0
CKT-1023	2025-10-20T02:00:00Z	68.7	19.1	4.9	0	215	0
CKT-1023	2025-10-20T03:00:00Z	72.5	18.8	3.1	0	210	0
CKT-1023	2025-10-20T04:00:00Z	68.3	19.5	3.5	0	232	0
CKT-1023	2025-10-20T05:00:00Z	65	18.2	3.8	0	230	0
CKT-1023	2025-10-20T06:00:00Z	65.4	19.1	3.8	0	237	0
CKT-1023	2025-10-20T07:00:00Z	67.3	18.1	4	0	239	0
CKT-1023	2025-10-20T08:00:00Z	68.2	18.6	4.4	0.025	247	0
CKT-1023	2025-10-20T09:00:00Z	64.8	17.7	4.2	0.008	244	0
CKT-1023	2025-10-20T10:00:00Z	67.7	18.5	3.4	0.026	246	0
CKT-1023	2025-10-20T11:00:00Z	65.5	19.6	3.6	0.049	261	0
CKT-1023	2025-10-20T12:00:00Z	65.3	17.6	2.9	0.049	252	0
CKT-1023	2025-10-20T13:00:00Z	64.5	19.2	4.1	0.031	260	0
CKT-1023	2025-10-20T14:00:00Z	64.5	19.2	3.3	0.073	264	0
CKT-1023	2025-10-20T15:00:00Z	64.5	19.3	3.1	0.078	272	0
CKT-1023	2025-10-20T16:00:00Z	65.1	19.1	3.4	0.058	272	0
CKT-1023	2025-10-20T17:00:00Z	65.5	19.4	2.7	0.084	268	0
CKT-1023	2025-10-20T18:00:00Z	62.4	19.6	3.1	0.092	268	0
CKT-1023	2025-10-20T19:00:00Z	62.4	19.2	3.3	0.118	286	0
CKT-1023	2025-10-20T20:00:00Z	62.4	18.2	2.9	0.083	282	0
CKT-1023	2025-10-20T21:00:00Z	60.7	19.9	2.8	0.122	293	0
CKT-1023	2025-10-20T22:00:00Z	59.3	19.6	1.8	0.116	299	0
CKT-1023	2025-10-20T23:00:00Z	62	18.6	1.9	0.12	300	0
CKT-1023	2025-10-21T00:00:00Z	60.1	19.6	2.1	0.152	308	0
CKT-1023	2025-10-21T01:00:00Z	62.4	18.9	3.1	0.151	314	0
CKT-1023	2025-10-21T02:00:00Z	58.4	17.4	2.8	0.173	318	0
CKT-1023	2025-10-21T03:00:00Z	59.5	19.9	2.3	0.182	322	0
CKT-1023	2025-10-21T04:00:00Z	62.5	18.8	2.2	0.153	331	0
CKT-1023	2025-10-21T05:00:00Z	60.2	19.3	4	0.199	321	0
CKT-1023	2025-10-21T06:00:00Z	59	18.4	2.2	0.193	329	0
CKT-1023	2025-10-21T07:00:00Z	56.9	19.9	2.5	0.206	339	0
CKT-1023	2025-10-21T08:00:00Z	59.3	19.2	2.6	0.223	343	0
CKT-1023	2025-10-21T09:00:00Z	59.4	19.1	2.1	0.26	341	0
CKT-1023	2025-10-21T10:00:00Z	58.5	19.2	1.8	0.223	346	0
CKT-1023	2025-10-21T11:00:00Z	56.9	18.1	1.8	0.253	358	0
CKT-1024	2025-10-19T12:00:00Z	34	7.4	7.4	0.245	121	0
CKT-1024	2025-10-19T13:00:00Z	29.4	8.1	6.4	0.246	113	0
CKT-1024	2025-10-19T14:00:00Z	30.5	8.6	6	0.26	118	0
CKT-1024	2025-10-19T15:00:00Z	31.7	7.4	5.7	0.242	112	0
CKT-1024	2025-10-19T16:00:00Z	31.9	8	6.3	0.218	122	0
CKT-1024	2025-10-19T17:00:00Z	32.6	7.1	6.3	0.249	112	0
CKT-1024	2025-10-19T18:00:00Z	35.5	7.4	5.7	0.25	123	0
CKT-1024	2025-10-19T19:00:00Z	32.1	6.5	5.3	0.289	122	0
CKT-1024	2025-10-19T20:00:00Z	32.7	8.2	5.8	0.263	117	0
CKT-1024	2025-10-19T21:00:00Z	33.7	6.9	5.2	0.279	109	0
CKT-1024	2025-10-19T22:00:00Z	33	7.2	5.6	0.242	116	0
CKT-1024	2025-10-19T23:00:00Z	32.7	8	4.9	0.32	121	0
CKT-1024	2025-10-20T00:00:00Z	33	7.5	4.5	0.306	111	0
CKT-1024	2025-10-20T01:00:00Z	32.5	7.7	5.1	0.25	124	0
CKT-1024	2025-10-20T02:00:00Z	33.6	6.3	2.9	0.269	117	0
CKT-1024	2025-10-20T03:00:00Z	33.9	7.8	3.9	0.282	115	0
CKT-1024	2025-10-20T04:00:00Z	34.2	7.5	3.6	0.328	114	0
CKT-1024	2025-10-20T05:00:00Z	32.9	7.1	4.4	0.312	114	0
CKT-1024	2025-10-20T06:00:00Z	35.8	8.7	3.7	0.345	123	0
CKT-1024	2025-10-20T07:00:00Z	33.6	7.4	2.8	0.321	114	0
CKT-1024	2025-10-20T08:00:00Z	34	6.9	3.1	0.341	117	0
CKT-1024	2025-10-20T09:00:00Z	32	6.9	2.3	0.341	120	0
CKT-1024	2025-10-20T10:00:00Z	35.3	6.9	3.1	0.332	112	0
CKT-1024	2025-10-20T11:00:00Z	36.1	7.9	3.2	0.334	123	0
CKT-1024	2025-10-20T12:00:00Z	34.4	7.8	2.3	0.347	105	0
CKT-1024	2025-10-20T13:00:00Z	34.8	7.5	2.2	0.392	112	0
CKT-1024	2025-10-20T14:00:00Z	34.6	6.9	1.9	0.382	125	0
CKT-1024	2025-10-20T15:00:00Z	34.5	7	1.5	0.393	123	0
CKT-1024	2025-10-20T16:00:00Z	35.5	6.6	1.2	0.376	120	0
CKT-1024	2025-10-20T17:00:00Z	32.7	7.2	2.5	0.373	125	0
CKT-1024	2025-10-20T18:00:00Z	36.9	6.7	1.4	0.38	113	0
CKT-1024	2025-10-20T19:00:00Z	34.6	8.3	0.8	0.409	115	0
CKT-1024	2025-10-20T20:00:00Z	36.2	7.7	0.8	0.404	107	0
CKT-1024	2025-10-20T21:00:00Z	37	5.9	0.9	0.415	121	0
CKT-1024	2025-10-20T22:00:00Z	34.5	6.7	0.4	0.407	107	0
CKT-1024	2025-10-20T23:00:00Z	36.6	7.6	0.5	0.419	119	0
CKT-1024	2025-10-21T00:00:00Z	36	6.2	0.5	0.395	115	0
CKT-1024	2025-10-21T01:00:00Z	37.6	8.2	0.2	0.43	110	0
CKT-1024	2025-10-21T02:00:00Z	37.4	7.4	0.7	0.413	116	0
CKT-1024	2025-10-21T03:00:00Z	38.8	7.3	0	0.48	112	0
CKT-1024	2025-10-21T04:00:00Z	37.2	7.6	0	0.431	117	0
CKT-1024	2025-10-21T05:00:00Z	37.1	6.7	0.6	0.435	120	0
CKT-1024	2025-10-21T06:00:00Z	37.1	7.2	0	0.414	117	0
CKT-1024	2025-10-21T07:00:00Z	37.1	8.1	0	0.439	113	0
CKT-1024	2025-10-21T08:00:00Z	40	6.9	0	0.475	117	0
CKT-1024	2025-10-21T09:00:00Z	35.9	6.6	0	0.435	119	0
CKT-1024	2025-10-21T10:00:00Z	38.3	7.6	0	0.447	113	0
CKT-1024	2025-10-21T11:00:00Z	39.3	7	0	0.484	112	0
CKT-1025	2025-10-19T12:00:00Z	54.4	10.4	11.5	0	17	0
CKT-1025	2025-10-19T13:00:00Z	55.2	10	12.4	0	2	0
CKT-1025	2025-10-19T14:00:00Z	56.8	9.8	11.9	0	0	0
CKT-1025	2025-10-19T15:00:00Z	54.8	9.2	12.6	0	15	0
CKT-1025	2025-10-19T16:00:00Z	55.8	8.8	12.5	0	21	0
CKT-1025	2025-10-19T17:00:00Z	58.5	8.7	12.2	0	17	0
CKT-1025	2025-10-19T18:00:00Z	55.4	9.5	13	0	13	0
CKT-1025	2025-10-19T19:00:00Z	54	9.5	12.1	0	20	0
CKT-1025	2025-10-19T20:00:00Z	54.5	10.2	12.8	0	22	0
CKT-1025	2025-10-19T21:00:00Z	55.7	9.3	12.9	0	22	0
CKT-1025	2025-10-19T22:00:00Z	56.7	9.2	13.5	0	31	0
CKT-1025	2025-10-19T23:00:00Z	56.1	10.6	12.7	0	25	0
CKT-1025	2025-10-20T00:00:00Z	54.1	8.9	13.7	0	28	0
CKT-1025	2025-10-20T01:00:00Z	55.7	9.3	14.3	0	26	0
CKT-1025	2025-10-20T02:00:00Z	57.6	9.6	14.7	0	39	0
CKT-1025	2025-10-20T03:00:00Z	58.1	9.4	13.4	0	39	0
CKT-1025	2025-10-20T04:00:00Z	54.5	9	12.7	0	37	0
CKT-1025	2025-10-20T05:00:00Z	56.5	8.7	13.5	0	37	0
CKT-1025	2025-10-20T06:00:00Z	57	10	15.4	0	48	0
CKT-1025	2025-10-20T07:00:00Z	55.7	8.7	14.2	0	45	0
CKT-1025	2025-10-20T08:00:00Z	55.9	8.5	15.4	0	38	0
CKT-1025	2025-10-20T09:00:00Z	58.6	9.2	15.2	0	46	0
CKT-1025	2025-10-20T10:00:00Z	57.8	10	15.2	0	53	0
CKT-1025	2025-10-20T11:00:00Z	58.6	9.8	14.9	0	55	0
CKT-1025	2025-10-20T12:00:00Z	57.6	9.4	15.7	0	63	0
CKT-1025	2025-10-20T13:00:00Z	57.7	9.9	15	0	56	0
CKT-1025	2025-10-20T14:00:00Z	58.3	10.1	15.3	0	51	0
CKT-1025	2025-10-20T15:00:00Z	61	9	16.2	0	60	0
CKT-1025	2025-10-20T16:00:00Z	59	9.2	16.4	0.01	65	0
CKT-1025	2025-10-20T17:00:00Z	57.8	10.1	16.6	0.008	73	0
CKT-1025	2025-10-20T18:00:00Z	57.4	10.1	16.2	0	68	0
CKT-1025	2025-10-20T19:00:00Z	58.4	9.2	16.2	0.018	68	0
CKT-1025	2025-10-20T20:00:00Z	58.4	9.6	16	0.019	67	0
CKT-1025	2025-10-20T21:00:00Z	62.6	8.8	16.1	0.009	83	0
CKT-1025	2025-10-20T22:00:00Z	56.8	9.9	16.6	0.028	81	0
CKT-1025	2025-10-20T23:00:00Z	60.7	9.4	16.7	0	77	0
CKT-1025	2025-10-21T00:00:00Z	57.8	9.6	15.9	0.033	70	0
CKT-1025	2025-10-21T01:00:00Z	59.4	8.9	16.5	0.05	83	0
CKT-1025	2025-10-21T02:00:00Z	61	10.6	16.7	0.059	75	0
CKT-1025	2025-10-21T03:00:00Z	60.5	9.4	16.7	0.044	89	0
CKT-1025	2025-10-21T04:00:00Z	60.9	9.8	17.4	0.044	88	0
CKT-1025	2025-10-21T05:00:00Z	60.4	9.8	17.9	0.003	88	0
CKT-1025	2025-10-21T06:00:00Z	57.7	9.8	18.4	0.028	91	0
CKT-1025	2025-10-21T07:00:00Z	61	8.4	17.5	0.047	78	0
CKT-1025	2025-10-21T08:00:00Z	58.5	10.3	18.4	0.049	99	0
CKT-1025	2025-10-21T09:00:00Z	60.4	10	17.9	0.046	93	0
CKT-1025	2025-10-21T10:00:00Z	62.1	10.6	18.9	0.038	94	0
CKT-1025	2025-10-21T11:00:00Z	62.2	10	18.5	0.035	103	0
CKT-1026	2025-10-19T12:00:00Z	75.9	12.2	0	0.054	0	0
CKT-1026	2025-10-19T13:00:00Z	74.5	12.1	0	0.009	0	0
CKT-1026	2025-10-19T14:00:00Z	77.6	11.7	0	0.014	0	0
CKT-1026	2025-10-19T15:00:00Z	82.1	11.8	0	0.005	0	0
CKT-1026	2025-10-19T16:00:00Z	75.8	11.1	0	0.076	0	0
CKT-1026	2025-10-19T17:00:00Z	75.9	10.7	0	0.048	0	0
CKT-1026	2025-10-19T18:00:00Z	77.2	12	0	0.041	0	0
CKT-1026	2025-10-19T19:00:00Z	77.3	11.1	0	0.081	0	0
CKT-1026	2025-10-19T20:00:00Z	77.1	10.7	0	0.091	0	0
CKT-1026	2025-10-19T21:00:00Z	77.7	11.1	0	0.112	0	0
CKT-1026	2025-10-19T22:00:00Z	78.2	12.2	0	0.08	0	0
CKT-1026	2025-10-19T23:00:00Z	76	10.6	0	0.115	11	0
CKT-1026	2025-10-20T00:00:00Z	74.8	11.8	0	0.141	14	0
CKT-1026	2025-10-20T01:00:00Z	78	11.7	0	0.094	15	0
CKT-1026	2025-10-20T02:00:00Z	76.4	11.2	0	0.142	21	0
CKT-1026	2025-10-20T03:00:00Z	76.2	10.9	0	0.145	18	0
CKT-1026	2025-10-20T04:00:00Z	76.3	10.3	0	0.143	25	0
CKT-1026	2025-10-20T05:00:00Z	79	10.7	0	0.199	37	0
CKT-1026	2025-10-20T06:00:00Z	76.6	10.7	0	0.156	32	0
CKT-1026	2025-10-20T07:00:00Z	75.6	11.2	0	0.183	33	0
CKT-1026	2025-10-20T08:00:00Z	75.7	11.3	0	0.219	45	0
CKT-1026	2025-10-20T09:00:00Z	74.3	11.6	0	0.189	41	0
CKT-1026	2025-10-20T10:00:00Z	79.4	10.7	0.2	0.204	55	0
CKT-1026	2025-10-20T11:00:00Z	79.4	11.7	0	0.231	52	0
CKT-1026	2025-10-20T12:00:00Z	77.1	10.6	0	0.219	61	0
CKT-1026	2025-10-20T13:00:00Z	74.3	11.7	0	0.252	62	0
CKT-1026	2025-10-20T14:00:00Z	75.2	11.4	0	0.261	68	0
CKT-1026	2025-10-20T15:00:00Z	76.7	11.7	0	0.219	74	0
CKT-1026	2025-10-20T16:00:00Z	75.3	10.7	0.7	0.264	69	0
CKT-1026	2025-10-20T17:00:00Z	76.1	10.8	1.3	0.28	77	0
CKT-1026	2025-10-20T18:00:00Z	77.9	10.6	0.1	0.273	86	0
CKT-1026	2025-10-20T19:00:00Z	77	11.5	0.6	0.277	86	0
CKT-1026	2025-10-20T20:00:00Z	76.5	11.5	0.9	0.293	86	0
CKT-1026	2025-10-20T21:00:00Z	75.7	11.6	1.5	0.301	93	0
CKT-1026	2025-10-20T22:00:00Z	77.6	10.7	1.5	0.311	96	0
CKT-1026	2025-10-20T23:00:00Z	77	11.1	1.5	0.312	104	0
CKT-1026	2025-10-21T00:00:00Z	78.1	10.9	1.1	0.33	100	0
CKT-1026	2025-10-21T01:00:00Z	77.7	11.4	1.1	0.334	113	0
CKT-1026	2025-10-21T02:00:00Z	79.4	10.7	1	0.356	118	0
CKT-1026	2025-10-21T03:00:00Z	78.1	13	1.5	0.374	118	0
CKT-1026	2025-10-21T04:00:00Z	75.9	11.2	1.6	0.368	126	0
CKT-1026	2025-10-21T05:00:00Z	77.2	11.2	1.3	0.384	132	0
CKT-1026	2025-10-21T06:00:00Z	76	11.8	1.1	0.387	131	0
CKT-1026	2025-10-21T07:00:00Z	79.9	11.1	1.6	0.399	131	0
CKT-1026	2025-10-21T08:00:00Z	77.5	11.2	1.4	0.387	145	0
CKT-1026	2025-10-21T09:00:00Z	76.7	11.7	1.9	0.377	146	0
CKT-1026	2025-10-21T10:00:00Z	75.5	11.8	1.5	0.414	141	0
CKT-1026	2025-10-21T11:00:00Z	77.9	11.9	1.5	0.41	154	0
CKT-1027	2025-10-19T12:00:00Z	53.3	12.7	7.6	0	76	0
CKT-1027	2025-10-19T13:00:00Z	50.8	14.2	8.4	0	80	0
CKT-1027	2025-10-19T14:00:00Z	52.6	13.5	7.1	0	83	0
CKT-1027	2025-10-19T15:00:00Z	54.5	12.8	6.4	0	68	0
CKT-1027	2025-10-19T16:00:00Z	54.4	11.9	7	0	72	0
CKT-1027	2025-10-19T17:00:00Z	53.4	12.6	7.1	0	78	0
CKT-1027	2025-10-19T18:00:00Z	49.6	11.5	7.4	0	84	0
CKT-1027	2025-10-19T19:00:00Z	52.1	12.7	6.8	0	87	0
CKT-1027	2025-10-19T20:00:00Z	53.4	12.5	5.9	0	83	0
CKT-1027	2025-10-19T21:00:00Z	54.2	12.6	6	0	89	0
CKT-1027	2025-10-19T22:00:00Z	55.1	11.8	5.6	0	101	0
CKT-1027	2025-10-19T23:00:00Z	50.9	12.8	6.4	0	92	0
CKT-1027	2025-10-20T00:00:00Z	54.4	13	6.3	0	102	0
CKT-1027	2025-10-20T01:00:00Z	53.5	12.4	5.2	0	100	0
CKT-1027	2025-10-20T02:00:00Z	53.6	12.4	5.4	0	103	0
CKT-1027	2025-10-20T03:00:00Z	53.6	13.5	4.8	0	102	0
CKT-1027	2025-10-20T04:00:00Z	55.5	12.9	4	0	103	0
CKT-1027	2025-10-20T05:00:00Z	55.7	13.3	4.3	0	109	0
CKT-1027	2025-10-20T06:00:00Z	54.2	13.4	4.4	0	110	0
CKT-1027	2025-10-20T07:00:00Z	55.2	12.6	4.5	0.015	109	0
CKT-1027	2025-10-20T08:00:00Z	55.7	12.9	4.2	0.037	118	0
CKT-1027	2025-10-20T09:00:00Z	55.1	13	3.7	0.012	115	0
CKT-1027	2025-10-20T10:00:00Z	56.4	13.3	3.3	0.047	115	0
CKT-1027	2025-10-20T11:00:00Z	53.8	13.7	4.4	0.044	121	0
CKT-1027	2025-10-20T12:00:00Z	56.5	13.7	3.9	0.025	130	0
CKT-1027	2025-10-20T13:00:00Z	57.1	12.5	2.8	0.073	120	0
CKT-1027	2025-10-20T14:00:00Z	56.1	13.3	2.9	0.053	125	0
CKT-1027	2025-10-20T15:00:00Z	55	12.9	2.3	0.082	129	0
CKT-1027	2025-10-20T16:00:00Z	56.8	12.4	2.3	0.1	130	0
CKT-1027	2025-10-20T17:00:00Z	56.6	12.5	2.8	0.142	131	0
CKT-1027	2025-10-20T18:00:00Z	53.7	13	3.5	0.098	132	0
CKT-1027	2025-10-20T19:00:00Z	55.9	12.9	2.5	0.159	134	0
CKT-1027	2025-10-20T20:00:00Z	58.3	12.8	2	0.134	126	0
CKT-1027	2025-10-20T21:00:00Z	56.9	14.1	2.3	0.174	135	0
CKT-1027	2025-10-20T22:00:00Z	56.2	13.4	2.9	0.202	144	0
CKT-1027	2025-10-20T23:00:00Z	56.8	13	1.3	0.155	136	0
CKT-1027	2025-10-21T00:00:00Z	56.9	12.7	0.8	0.195	142	0
CKT-1027	2025-10-21T01:00:00Z	55.2	12.6	1.2	0.196	150	0
CKT-1027	2025-10-21T02:00:00Z	54.2	11.7	1.2	0.222	150	0
CKT-1027	2025-10-21T03:00:00Z	56.4	12.3	1	0.224	157	0
CKT-1027	2025-10-21T04:00:00Z	56.8	12.8	2.1	0.241	154	0
CKT-1027	2025-10-21T05:00:00Z	58.4	13.3	0.9	0.26	154	0
CKT-1027	2025-10-21T06:00:00Z	56.7	13	1.6	0.293	157	0
CKT-1027	2025-10-21T07:00:00Z	59	12.3	0.3	0.3	165	0
CKT-1027	2025-10-21T08:00:00Z	56.7	12.6	1.3	0.295	169	0
CKT-1027	2025-10-21T09:00:00Z	58.3	13	0	0.324	168	0
CKT-1027	2025-10-21T10:00:00Z	56.5	12.6	0.3	0.314	161	0
CKT-1027	2025-10-21T11:00:00Z	59.7	13.5	0	0.333	159	0
CKT-1028	2025-10-19T12:00:00Z	92	4.6	13.2	0	8	0
CKT-1028	2025-10-19T13:00:00Z	97.4	3.3	14.3	0	0	0
CKT-1028	2025-10-19T14:00:00Z	94.8	5.1	14.6	0	3	0
CKT-1028	2025-10-19T15:00:00Z	91.7	3.9	14	0	0	0
CKT-1028	2025-10-19T16:00:00Z	94.9	4.3	14.6	0	0	0
CKT-1028	2025-10-19T17:00:00Z	94.7	4.6	15.1	0	0	0
CKT-1028	2025-10-19T18:00:00Z	97	3.7	15.7	0	0	0
CKT-1028	2025-10-19T19:00:00Z	93.9	5.7	14.7	0	0	0
CKT-1028	2025-10-19T20:00:00Z	95.5	4.2	15	0	0	0
CKT-1028	2025-10-19T21:00:00Z	95.5	5	15.9	0	4	0
CKT-1028	2025-10-19T22:00:00Z	93.8	4.8	15.1	0	0	0
CKT-1028	2025-10-19T23:00:00Z	97.7	4.5	16.2	0	5	0
CKT-1028	2025-10-20T00:00:00Z	94.7	4.5	15.7	0.01	1	0
CKT-1028	2025-10-20T01:00:00Z	94.6	4.9	16.6	0	0	0
CKT-1028	2025-10-20T02:00:00Z	96.5	4.2	15.8	0.012	0	0
CKT-1028	2025-10-20T03:00:00Z	95.4	4.3	16.7	0.004	0	0
CKT-1028	2025-10-20T04:00:00Z	94.1	4.4	15.6	0	3	0
CKT-1028	2025-10-20T05:00:00Z	97	4.1	16.4	0.011	3	0
CKT-1028	2025-10-20T06:00:00Z	96.9	2.8	16.3	0.02	0	0
CKT-1028	2025-10-20T07:00:00Z	96.1	4.8	16.6	0.042	5	0
CKT-1028	2025-10-20T08:00:00Z	96	4.2	15.2	0.008	0	0
CKT-1028	2025-10-20T09:00:00Z	96.6	4.5	17.1	0.044	0	0
CKT-1028	2025-10-20T10:00:00Z	99.7	4.5	16.3	0.007	0	0
CKT-1028	2025-10-20T11:00:00Z	97.2	3.8	16.9	0.017	0	0
CKT-1028	2025-10-20T12:00:00Z	97.6	4.7	17.8	0.016	6	0
CKT-1028	2025-10-20T13:00:00Z	94.4	3.5	16.7	0.025	6	0
CKT-1028	2025-10-20T14:00:00Z	95.6	4.1	17.3	0.039	0	0
CKT-1028	2025-10-20T15:00:00Z	95.8	3.6	17.3	0.053	0	0
CKT-1028	2025-10-20T16:00:00Z	95.6	5.1	17.4	0.06	7	0
CKT-1028	2025-10-20T17:00:00Z	96.8	3.5	19	0.041	0	0
CKT-1028	2025-10-20T18:00:00Z	98.2	4.8	18.6	0.022	1	0
CKT-1028	2025-10-20T19:00:00Z	95.1	4.8	18.1	0.043	0	0
CKT-1028	2025-10-20T20:00:00Z	96.6	3.8	18.6	0.07	0	0
CKT-1028	2025-10-20T21:00:00Z	97.8	4.6	18.3	0.012	0	0
CKT-1028	2025-10-20T22:00:00Z	95.9	3.1	19.2	0.052	0	0
CKT-1028	2025-10-20T23:00:00Z	93.9	3.3	18.6	0.086	0	0
CKT-1028	2025-10-21T00:00:00Z	98.5	4.1	18.8	0.073	0	0
CKT-1028	2025-10-21T01:00:00Z	96.2	5.2	18.9	0.073	0	0
CKT-1028	2025-10-21T02:00:00Z	99.4	4.5	19.2	0.056	0	0
CKT-1028	2025-10-21T03:00:00Z	97.4	4.1	19.6	0.051	0	0
CKT-1028	2025-10-21T04:00:00Z	95	3.3	19.6	0.034	1	0
CKT-1028	2025-10-21T05:00:00Z	97.7	4.3	19.6	0.063	0	0
CKT-1028	2025-10-21T06:00:00Z	97.1	4.6	20.3	0.095	0	0
CKT-1028	2025-10-21T07:00:00Z	97.1	3.4	20.4	0.084	1	0
CKT-1028	2025-10-21T08:00:00Z	98	5.2	20.4	0.089	2	0
CKT-1028	2025-10-21T09:00:00Z	97.3	4.8	20.3	0.064	0	0
CKT-1028	2025-10-21T10:00:00Z	99.6	5.4	19.7	0.065	1	0
CKT-1028	2025-10-21T11:00:00Z	98.7	4.1	21.1	0.081	2	0
CKT-1029	2025-10-19T12:00:00Z	31.9	10.3	0.7	0.004	7	0
CKT-1029	2025-10-19T13:00:00Z	29.6	10.3	0.4	0	0	0
CKT-1029	2025-10-19T14:00:00Z	34.8	9.1	0.4	0.006	1	0
CKT-1029	2025-10-19T15:00:00Z	30.7	10.2	0.3	0	1	0
CKT-1029	2025-10-19T16:00:00Z	34.5	10.6	1.8	0.003	0	0
CKT-1029	2025-10-19T17:00:00Z	34.2	10.7	1.9	0.017	0	0
CKT-1029	2025-10-19T18:00:00Z	33.1	11	0.5	0	8	0
CKT-1029	2025-10-19T19:00:00Z	33.6	9.1	2	0.02	2	0
CKT-1029	2025-10-19T20:00:00Z	32.8	11.1	1.2	0.04	8	0
CKT-1029	2025-10-19T21:00:00Z	34	9.5	1.9	0.043	0	0
CKT-1029	2025-10-19T22:00:00Z	36	9.8	0.7	0.021	0	0
CKT-1029	2025-10-19T23:00:00Z	34.8	9.4	0.9	0.016	0	0
CKT-1029	2025-10-20T00:00:00Z	38.1	10.1	2.1	0.015	1	0
CKT-1029	2025-10-20T01:00:00Z	38.7	9.5	1.1	0.035	0	0
CKT-1029	2025-10-20T02:00:00Z	37.5	10.2	1.8	0.04	10	0
CKT-1029	2025-10-20T03:00:00Z	36.5	9.3	2.2	0	0	0
CKT-1029	2025-10-20T04:00:00Z	37.9	10.8	1.3	0.045	0	0
CKT-1029	2025-10-20T05:00:00Z	36.6	8.7	1.6	0	0	0
CKT-1029	2025-10-20T06:00:00Z	38.4	10.5	1.1	0.039	6	0
CKT-1029	2025-10-20T07:00:00Z	37.6	9.2	1.4	0.042	8	0
CKT-1029	2025-10-20T08:00:00Z	38.8	9.1	1.5	0.031	1	0
CKT-1029	2025-10-20T09:00:00Z	38.2	9.4	1.6	0.004	0	0
CKT-1029	2025-10-20T10:00:00Z	38.4	10.8	1.7	0.001	10	0
CKT-1029	2025-10-20T11:00:00Z	41.2	9.1	0	0.034	9	0
CKT-1029	2025-10-20T12:00:00Z	41.9	9.3	2	0	2	0
CKT-1029	2025-10-20T13:00:00Z	39.2	10.5	1.8	0.058	0	0
CKT-1029	2025-10-20T14:00:00Z	41.5	10.1	0.3	0	9	0
CKT-1029	2025-10-20T15:00:00Z	40.2	9.1	1	0.049	3	0
CKT-1029	2025-10-20T16:00:00Z	38.5	11	1.6	0.037	2	0
CKT-1029	2025-10-20T17:00:00Z	41.6	9.2	1.3	0.019	3	0
CKT-1029	2025-10-20T18:00:00Z	39.7	9.2	1.9	0.048	5	0
CKT-1029	2025-10-20T19:00:00Z	38.7	9.5	1.3	0.052	0	0
CKT-1029	2025-10-20T20:00:00Z	42.4	10.1	1.7	0.037	0	0
CKT-1029	2025-10-20T21:00:00Z	40.9	9.2	1.4	0	1	0
CKT-1029	2025-10-20T22:00:00Z	44.8	9.8	1.5	0.02	0	0
CKT-1029	2025-10-20T23:00:00Z	45.1	9.9	1.1	0.032	4	0
CKT-1029	2025-10-21T00:00:00Z	41.6	10.6	2.4	0.066	0	0
CKT-1029	2025-10-21T01:00:00Z	39.8	8.8	1.8	0.037	2	0
CKT-1029	2025-10-21T02:00:00Z	44.9	10.7	0.9	0.051	4	0
CKT-1029	2025-10-21T03:00:00Z	43.3	9.5	1.2	0.064	14	0
CKT-1029	2025-10-21T04:00:00Z	45.2	10.5	0.5	0.073	0	0
CKT-1029	2025-10-21T05:00:00Z	45.5	10.3	1	0.112	11	0
CKT-1029	2025-10-21T06:00:00Z	47	10.3	1.9	0.037	10	0
CKT-1029	2025-10-21T07:00:00Z	44	9.5	1.3	0.092	0	0
CKT-1029	2025-10-21T08:00:00Z	45	9.9	0.9	0.086	21	0
CKT-1029	2025-10-21T09:00:00Z	46.8	9.4	0.3	0.064	0	0
CKT-1029	2025-10-21T10:00:00Z	47.1	10.1	0.8	0.111	0	0
CKT-1029	2025-10-21T11:00:00Z	46.6	10.2	1.4	0.099	6	0
CKT-1030	2025-10-19T12:00:00Z	40.8	3.5	4.3	0	150	0
CKT-1030	2025-10-19T13:00:00Z	39.5	2.6	4.3	0	158	0
CKT-1030	2025-10-19T14:00:00Z	40.1	4	4.4	0	161	0
CKT-1030	2025-10-19T15:00:00Z	39.8	1.8	3.8	0	168	0
CKT-1030	2025-10-19T16:00:00Z	42.5	1.8	4.3	0	170	0
CKT-1030	2025-10-19T17:00:00Z	42.7	2.6	4.5	0	178	0
CKT-1030	2025-10-19T18:00:00Z	40.2	2.9	4.1	0	182	0
CKT-1030	2025-10-19T19:00:00Z	39.5	3	4.4	0	188	0
CKT-1030	2025-10-19T20:00:00Z	42.5	2.7	4.9	0	181	0
CKT-1030	2025-10-19T21:00:00Z	37.2	2.8	4	0	182	0
CKT-1030	2025-10-19T22:00:00Z	41.2	3.1	3.9	0	193	0
CKT-1030	2025-10-19T23:00:00Z	42.3	3.2	4.8	0	195	0
CKT-1030	2025-10-20T00:00:00Z	41.9	3.2	3.8	0	202	0
CKT-1030	2025-10-20T01:00:00Z	42.6	2.2	3.4	0	212	0
CKT-1030	2025-10-20T02:00:00Z	40.3	3.1	4.8	0	209	0
CKT-1030	2025-10-20T03:00:00Z	41.8	2.9	4.4	0	215	0
CKT-1030	2025-10-20T04:00:00Z	41.8	3.1	4.5	0	220	0
CKT-1030	2025-10-20T05:00:00Z	46.1	2.5	4.9	0	229	0
CKT-1030	2025-10-20T06:00:00Z	45.7	2.7	5	0	223	0
CKT-1030	2025-10-20T07:00:00Z	43.5	3.5	4.6	0	231	0
CKT-1030	2025-10-20T08:00:00Z	44.5	2.5	5.3	0	235	0
CKT-1030	2025-10-20T09:00:00Z	46.2	2.6	4.6	0	237	0
CKT-1030	2025-10-20T10:00:00Z	46.2	3.8	3.7	0	246	0
CKT-1030	2025-10-20T11:00:00Z	43.9	2.7	4.5	0	238	0
CKT-1030	2025-10-20T12:00:00Z	43.1	2.9	3.1	0	245	0
CKT-1030	2025-10-20T13:00:00Z	47.7	4.1	3.5	0.012	251	0
CKT-1030	2025-10-20T14:00:00Z	45	3.9	3.8	0.007	255	0
CKT-1030	2025-10-20T15:00:00Z	47.4	1	3.8	0.019	260	0
CKT-1030	2025-10-20T16:00:00Z	47.2	3.6	3.3	0.068	260	0
CKT-1030	2025-10-20T17:00:00Z	48	2.9	3.7	0.025	271	0
CKT-1030	2025-10-20T18:00:00Z	46.6	2.3	3.8	0.024	269	0
CKT-1030	2025-10-20T19:00:00Z	45.3	2.2	3.7	0.055	280	0
CKT-1030	2025-10-20T20:00:00Z	49.7	1.5	4.1	0.053	288	0
CKT-1030	2025-10-20T21:00:00Z	48	2.7	3.9	0.044	291	0
CKT-1030	2025-10-20T22:00:00Z	44.3	3.3	3.8	0.056	290	0
CKT-1030	2025-10-20T23:00:00Z	47.1	3.6	5.4	0.097	293	0
CKT-1030	2025-10-21T00:00:00Z	48.5	3.3	3.3	0.054	299	0
CKT-1030	2025-10-21T01:00:00Z	49	1.9	3.4	0.097	304	0
CKT-1030	2025-10-21T02:00:00Z	50.1	2	4.9	0.062	297	0
CKT-1030	2025-10-21T03:00:00Z	48.1	2.2	3.7	0.097	311	0
CKT-1030	2025-10-21T04:00:00Z	47.1	3.1	3.5	0.128	315	0
CKT-1030	2025-10-21T05:00:00Z	47.1	1.8	3.6	0.087	313	0
CKT-1030	2025-10-21T06:00:00Z	49.6	1.8	4.4	0.122	323	0
CKT-1030	2025-10-21T07:00:00Z	47.5	3.3	3.6	0.111	328	0
CKT-1030	2025-10-21T08:00:00Z	46.7	1.9	3	0.139	331	0
CKT-1030	2025-10-21T09:00:00Z	51	2.3	3.9	0.136	331	0
CKT-1030	2025-10-21T10:00:00Z	50.2	2.8	3.2	0.146	339	0
CKT-1030	2025-10-21T11:00:00Z	49.6	2.6	2.9	0.153	339	0
CKT-1031	2025-10-19T12:00:00Z	93.4	6.4	0	0.047	251	0
CKT-1031	2025-10-19T13:00:00Z	97.3	7.4	0	0.013	243	0
CKT-1031	2025-10-19T14:00:00Z	95.1	7.3	0	0.032	239	0
CKT-1031	2025-10-19T15:00:00Z	96.5	6.7	0	0.027	246	0
CKT-1031	2025-10-19T16:00:00Z	96.7	7.1	0	0.017	254	0
CKT-1031	2025-10-19T17:00:00Z	95.3	7.2	0	0.02	265	0
CKT-1031	2025-10-19T18:00:00Z	97.1	7	0	0.017	258	0
CKT-1031	2025-10-19T19:00:00Z	96.1	6.5	0	0.033	262	0
CKT-1031	2025-10-19T20:00:00Z	95.7	9	0	0.008	259	0
CKT-1031	2025-10-19T21:00:00Z	97.8	8	0	0.08	273	0
CKT-1031	2025-10-19T22:00:00Z	96.4	7.1	0	0.078	274	0
CKT-1031	2025-10-19T23:00:00Z	95.7	7.1	0.9	0.071	280	0
CKT-1031	2025-10-20T00:00:00Z	97.6	7.4	0	0.09	282	0
CKT-1031	2025-10-20T01:00:00Z	97.2	6.8	0.1	0.076	280	0
CKT-1031	2025-10-20T02:00:00Z	100	6.3	0.4	0.066	285	0
CKT-1031	2025-10-20T03:00:00Z	100	6.6	0	0.088	283	0
CKT-1031	2025-10-20T04:00:00Z	98.3	6.9	0.2	0.068	281	0
CKT-1031	2025-10-20T05:00:00Z	96.7	6.3	0.7	0.07	288	0
CKT-1031	2025-10-20T06:00:00Z	97.7	6.9	0	0.147	291	0
CKT-1031	2025-10-20T07:00:00Z	96.8	7.1	0.3	0.121	295	0
CKT-1031	2025-10-20T08:00:00Z	96.7	7.1	0.3	0.094	313	0
CKT-1031	2025-10-20T09:00:00Z	96.1	7.2	0	0.097	301	0
CKT-1031	2025-10-20T10:00:00Z	95.8	7	0	0.142	305	0
CKT-1031	2025-10-20T11:00:00Z	96	7	0.5	0.138	311	0
CKT-1031	2025-10-20T12:00:00Z	95.2	6.5	0	0.166	317	0
CKT-1031	2025-10-20T13:00:00Z	96.1	6.9	0	0.128	320	0
CKT-1031	2025-10-20T14:00:00Z	97	8.5	0.6	0.177	324	0
CKT-1031	2025-10-20T15:00:00Z	96.9	7.6	0	0.189	326	0
CKT-1031	2025-10-20T16:00:00Z	97.9	7.3	0.9	0.134	336	0
CKT-1031	2025-10-20T17:00:00Z	97.3	6.4	0	0.135	333	0
CKT-1031	2025-10-20T18:00:00Z	96.1	7.3	0.6	0.16	331	0
CKT-1031	2025-10-20T19:00:00Z	95.7	7	1.4	0.195	334	0
CKT-1031	2025-10-20T20:00:00Z	96.8	7.2	0.2	0.177	341	0
CKT-1031	2025-10-20T21:00:00Z	96.3	6.6	0.3	0.167	345	0
CKT-1031	2025-10-20T22:00:00Z	97.8	6.1	0.2	0.163	348	0
CKT-1031	2025-10-20T23:00:00Z	97.5	8.3	0.7	0.181	337	0
CKT-1031	2025-10-21T00:00:00Z	96.8	6.5	1	0.208	355	0
CKT-1031	2025-10-21T01:00:00Z	97.5	7.1	0.1	0.236	355	0
CKT-1031	2025-10-21T02:00:00Z	96.4	8.2	0	0.21	342	0
CKT-1031	2025-10-21T03:00:00Z	99	7.3	0.2	0.217	357	0
CKT-1031	2025-10-21T04:00:00Z	97.5	7.5	0.5	0.226	367	0
CKT-1031	2025-10-21T05:00:00Z	98	6.9	0.3	0.209	367	0
CKT-1031	2025-10-21T06:00:00Z	95.9	6.6	0	0.238	377	0
CKT-1031	2025-10-21T07:00:00Z	98.1	7.6	1.4	0.256	368	0
CKT-1031	2025-10-21T08:00:00Z	97.3	7.2	0	0.242	379	0
CKT-1031	2025-10-21T09:00:00Z	99.9	6.2	0	0.25	380	0
CKT-1031	2025-10-21T10:00:00Z	100	8.8	0	0.256	383	0
CKT-1031	2025-10-21T11:00:00Z	97.4	7.1	0	0.218	384	0
CKT-1032	2025-10-19T12:00:00Z	63.2	1.9	0	0.048	92	0
CKT-1032	2025-10-19T13:00:00Z	62.9	3.5	0	0.052	94	0
CKT-1032	2025-10-19T14:00:00Z	60.3	2.4	0	0.032	90	0
CKT-1032	2025-10-19T15:00:00Z	62.1	3.7	0	0.065	90	0
CKT-1032	2025-10-19T16:00:00Z	61	2.6	0	0.065	85	0
CKT-1032	2025-10-19T17:00:00Z	61.9	4	0	0.058	79	0
CKT-1032	2025-10-19T18:00:00Z	61.9	3.5	0	0.072	92	0
CKT-1032	2025-10-19T19:00:00Z	63.1	3.7	0	0.103	87	0
CKT-1032	2025-10-19T20:00:00Z	60.1	3.5	0	0.105	94	0
CKT-1032	2025-10-19T21:00:00Z	65	3.4	0	0.048	89	0
CKT-1032	2025-10-19T22:00:00Z	61.3	3.2	0	0.088	87	0
CKT-1032	2025-10-19T23:00:00Z	63.5	1.4	0	0.104	97	0
CKT-1032	2025-10-20T00:00:00Z	63.2	4.1	0	0.082	90	0
CKT-1032	2025-10-20T01:00:00Z	62.2	2.6	0	0.062	90	0
CKT-1032	2025-10-20T02:00:00Z	62.2	2.9	0	0.096	91	0
CKT-1032	2025-10-20T03:00:00Z	60.5	2.3	0.8	0.061	90	0
CKT-1032	2025-10-20T04:00:00Z	64.7	4	0.8	0.104	99	0
CKT-1032	2025-10-20T05:00:00Z	58.7	2.8	1	0.086	94	0
CKT-1032	2025-10-20T06:00:00Z	62.2	3.2	0.6	0.084	85	0
CKT-1032	2025-10-20T07:00:00Z	62.7	2.6	1.3	0.109	93	0
CKT-1032	2025-10-20T08:00:00Z	60.6	2.1	1	0.156	94	0
CKT-1032	2025-10-20T09:00:00Z	61.5	3.3	1.5	0.073	94	0
CKT-1032	2025-10-20T10:00:00Z	62.1	3	1.3	0.125	84	0
CKT-1032	2025-10-20T11:00:00Z	59.8	3.3	0.4	0.098	93	0
CKT-1032	2025-10-20T12:00:00Z	63.3	3.7	1.8	0.155	85	0
CKT-1032	2025-10-20T13:00:00Z	63	2.8	2.1	0.107	96	0
CKT-1032	2025-10-20T14:00:00Z	61.7	3.9	2.1	0.11	90	0
CKT-1032	2025-10-20T15:00:00Z	62.9	3.3	1.8	0.099	86	0
CKT-1032	2025-10-20T16:00:00Z	60	3.6	1.4	0.11	91	0
CKT-1032	2025-10-20T17:00:00Z	63.8	2	2.1	0.126	88	0
CKT-1032	2025-10-20T18:00:00Z	64.6	2.6	1.3	0.135	85	0
CKT-1032	2025-10-20T19:00:00Z	59.9	3	3.1	0.095	99	0
CKT-1032	2025-10-20T20:00:00Z	61.3	3.1	2	0.124	87	0
CKT-1032	2025-10-20T21:00:00Z	60.4	4.8	2.5	0.115	92	0
CKT-1032	2025-10-20T22:00:00Z	65.4	3.7	2.2	0.131	78	0
CKT-1032	2025-10-20T23:00:00Z	64	2.1	2.6	0.129	90	0
CKT-1032	2025-10-21T00:00:00Z	62.3	4	3.5	0.144	81	0
CKT-1032	2025-10-21T01:00:00Z	65.3	2.6	4.1	0.173	90	0
CKT-1032	2025-10-21T02:00:00Z	64.3	1.2	3.3	0.157	92	0
CKT-1032	2025-10-21T03:00:00Z	60.9	2.9	2.2	0.145	78	0
CKT-1032	2025-10-21T04:00:00Z	64.5	3.8	3.4	0.149	86	0
CKT-1032	2025-10-21T05:00:00Z	63.2	2.4	4.1	0.108	78	0
CKT-1032	2025-10-21T06:00:00Z	62.6	2.9	4	0.13	97	0
CKT-1032	2025-10-21T07:00:00Z	63.1	3.2	4.1	0.165	90	0
CKT-1032	2025-10-21T08:00:00Z	63.5	3.5	3.2	0.111	87	0
CKT-1032	2025-10-21T09:00:00Z	62.6	3.4	4.3	0.161	81	0
CKT-1032	2025-10-21T10:00:00Z	62.9	2.3	4.6	0.113	89	0
CKT-1032	2025-10-21T11:00:00Z	60.7	2.8	5	0.158	79	0
CKT-1033	2025-10-19T12:00:00Z	66.8	11.8	16.5	0.408	92	0
CKT-1033	2025-10-19T13:00:00Z	68.2	13.9	16.4	0.416	85	0
CKT-1033	2025-10-19T14:00:00Z	67.7	11.9	17.4	0.403	93	0
CKT-1033	2025-10-19T15:00:00Z	67.6	11.2	16.5	0.397	95	0
CKT-1033	2025-10-19T16:00:00Z	69.1	11.9	16.7	0.364	98	0
CKT-1033	2025-10-19T17:00:00Z	67.1	12.5	17.4	0.388	91	0
CKT-1033	2025-10-19T18:00:00Z	68.1	12.3	16.4	0.374	100	0
CKT-1033	2025-10-19T19:00:00Z	68.8	11.9	15.7	0.388	95	0
CKT-1033	2025-10-19T20:00:00Z	68.3	12.2	15.5	0.374	102	0
CKT-1033	2025-10-19T21:00:00Z	68.9	12.1	15.3	0.392	103	0
CKT-1033	2025-10-19T22:00:00Z	66.1	11.6	16.4	0.373	99	0
CKT-1033	2025-10-19T23:00:00Z	69.1	11	15.6	0.312	98	0
CKT-1033	2025-10-20T00:00:00Z	70.1	13.3	16.2	0.334	102	0
CKT-1033	2025-10-20T01:00:00Z	68.5	11.1	15.7	0.369	99	0
CKT-1033	2025-10-20T02:00:00Z	66.6	12.1	16	0.321	106	0
CKT-1033	2025-10-20T03:00:00Z	68.6	13.3	15.7	0.327	114	0
CKT-1033	2025-10-20T04:00:00Z	66.8	11.3	15.8	0.342	109	0
CKT-1033	2025-10-20T05:00:00Z	67.4	11.2	15.6	0.339	102	0
CKT-1033	2025-10-20T06:00:00Z	67.1	11.8	15.2	0.313	112	0
CKT-1033	2025-10-20T07:00:00Z	68.1	11.5	14.6	0.307	108	0
CKT-1033	2025-10-20T08:00:00Z	70.2	13.2	16.3	0.276	114	0
CKT-1033	2025-10-20T09:00:00Z	68.7	12.5	15.1	0.314	113	0
CKT-1033	2025-10-20T10:00:00Z	67.5	11.2	15.5	0.277	116	0
CKT-1033	2025-10-20T11:00:00Z	67.6	12.2	15	0.291	114	0
CKT-1033	2025-10-20T12:00:00Z	65	12.4	14.6	0.243	110	0
CKT-1033	2025-10-20T13:00:00Z	67.6	12	13.8	0.255	122	0
CKT-1033	2025-10-20T14:00:00Z	66.4	12	15.3	0.272	123	0
CKT-1033	2025-10-20T15:00:00Z	62.9	13.1	15	0.299	115	0
CKT-1033	2025-10-20T16:00:00Z	64.4	12.1	14.5	0.256	125	0
CKT-1033	2025-10-20T17:00:00Z	66.8	11.9	14.8	0.232	119	0
CKT-1033	2025-10-20T18:00:00Z	68.5	12.8	15	0.227	111	0
CKT-1033	2025-10-20T19:00:00Z	66.6	11.6	14.3	0.21	122	0
CKT-1033	2025-10-20T20:00:00Z	65.2	11.3	14.9	0.198	124	0
CKT-1033	2025-10-20T21:00:00Z	68.2	12.6	14.6	0.217	128	0
CKT-1033	2025-10-20T22:00:00Z	68.8	12.3	13.2	0.194	129	0
CKT-1033	2025-10-20T23:00:00Z	65.7	13	14	0.2	132	0
CKT-1033	2025-10-21T00:00:00Z	66.3	12.2	14.3	0.162	126	0
CKT-1033	2025-10-21T01:00:00Z	67.8	12.1	14.5	0.153	120	0
CKT-1033	2025-10-21T02:00:00Z	67.6	12.6	13.6	0.187	133	0
CKT-1033	2025-10-21T03:00:00Z	65.2	11.7	13.7	0.19	125	0
CKT-1033	2025-10-21T04:00:00Z	66.1	11.9	13.7	0.165	129	0
CKT-1033	2025-10-21T05:00:00Z	68.2	11.8	13.3	0.127	129	0
CKT-1033	2025-10-21T06:00:00Z	67.1	12.3	13.7	0.164	144	0
CKT-1033	2025-10-21T07:00:00Z	65.1	11.1	12.7	0.132	130	0
CKT-1033	2025-10-21T08:00:00Z	66.3	12.8	13.9	0.15	146	0
CKT-1033	2025-10-21T09:00:00Z	65.6	11.1	13.6	0.096	133	0
CKT-1033	2025-10-21T10:00:00Z	66.9	12	12.9	0.103	137	0
CKT-1033	2025-10-21T11:00:00Z	67.5	12.1	12.5	0.095	134	0
CKT-1034	2025-10-19T12:00:00Z	52.8	12.2	15.6	0.486	14	0
CKT-1034	2025-10-19T13:00:00Z	50.1	10.1	14.2	0.524	20	0
CKT-1034	2025-10-19T14:00:00Z	53.4	10.9	14.8	0.491	21	0
CKT-1034	2025-10-19T15:00:00Z	53.1	10.4	14.8	0.529	12	0
CKT-1034	2025-10-19T16:00:00Z	50.4	10.2	15.2	0.505	14	0
CKT-1034	2025-10-19T17:00:00Z	52.4	11.3	16	0.535	11	0
CKT-1034	2025-10-19T18:00:00Z	57.8	10.4	15.7	0.499	11	0
CKT-1034	2025-10-19T19:00:00Z	50.8	11	15.3	0.529	6	0
CKT-1034	2025-10-19T20:00:00Z	52.9	11.2	17.6	0.51	12	0
CKT-1034	2025-10-19T21:00:00Z	52.5	10.3	16.2	0.554	10	0
CKT-1034	2025-10-19T22:00:00Z	57.1	11	16.2	0.536	8	0
CKT-1034	2025-10-19T23:00:00Z	55	9.8	16.2	0.538	16	0
CKT-1034	2025-10-20T00:00:00Z	55.7	11.6	17.3	0.554	16	0
CKT-1034	2025-10-20T01:00:00Z	52.3	9.7	17.4	0.541	12	0
CKT-1034	2025-10-20T02:00:00Z	54.3	10.9	17.8	0.584	13	0
CKT-1034	2025-10-20T03:00:00Z	53.6	10.9	17.2	0.57	26	0
CKT-1034	2025-10-20T04:00:00Z	54.6	11.1	17.3	0.6	16	0
CKT-1034	2025-10-20T05:00:00Z	55.6	10.9	18.3	0.611	14	0
CKT-1034	2025-10-20T06:00:00Z	54.4	11.3	17.5	0.577	12	0
CKT-1034	2025-10-20T07:00:00Z	52	11.3	17.6	0.588	11	0
CKT-1034	2025-10-20T08:00:00Z	54.8	10.6	18.2	0.602	10	0
CKT-1034	2025-10-20T09:00:00Z	53.7	11.4	17.3	0.605	10	0
CKT-1034	2025-10-20T10:00:00Z	55.6	9.9	18.3	0.613	18	0
CKT-1034	2025-10-20T11:00:00Z	55.6	10.1	18.4	0.639	6	0
CKT-1034	2025-10-20T12:00:00Z	55.1	10.8	18.6	0.681	10	0
CKT-1034	2025-10-20T13:00:00Z	56	10.3	19.2	0.651	10	0
CKT-1034	2025-10-20T14:00:00Z	55.3	10.3	18.5	0.66	10	0
CKT-1034	2025-10-20T15:00:00Z	51.9	11.8	18.8	0.641	21	0
CKT-1034	2025-10-20T16:00:00Z	55.4	10.7	18.8	0.619	12	0
CKT-1034	2025-10-20T17:00:00Z	56.3	11	19.3	0.658	3	0
CKT-1034	2025-10-20T18:00:00Z	56.5	10.9	20.7	0.664	8	0
CKT-1034	2025-10-20T19:00:00Z	55.9	10.6	20.1	0.67	6	0
CKT-1034	2025-10-20T20:00:00Z	53.6	10.9	20.7	0.677	17	0
CKT-1034	2025-10-20T21:00:00Z	57.7	10.9	19.7	0.685	19	0
CKT-1034	2025-10-20T22:00:00Z	57.1	11.2	20	0.683	12	0
CKT-1034	2025-10-20T23:00:00Z	56.3	11.5	19.3	0.694	12	0
CKT-1034	2025-10-21T00:00:00Z	54.4	11.2	20.2	0.692	22	0
CKT-1034	2025-10-21T01:00:00Z	58.1	11.1	20.9	0.702	22	0
CKT-1034	2025-10-21T02:00:00Z	57.9	10.3	20.2	0.723	12	0
CKT-1034	2025-10-21T03:00:00Z	54.7	11	20.9	0.728	15	0
CKT-1034	2025-10-21T04:00:00Z	56	11.2	20.9	0.715	10	0
CKT-1034	2025-10-21T05:00:00Z	58.7	10.6	22	0.765	9	1
CKT-1034	2025-10-21T06:00:00Z	52.8	11.4	21.3	0.718	10	1
CKT-1034	2025-10-21T07:00:00Z	56.6	11.6	21.7	0.767	15	1
CKT-1034	2025-10-21T08:00:00Z	56.9	10.6	22	0.764	17	1
CKT-1034	2025-10-21T09:00:00Z	57.1	10.9	22.2	0.746	7	1
CKT-1034	2025-10-21T10:00:00Z	56.4	10.6	22.4	0.785	6	1
CKT-1034	2025-10-21T11:00:00Z	56.8	10.6	22.6	0.755	10	1
CKT-1035	2025-10-19T12:00:00Z	77.9	1.4	10.4	0.24	223	0
CKT-1035	2025-10-19T13:00:00Z	79	1.7	10.8	0.219	232	0
CKT-1035	2025-10-19T14:00:00Z	77.2	1	10.3	0.26	229	0
CKT-1035	2025-10-19T15:00:00Z	77.4	1.5	10.5	0.233	224	0
CKT-1035	2025-10-19T16:00:00Z	78.4	1	9.8	0.263	226	0
CKT-1035	2025-10-19T17:00:00Z	80.1	1	10.5	0.233	225	0
CKT-1035	2025-10-19T18:00:00Z	77	2.1	10.7	0.232	221	0
CKT-1035	2025-10-19T19:00:00Z	75.1	1	10.4	0.245	220	0
CKT-1035	2025-10-19T20:00:00Z	77.6	1.6	11.6	0.213	228	0
CKT-1035	2025-10-19T21:00:00Z	76.4	1.1	10.2	0.286	234	0
CKT-1035	2025-10-19T22:00:00Z	77.5	2	10.9	0.261	231	0
CKT-1035	2025-10-19T23:00:00Z	75.6	1	12.1	0.267	237	0
CKT-1035	2025-10-20T00:00:00Z	76.2	1.5	10.4	0.224	234	0
CKT-1035	2025-10-20T01:00:00Z	80.6	2.1	10.9	0.243	229	0
CKT-1035	2025-10-20T02:00:00Z	77.7	1.1	11.6	0.276	238	0
CKT-1035	2025-10-20T03:00:00Z	78.4	1	11.5	0.249	242	0
CKT-1035	2025-10-20T04:00:00Z	78.2	1	11.7	0.229	235	0
CKT-1035	2025-10-20T05:00:00Z	77.2	1	11.2	0.254	248	0
CKT-1035	2025-10-20T06:00:00Z	77.8	1.6	11.6	0.252	243	0
CKT-1035	2025-10-20T07:00:00Z	78.7	1.7	11.4	0.231	235	0
CKT-1035	2025-10-20T08:00:00Z	77.1	1	12.5	0.277	241	0
CKT-1035	2025-10-20T09:00:00Z	75.9	1.6	11.1	0.246	242	0
CKT-1035	2025-10-20T10:00:00Z	77.7	1.4	12.3	0.288	247	0
CKT-1035	2025-10-20T11:00:00Z	79	1	10.9	0.255	243	0
CKT-1035	2025-10-20T12:00:00Z	76.6	1	11.6	0.282	257	0
CKT-1035	2025-10-20T13:00:00Z	74.9	1	11.5	0.286	248	0
CKT-1035	2025-10-20T14:00:00Z	76.4	1.4	12.5	0.272	246	0
CKT-1035	2025-10-20T15:00:00Z	77.9	1	11.9	0.263	256	0
CKT-1035	2025-10-20T16:00:00Z	77.8	1.6	12.8	0.284	250	0
CKT-1035	2025-10-20T17:00:00Z	79	1.3	13.5	0.282	257	0
CKT-1035	2025-10-20T18:00:00Z	77.9	1	12.1	0.283	257	0
CKT-1035	2025-10-20T19:00:00Z	79.2	1.2	12.1	0.272	249	0
CKT-1035	2025-10-20T20:00:00Z	79.9	1	12.9	0.285	258	0
CKT-1035	2025-10-20T21:00:00Z	77.2	1	12	0.315	258	0
CKT-1035	2025-10-20T22:00:00Z	79.1	1.8	12.3	0.29	259	0
CKT-1035	2025-10-20T23:00:00Z	75.6	1	12.9	0.273	258	0
CKT-1035	2025-10-21T00:00:00Z	77.1	2.3	11.8	0.294	259	0
CKT-1035	2025-10-21T01:00:00Z	76.4	1	13.1	0.3	262	0
CKT-1035	2025-10-21T02:00:00Z	79	1.8	13.2	0.276	265	0
CKT-1035	2025-10-21T03:00:00Z	78.1	1	12.1	0.247	264	0
CKT-1035	2025-10-21T04:00:00Z	77.8	1	13.5	0.292	271	0
CKT-1035	2025-10-21T05:00:00Z	77.9	1	13.3	0.303	263	0
CKT-1035	2025-10-21T06:00:00Z	75.1	1.1	12.6	0.314	264	0
CKT-1035	2025-10-21T07:00:00Z	79.9	1	13.2	0.321	263	0
CKT-1035	2025-10-21T08:00:00Z	77	1	12.9	0.299	262	0
CKT-1035	2025-10-21T09:00:00Z	77.1	1.3	13.2	0.275	275	0
CKT-1035	2025-10-21T10:00:00Z	78.3	1	12.7	0.277	273	0
CKT-1035	2025-10-21T11:00:00Z	77.6	1.5	13.3	0.279	276	0
CKT-1036	2025-10-19T12:00:00Z	65.9	5.8	5.2	0.319	82	0
CKT-1036	2025-10-19T13:00:00Z	65	4.5	5.9	0.27	74	0
CKT-1036	2025-10-19T14:00:00Z	68	5.1	5.8	0.296	79	0
CKT-1036	2025-10-19T15:00:00Z	67.2	4.4	6.7	0.315	80	0
CKT-1036	2025-10-19T16:00:00Z	64.7	4.1	5.8	0.284	68	0
CKT-1036	2025-10-19T17:00:00Z	66.7	5.5	6.3	0.263	73	0
CKT-1036	2025-10-19T18:00:00Z	66.4	4.6	6.3	0.283	82	0
CKT-1036	2025-10-19T19:00:00Z	64.2	4.9	5.9	0.263	81	0
CKT-1036	2025-10-19T20:00:00Z	67.3	5.6	6.4	0.258	75	0
CKT-1036	2025-10-19T21:00:00Z	63.2	5.5	6	0.264	80	0
CKT-1036	2025-10-19T22:00:00Z	63.9	4.2	7	0.254	74	0
CKT-1036	2025-10-19T23:00:00Z	65.6	5.4	6.8	0.213	85	0
CKT-1036	2025-10-20T00:00:00Z	67.2	4.6	5.7	0.258	79	0
CKT-1036	2025-10-20T01:00:00Z	63.5	4.6	7.9	0.231	73	0
CKT-1036	2025-10-20T02:00:00Z	64.2	5.8	6.8	0.253	78	0
CKT-1036	2025-10-20T03:00:00Z	67.5	4.2	6.5	0.225	83	0
CKT-1036	2025-10-20T04:00:00Z	66.1	4.4	6.5	0.18	65	0
CKT-1036	2025-10-20T05:00:00Z	66.8	4.5	6.4	0.225	83	0
CKT-1036	2025-10-20T06:00:00Z	66.3	5.9	6.8	0.208	78	0
CKT-1036	2025-10-20T07:00:00Z	63.6	5.3	5.4	0.185	77	0
CKT-1036	2025-10-20T08:00:00Z	64.3	4.5	7.6	0.213	73	0
CKT-1036	2025-10-20T09:00:00Z	64.7	4	7.1	0.18	67	0
CKT-1036	2025-10-20T10:00:00Z	65.6	5	7.3	0.178	75	0
CKT-1036	2025-10-20T11:00:00Z	68.4	4.7	7.2	0.163	80	0
CKT-1036	2025-10-20T12:00:00Z	63.2	4.5	6.3	0.156	83	0
CKT-1036	2025-10-20T13:00:00Z	64.4	5.2	7.7	0.161	81	0
CKT-1036	2025-10-20T14:00:00Z	66.1	4.8	7.3	0.193	73	0
CKT-1036	2025-10-20T15:00:00Z	63.8	4.1	7.5	0.173	74	0
CKT-1036	2025-10-20T16:00:00Z	62	4.3	7.3	0.143	77	0
CKT-1036	2025-10-20T17:00:00Z	64.4	5.3	7.3	0.151	77	0
CKT-1036	2025-10-20T18:00:00Z	65.9	5	6.7	0.141	80	0
CKT-1036	2025-10-20T19:00:00Z	66.8	5	6.7	0.111	74	0
CKT-1036	2025-10-20T20:00:00Z	65.4	4.7	6.7	0.099	66	0
CKT-1036	2025-10-20T21:00:00Z	60.4	4.7	8.4	0.152	72	0
CKT-1036	2025-10-20T22:00:00Z	65.2	3.9	6.7	0.086	75	0
CKT-1036	2025-10-20T23:00:00Z	64.7	4.9	7.7	0.098	77	0
CKT-1036	2025-10-21T00:00:00Z	63.3	3.9	6.7	0.112	75	0
CKT-1036	2025-10-21T01:00:00Z	62.1	4.7	6.8	0.126	74	0
CKT-1036	2025-10-21T02:00:00Z	65.9	5.4	7	0.089	79	0
CKT-1036	2025-10-21T03:00:00Z	65	5	6.9	0.093	74	0
CKT-1036	2025-10-21T04:00:00Z	65.3	5.3	7.9	0.083	80	0
CKT-1036	2025-10-21T05:00:00Z	65.8	5.6	7.6	0.073	81	0
CKT-1036	2025-10-21T06:00:00Z	64	3.9	7.9	0.06	70	0
CKT-1036	2025-10-21T07:00:00Z	65.5	5.6	6.9	0.079	64	0
CKT-1036	2025-10-21T08:00:00Z	64.1	5.8	7.6	0.055	80	0
CKT-1036	2025-10-21T09:00:00Z	62.1	4.8	7.8	0.084	70	0
CKT-1036	2025-10-21T10:00:00Z	64	4.2	7.3	0.064	77	0
CKT-1036	2025-10-21T11:00:00Z	63.8	4.4	7.6	0.026	70	0
CKT-1037	2025-10-19T12:00:00Z	49.6	11.6	7.4	0.331	37	0
CKT-1037	2025-10-19T13:00:00Z	51.6	13.3	8	0.322	42	0
CKT-1037	2025-10-19T14:00:00Z	50.4	12.8	7.5	0.333	38	0
CKT-1037	2025-10-19T15:00:00Z	50.5	11.5	7.5	0.296	29	0
CKT-1037	2025-10-19T16:00:00Z	50.9	11.8	8.4	0.311	39	0
CKT-1037	2025-10-19T17:00:00Z	50.6	12	8.7	0.284	40	0
CKT-1037	2025-10-19T18:00:00Z	49.6	11.2	8.1	0.303	51	0
CKT-1037	2025-10-19T19:00:00Z	52.9	13.6	7.9	0.292	39	0
CKT-1037	2025-10-19T20:00:00Z	52.4	12.2	8.3	0.273	48	0
CKT-1037	2025-10-19T21:00:00Z	51.6	12.2	7.6	0.317	58	0
CKT-1037	2025-10-19T22:00:00Z	49.7	12.5	6.5	0.305	39	0
CKT-1037	2025-10-19T23:00:00Z	50.6	11.3	7.9	0.307	40	0
CKT-1037	2025-10-20T00:00:00Z	50.8	11.8	8.8	0.297	45	0
CKT-1037	2025-10-20T01:00:00Z	50.7	13.1	8.3	0.268	50	0
CKT-1037	2025-10-20T02:00:00Z	51	11.8	7.1	0.271	59	0
CKT-1037	2025-10-20T03:00:00Z	50.8	12.1	8	0.327	54	0
CKT-1037	2025-10-20T04:00:00Z	53.1	11.8	7.8	0.281	51	0
CKT-1037	2025-10-20T05:00:00Z	51.1	12.7	7.6	0.279	59	0
CKT-1037	2025-10-20T06:00:00Z	50.2	12.8	8	0.274	46	0
CKT-1037	2025-10-20T07:00:00Z	50.9	12.3	8.9	0.287	63	0
CKT-1037	2025-10-20T08:00:00Z	49.6	12	8.6	0.256	63	0
CKT-1037	2025-10-20T09:00:00Z	52.6	12.3	7.8	0.252	68	0
CKT-1037	2025-10-20T10:00:00Z	52.4	12.3	7.8	0.271	61	0
CKT-1037	2025-10-20T11:00:00Z	52.1	12.6	7.6	0.239	62	0
CKT-1037	2025-10-20T12:00:00Z	48.9	11.9	7.7	0.277	72	0
CKT-1037	2025-10-20T13:00:00Z	48.6	13.5	7.9	0.272	56	0
CKT-1037	2025-10-20T14:00:00Z	53	12.1	8	0.224	65	0
CKT-1037	2025-10-20T15:00:00Z	52.8	12	8.6	0.284	62	0
CKT-1037	2025-10-20T16:00:00Z	53.9	12.1	8	0.262	67	0
CKT-1037	2025-10-20T17:00:00Z	47.6	12	7.3	0.29	75	0
CKT-1037	2025-10-20T18:00:00Z	52.8	12	7.5	0.243	78	0
CKT-1037	2025-10-20T19:00:00Z	50.5	10.7	8.5	0.284	78	0
CKT-1037	2025-10-20T20:00:00Z	53.1	12.8	8	0.211	71	0
CKT-1037	2025-10-20T21:00:00Z	52.5	12	7.9	0.231	66	0
CKT-1037	2025-10-20T22:00:00Z	54.4	13.2	8	0.255	68	0
CKT-1037	2025-10-20T23:00:00Z	52.6	13.2	7.2	0.256	76	0
CKT-1037	2025-10-21T00:00:00Z	52.4	13.1	9	0.241	78	0
CKT-1037	2025-10-21T01:00:00Z	51.8	11.7	8.1	0.257	77	0
CKT-1037	2025-10-21T02:00:00Z	50.3	11.8	7.8	0.225	78	0
CKT-1037	2025-10-21T03:00:00Z	52.3	12.7	7.6	0.228	85	0
CKT-1037	2025-10-21T04:00:00Z	51.4	12.1	7.9	0.261	84	0
CKT-1037	2025-10-21T05:00:00Z	53.4	12.1	7.6	0.275	84	0
CKT-1037	2025-10-21T06:00:00Z	51	13	7.7	0.263	88	0
CKT-1037	2025-10-21T07:00:00Z	50.3	12.5	8.4	0.285	78	0
CKT-1037	2025-10-21T08:00:00Z	53.9	12.1	7.4	0.229	83	0
CKT-1037	2025-10-21T09:00:00Z	50.1	12.3	8.5	0.234	81	0
CKT-1037	2025-10-21T10:00:00Z	51.5	12.1	8.1	0.25	86	0
CKT-1037	2025-10-21T11:00:00Z	49.7	11.8	8.1	0.248	92	0
CKT-1038	2025-10-19T12:00:00Z	62	10	2.6	0.023	105	0
CKT-1038	2025-10-19T13:00:00Z	65.3	10	2.7	0.042	102	0
CKT-1038	2025-10-19T14:00:00Z	64.7	7.9	4.2	0.058	96	0
CKT-1038	2025-10-19T15:00:00Z	66.3	10	3.4	0.051	88	0
CKT-1038	2025-10-19T16:00:00Z	65.5	10.6	2.7	0.051	101	0
CKT-1038	2025-10-19T17:00:00Z	64.9	9.5	2.9	0.07	87	0
CKT-1038	2025-10-19T18:00:00Z	65.2	9.9	3.2	0.1	104	0
CKT-1038	2025-10-19T19:00:00Z	68.8	10.3	3.1	0.071	95	0
CKT-1038	2025-10-19T20:00:00Z	67.9	10.3	3.5	0.086	98	0
CKT-1038	2025-10-19T21:00:00Z	69.3	10.3	3.2	0.078	90	0
CKT-1038	2025-10-19T22:00:00Z	66.9	9.9	3.5	0.072	92	0
CKT-1038	2025-10-19T23:00:00Z	68.8	9.2	3.5	0.1	91	0
CKT-1038	2025-10-20T00:00:00Z	68.9	10	2.9	0.107	97	0
CKT-1038	2025-10-20T01:00:00Z	68.2	8.8	2.6	0.11	88	0
CKT-1038	2025-10-20T02:00:00Z	69.3	10.8	2.8	0.118	105	0
CKT-1038	2025-10-20T03:00:00Z	70.9	9.5	3.4	0.138	103	0
CKT-1038	2025-10-20T04:00:00Z	69.9	9.3	2.8	0.137	87	0
CKT-1038	2025-10-20T05:00:00Z	70.5	9.2	4.1	0.131	96	0
CKT-1038	2025-10-20T06:00:00Z	69.2	9.8	3	0.138	106	0
CKT-1038	2025-10-20T07:00:00Z	73.5	9.7	5.2	0.134	100	0
CKT-1038	2025-10-20T08:00:00Z	70.3	9.6	3	0.164	95	0
CKT-1038	2025-10-20T09:00:00Z	72.6	10.4	3.4	0.171	99	0
CKT-1038	2025-10-20T10:00:00Z	71.3	9.3	3.8	0.183	102	0
CKT-1038	2025-10-20T11:00:00Z	73.7	9.6	3.4	0.183	93	0
CKT-1038	2025-10-20T12:00:00Z	74	9.7	4.1	0.171	91	0
CKT-1038	2025-10-20T13:00:00Z	75.6	7.9	3.6	0.165	101	0
CKT-1038	2025-10-20T14:00:00Z	74.7	9.4	3.9	0.182	92	0
CKT-1038	2025-10-20T15:00:00Z	76	9.5	3.8	0.179	89	0
CKT-1038	2025-10-20T16:00:00Z	76.4	9.9	3.3	0.22	98	0
CKT-1038	2025-10-20T17:00:00Z	78.2	9.9	4.4	0.255	93	0
CKT-1038	2025-10-20T18:00:00Z	75.7	8.8	5	0.252	90	0
CKT-1038	2025-10-20T19:00:00Z	76.6	9.6	4.7	0.197	85	0
CKT-1038	2025-10-20T20:00:00Z	81.4	9.9	4.4	0.224	97	0
CKT-1038	2025-10-20T21:00:00Z	76.4	9.3	4.3	0.189	93	0
CKT-1038	2025-10-20T22:00:00Z	78.6	9.6	4	0.22	85	0
CKT-1038	2025-10-20T23:00:00Z	79.8	9.6	3.6	0.247	93	0
CKT-1038	2025-10-21T00:00:00Z	79.4	8.5	4.7	0.227	95	0
CKT-1038	2025-10-21T01:00:00Z	79.3	9.5	5	0.268	100	0
CKT-1038	2025-10-21T02:00:00Z	81.5	10	3.5	0.257	93	0
CKT-1038	2025-10-21T03:00:00Z	83.3	9.5	4.6	0.274	100	0
CKT-1038	2025-10-21T04:00:00Z	81.7	10.3	3.6	0.243	83	0
CKT-1038	2025-10-21T05:00:00Z	83.6	10.2	5	0.267	92	0
CKT-1038	2025-10-21T06:00:00Z	82.7	10.6	5.4	0.302	96	0
CKT-1038	2025-10-21T07:00:00Z	85.3	9.6	4.4	0.29	90	0
CKT-1038	2025-10-21T08:00:00Z	83.5	9.1	5.2	0.309	102	0
CKT-1038	2025-10-21T09:00:00Z	81.8	10.9	3.9	0.28	91	0
CKT-1038	2025-10-21T10:00:00Z	86.7	9.9	4.6	0.294	88	0
CKT-1038	2025-10-21T11:00:00Z	86.9	10.2	5.5	0.324	81	0
CKT-1039	2025-10-19T12:00:00Z	72.9	12.8	10.8	0.413	150	0
CKT-1039	2025-10-19T13:00:00Z	72.2	15	10	0.446	160	0
CKT-1039	2025-10-19T14:00:00Z	75.3	13.7	11.4	0.473	157	0
CKT-1039	2025-10-19T15:00:00Z	72.8	13.2	11.4	0.456	165	0
CKT-1039	2025-10-19T16:00:00Z	72.8	13.5	10.3	0.476	167	0
CKT-1039	2025-10-19T17:00:00Z	72.4	13.8	10.8	0.503	156	0
CKT-1039	2025-10-19T18:00:00Z	72.9	13.8	11.4	0.494	162	0
CKT-1039	2025-10-19T19:00:00Z	73.6	13.5	11.2	0.558	160	0
CKT-1039	2025-10-19T20:00:00Z	74.4	12.9	11.7	0.543	163	0
CKT-1039	2025-10-19T21:00:00Z	71	12.4	11.2	0.547	161	0
CKT-1039	2025-10-19T22:00:00Z	72.9	12.7	11.4	0.522	167	0
CKT-1039	2025-10-19T23:00:00Z	72.1	12.9	11.3	0.534	162	0
CKT-1039	2025-10-20T00:00:00Z	74.4	13.4	10.6	0.549	174	0
CKT-1039	2025-10-20T01:00:00Z	71.7	14.5	11.3	0.579	176	0
CKT-1039	2025-10-20T02:00:00Z	73.5	12.8	11.4	0.601	167	0
CKT-1039	2025-10-20T03:00:00Z	74.3	13.3	12	0.558	169	0
CKT-1039	2025-10-20T04:00:00Z	71.6	13.7	12	0.603	171	0
CKT-1039	2025-10-20T05:00:00Z	71.5	13.7	11.5	0.623	174	0
CKT-1039	2025-10-20T06:00:00Z	72.4	13.9	12.1	0.577	170	0
CKT-1039	2025-10-20T07:00:00Z	74.5	13.7	11.3	0.625	174	0
CKT-1039	2025-10-20T08:00:00Z	71.6	12.9	12.7	0.587	173	0
CKT-1039	2025-10-20T09:00:00Z	73.1	14.5	12.6	0.617	186	0
CKT-1039	2025-10-20T10:00:00Z	70.9	13.8	12.6	0.625	183	0
CKT-1039	2025-10-20T11:00:00Z	72.2	14	11.5	0.657	178	0
CKT-1039	2025-10-20T12:00:00Z	74.7	13.6	13.1	0.669	181	0
CKT-1039	2025-10-20T13:00:00Z	74.2	14.1	12.8	0.621	178	0
CKT-1039	2025-10-20T14:00:00Z	75.1	12.8	13.1	0.689	180	0
CKT-1039	2025-10-20T15:00:00Z	70	13.3	13.7	0.666	181	0
CKT-1039	2025-10-20T16:00:00Z	71.5	14.3	12.6	0.679	193	0
CKT-1039	2025-10-20T17:00:00Z	73.9	13.1	12.2	0.723	187	0
CKT-1039	2025-10-20T18:00:00Z	70.7	12.5	12.3	0.683	177	0
CKT-1039	2025-10-20T19:00:00Z	71.4	13.1	12.7	0.75	187	0
CKT-1039	2025-10-20T20:00:00Z	72.8	13.9	12.9	0.732	191	0
CKT-1039	2025-10-20T21:00:00Z	73.3	15.3	13.6	0.711	192	0
CKT-1039	2025-10-20T22:00:00Z	71.9	13.9	12.5	0.718	193	0
CKT-1039	2025-10-20T23:00:00Z	74.6	13.9	13.7	0.756	193	0
CKT-1039	2025-10-21T00:00:00Z	72.4	14.1	13.8	0.755	193	0
CKT-1039	2025-10-21T01:00:00Z	75.5	13.6	13.4	0.774	194	0
CKT-1039	2025-10-21T02:00:00Z	71.9	13.8	13.4	0.81	199	0
CKT-1039	2025-10-21T03:00:00Z	72.3	14	13.7	0.807	194	0
CKT-1039	2025-10-21T04:00:00Z	73.5	13.5	13.6	0.772	200	0
CKT-1039	2025-10-21T05:00:00Z	73.8	14.4	13.6	0.789	202	1
CKT-1039	2025-10-21T06:00:00Z	72	14.3	14.2	0.831	201	1
CKT-1039	2025-10-21T07:00:00Z	72.5	13.7	14	0.802	207	1
CKT-1039	2025-10-21T08:00:00Z	74.1	13.1	14.8	0.824	196	1
CKT-1039	2025-10-21T09:00:00Z	72	14.5	14.8	0.85	209	1
CKT-1039	2025-10-21T10:00:00Z	75.1	13.9	14.1	0.849	207	1
CKT-1039	2025-10-21T11:00:00Z	72.2	14	14.8	0.842	203	1
CKT-1040	2025-10-19T12:00:00Z	65.7	10.7	1.3	0.487	142	0
CKT-1040	2025-10-19T13:00:00Z	66.5	11.6	1.8	0.47	149	0
CKT-1040	2025-10-19T14:00:00Z	65.1	13	1.3	0.47	154	0
CKT-1040	2025-10-19T15:00:00Z	66.2	11.5	1.4	0.443	159	0
CKT-1040	2025-10-19T16:00:00Z	64.6	12.5	1.8	0.47	153	0
CKT-1040	2025-10-19T17:00:00Z	66.2	12.3	3.4	0.476	172	0
CKT-1040	2025-10-19T18:00:00Z	68.4	10.9	1.8	0.426	165	0
CKT-1040	2025-10-19T19:00:00Z	66	12	1.3	0.445	176	0
CKT-1040	2025-10-19T20:00:00Z	66.5	11.1	1	0.411	179	0
CKT-1040	2025-10-19T21:00:00Z	66.9	11.8	1.6	0.408	185	0
CKT-1040	2025-10-19T22:00:00Z	71.5	10.9	1.5	0.432	197	0
CKT-1040	2025-10-19T23:00:00Z	69.5	11.2	1.3	0.427	196	0
CKT-1040	2025-10-20T00:00:00Z	67.3	12.2	1.7	0.4	200	0
CKT-1040	2025-10-20T01:00:00Z	69.2	10.8	0.2	0.403	205	0
CKT-1040	2025-10-20T02:00:00Z	67.7	11.6	1.7	0.428	211	0
CKT-1040	2025-10-20T03:00:00Z	67.3	11.9	1.2	0.415	226	0
CKT-1040	2025-10-20T04:00:00Z	69.1	9.7	0.6	0.412	222	0
CKT-1040	2025-10-20T05:00:00Z	68.8	10.6	0.9	0.373	229	0
CKT-1040	2025-10-20T06:00:00Z	70.3	11.1	0.7	0.398	232	0
CKT-1040	2025-10-20T07:00:00Z	71.5	11.6	1	0.368	233	0
CKT-1040	2025-10-20T08:00:00Z	70.9	12.7	0.4	0.375	242	0
CKT-1040	2025-10-20T09:00:00Z	71.3	12.1	0.8	0.375	251	0
CKT-1040	2025-10-20T10:00:00Z	74.7	12.3	0.9	0.374	252	0
CKT-1040	2025-10-20T11:00:00Z	72.5	10.9	1.4	0.374	256	0
CKT-1040	2025-10-20T12:00:00Z	70.6	11.5	0	0.354	259	0
CKT-1040	2025-10-20T13:00:00Z	73.2	12.6	1.2	0.39	270	0
CKT-1040	2025-10-20T14:00:00Z	74.8	12.6	0.5	0.34	275	0
CKT-1040	2025-10-20T15:00:00Z	73.4	11.6	0.7	0.34	285	0
CKT-1040	2025-10-20T16:00:00Z	72	11.9	1.1	0.316	277	0
CKT-1040	2025-10-20T17:00:00Z	72.9	11.8	0.6	0.341	279	0
CKT-1040	2025-10-20T18:00:00Z	77.7	11.5	1.1	0.327	288	0
CKT-1040	2025-10-20T19:00:00Z	77.3	10.3	0.9	0.309	294	0
CKT-1040	2025-10-20T20:00:00Z	73.8	10.9	0.8	0.277	300	0
CKT-1040	2025-10-20T21:00:00Z	74.9	10.6	1.5	0.312	305	0
CKT-1040	2025-10-20T22:00:00Z	74.4	11.4	1.4	0.369	315	0
CKT-1040	2025-10-20T23:00:00Z	77.2	12.5	0.8	0.346	320	0
CKT-1040	2025-10-21T00:00:00Z	76	11.7	0	0.316	314	0
CKT-1040	2025-10-21T01:00:00Z	73.6	11.6	0.1	0.306	327	0
CKT-1040	2025-10-21T02:00:00Z	76.6	10.9	1.1	0.3	334	0
CKT-1040	2025-10-21T03:00:00Z	74.8	11.3	1.2	0.316	333	0
CKT-1040	2025-10-21T04:00:00Z	76.1	10.9	0.3	0.264	341	0
CKT-1040	2025-10-21T05:00:00Z	78.1	11	0.5	0.283	352	0
CKT-1040	2025-10-21T06:00:00Z	76.5	11.1	0.1	0.26	354	0
CKT-1040	2025-10-21T07:00:00Z	77.5	11.5	1.2	0.305	348	0
CKT-1040	2025-10-21T08:00:00Z	78.9	11.6	0.3	0.28	353	0
CKT-1040	2025-10-21T09:00:00Z	80.4	11.8	0	0.258	358	0
CKT-1040	2025-10-21T10:00:00Z	78	11.2	0	0.28	378	0
CKT-1040	2025-10-21T11:00:00Z	78.7	11.3	0.6	0.26	371	0
CKT-1041	2025-10-19T12:00:00Z	25.2	7.1	5.8	0	274	0
CKT-1041	2025-10-19T13:00:00Z	24.3	7.8	3.8	0	275	0
CKT-1041	2025-10-19T14:00:00Z	25.4	6.1	5.1	0	274	0
CKT-1041	2025-10-19T15:00:00Z	27.5	6.6	4.6	0	286	0
CKT-1041	2025-10-19T16:00:00Z	22.3	7.3	4.4	0	286	0
CKT-1041	2025-10-19T17:00:00Z	23.1	7	3.7	0	290	0
CKT-1041	2025-10-19T18:00:00Z	27.1	6.4	5.2	0	290	0
CKT-1041	2025-10-19T19:00:00Z	23.8	6	4.6	0	301	0
CKT-1041	2025-10-19T20:00:00Z	24.4	6.4	4.6	0	299	0
CKT-1041	2025-10-19T21:00:00Z	26.8	7	4.5	0	293	0
CKT-1041	2025-10-19T22:00:00Z	25.9	7	4.9	0	303	0
CKT-1041	2025-10-19T23:00:00Z	26.8	6.7	4.6	0	310	0
CKT-1041	2025-10-20T00:00:00Z	24.7	7.9	5.5	0.012	318	0
CKT-1041	2025-10-20T01:00:00Z	22.9	6.1	4.3	0	313	0
CKT-1041	2025-10-20T02:00:00Z	22.7	7.6	5.6	0.026	322	0
CKT-1041	2025-10-20T03:00:00Z	25.4	6.4	4.5	0.046	318	0
CKT-1041	2025-10-20T04:00:00Z	24.4	7.6	5.1	0	321	0
CKT-1041	2025-10-20T05:00:00Z	24.2	6.9	5.1	0	331	0
CKT-1041	2025-10-20T06:00:00Z	25.1	8.3	4.7	0.012	331	0
CKT-1041	2025-10-20T07:00:00Z	24.4	5.8	4.4	0.012	324	0
CKT-1041	2025-10-20T08:00:00Z	24.7	5.7	4.4	0.025	335	0
CKT-1041	2025-10-20T09:00:00Z	24.2	6.9	4.1	0.024	338	0
CKT-1041	2025-10-20T10:00:00Z	23.4	7.1	4.7	0.023	353	0
CKT-1041	2025-10-20T11:00:00Z	24.5	6.7	4.3	0.011	347	0
CKT-1041	2025-10-20T12:00:00Z	23.6	6.6	4.3	0.014	338	0
CKT-1041	2025-10-20T13:00:00Z	23.9	7.4	4.7	0.068	353	0
CKT-1041	2025-10-20T14:00:00Z	25.3	8	4.5	0.041	352	0
CKT-1041	2025-10-20T15:00:00Z	26.8	6.9	4.2	0.055	351	0
CKT-1041	2025-10-20T16:00:00Z	25.3	7.2	4.5	0.058	351	0
CKT-1041	2025-10-20T17:00:00Z	24.7	6.6	6	0.053	359	0
CKT-1041	2025-10-20T18:00:00Z	22.3	7.7	4.4	0.037	366	0
CKT-1041	2025-10-20T19:00:00Z	25.3	7.3	4.6	0.059	369	0
CKT-1041	2025-10-20T20:00:00Z	24.8	7.2	5.1	0.06	366	0
CKT-1041	2025-10-20T21:00:00Z	24	7.4	3.7	0.027	378	0
CKT-1041	2025-10-20T22:00:00Z	26.5	6.1	4.7	0.058	375	0
CKT-1041	2025-10-20T23:00:00Z	24.6	6.1	4.1	0.063	379	0
CKT-1041	2025-10-21T00:00:00Z	22.4	7.4	4.4	0.064	384	0
CKT-1041	2025-10-21T01:00:00Z	23.8	7.4	4.2	0.047	384	0
CKT-1041	2025-10-21T02:00:00Z	24.1	6.2	3.9	0.082	385	0
CKT-1041	2025-10-21T03:00:00Z	21.8	7.5	4.3	0.105	392	0
CKT-1041	2025-10-21T04:00:00Z	24.3	6.8	3.3	0.062	394	0
CKT-1041	2025-10-21T05:00:00Z	24.4	5.8	4.6	0.066	399	0
CKT-1041	2025-10-21T06:00:00Z	23.8	7.4	5.2	0.101	405	0
CKT-1041	2025-10-21T07:00:00Z	23.2	8.6	4.1	0.084	408	0
CKT-1041	2025-10-21T08:00:00Z	24.8	7.2	5	0.056	414	0
CKT-1041	2025-10-21T09:00:00Z	23.3	7.7	3.7	0.106	407	0
CKT-1041	2025-10-21T10:00:00Z	24.5	7.1	4.9	0.083	412	0
CKT-1041	2025-10-21T11:00:00Z	23.3	7.2	5.2	0.111	409	0
CKT-1042	2025-10-19T12:00:00Z	30.3	15.3	0.7	0.022	166	0
CKT-1042	2025-10-19T13:00:00Z	31.2	15.1	0.1	0.022	181	0
CKT-1042	2025-10-19T14:00:00Z	28.5	14.7	0.3	0.053	174	0
CKT-1042	2025-10-19T15:00:00Z	33	16.8	0.9	0.036	179	0
CKT-1042	2025-10-19T16:00:00Z	29.1	15.6	0.9	0.039	168	0
CKT-1042	2025-10-19T17:00:00Z	29.4	16.4	1.1	0.049	162	0
CKT-1042	2025-10-19T18:00:00Z	30.1	16	1.3	0.075	172	0
CKT-1042	2025-10-19T19:00:00Z	32	15.5	1.8	0.114	167	0
CKT-1042	2025-10-19T20:00:00Z	29.9	16	1.4	0.109	171	0
CKT-1042	2025-10-19T21:00:00Z	30.9	15.3	2.3	0.143	181	0
CKT-1042	2025-10-19T22:00:00Z	32	15.3	2.7	0.116	172	0
CKT-1042	2025-10-19T23:00:00Z	29	15	2.6	0.15	172	0
CKT-1042	2025-10-20T00:00:00Z	30.8	16.1	3.2	0.157	169	0
CKT-1042	2025-10-20T01:00:00Z	30.4	17	3.3	0.157	171	0
CKT-1042	2025-10-20T02:00:00Z	30	15.7	3.6	0.156	170	0
CKT-1042	2025-10-20T03:00:00Z	29.2	16	4	0.173	160	0
CKT-1042	2025-10-20T04:00:00Z	31.4	16.1	3.5	0.203	164	0
CKT-1042	2025-10-20T05:00:00Z	32.1	15.9	3.1	0.201	168	0
CKT-1042	2025-10-20T06:00:00Z	29.8	15.5	4.4	0.198	161	0
CKT-1042	2025-10-20T07:00:00Z	32.6	15.8	4.3	0.195	174	0
CKT-1042	2025-10-20T08:00:00Z	28.8	16.1	4.6	0.217	165	0
CKT-1042	2025-10-20T09:00:00Z	29.9	16	5.3	0.222	170	0
CKT-1042	2025-10-20T10:00:00Z	32.2	15	5.4	0.229	165	0
CKT-1042	2025-10-20T11:00:00Z	31.3	15.7	5	0.285	175	0
CKT-1042	2025-10-20T12:00:00Z	28.1	15.1	6.2	0.263	178	0
CKT-1042	2025-10-20T13:00:00Z	32	16.2	5.6	0.289	164	0
CKT-1042	2025-10-20T14:00:00Z	33.1	16.2	5.9	0.305	182	0
CKT-1042	2025-10-20T15:00:00Z	30.9	16.3	6.4	0.301	163	0
CKT-1042	2025-10-20T16:00:00Z	31.3	16	7.7	0.274	169	0
CKT-1042	2025-10-20T17:00:00Z	33.3	15.8	7	0.303	166	0
CKT-1042	2025-10-20T18:00:00Z	28.7	15.6	6.8	0.333	167	0
CKT-1042	2025-10-20T19:00:00Z	30.8	15.7	7.5	0.33	165	0
CKT-1042	2025-10-20T20:00:00Z	31.7	16.6	7.8	0.339	170	0
CKT-1042	2025-10-20T21:00:00Z	28.5	15.9	7.8	0.342	167	0
CKT-1042	2025-10-20T22:00:00Z	31.1	16.6	8.8	0.353	168	0
CKT-1042	2025-10-20T23:00:00Z	31	16.5	8.6	0.383	173	0
CKT-1042	2025-10-21T00:00:00Z	30.9	16.8	8.7	0.375	169	0
CKT-1042	2025-10-21T01:00:00Z	33.7	15.7	9.4	0.389	167	0
CKT-1042	2025-10-21T02:00:00Z	32.9	15.5	9.6	0.419	166	0
CKT-1042	2025-10-21T03:00:00Z	31.9	15.7	9.6	0.46	169	0
CKT-1042	2025-10-21T04:00:00Z	32.9	16	9.7	0.429	166	0
CKT-1042	2025-10-21T05:00:00Z	32.6	15.8	9.5	0.463	171	0
CKT-1042	2025-10-21T06:00:00Z	31.9	16.8	9.2	0.478	166	0
CKT-1042	2025-10-21T07:00:00Z	32.6	15.6	9.9	0.49	180	0
CKT-1042	2025-10-21T08:00:00Z	32	16.2	10.7	0.508	160	0
CKT-1042	2025-10-21T09:00:00Z	33	15.5	9.7	0.477	180	0
CKT-1042	2025-10-21T10:00:00Z	31.5	16.5	11.7	0.494	171	0
CKT-1042	2025-10-21T11:00:00Z	30	15.6	11.8	0.505	172	0
CKT-1043	2025-10-19T12:00:00Z	62.5	7.6	14.2	0.028	67	0
CKT-1043	2025-10-19T13:00:00Z	61.1	6.9	14.3	0	70	0
CKT-1043	2025-10-19T14:00:00Z	64.2	6.7	15.3	0.004	82	0
CKT-1043	2025-10-19T15:00:00Z	63.3	6.4	15.1	0.042	84	0
CKT-1043	2025-10-19T16:00:00Z	63.9	7.3	15.3	0.007	89	0
CKT-1043	2025-10-19T17:00:00Z	63.8	6.1	15.6	0	89	0
CKT-1043	2025-10-19T18:00:00Z	64.7	6.4	15.1	0.019	87	0
CKT-1043	2025-10-19T19:00:00Z	59.9	7.4	16.1	0.012	96	0
CKT-1043	2025-10-19T20:00:00Z	60.8	6.2	16.2	0	104	0
CKT-1043	2025-10-19T21:00:00Z	62.2	7	16.7	0.01	109	0
CKT-1043	2025-10-19T22:00:00Z	62.5	7	17.1	0	114	0
CKT-1043	2025-10-19T23:00:00Z	63.3	7.2	16.6	0	109	0
CKT-1043	2025-10-20T00:00:00Z	64.2	6	17.1	0.013	115	0
CKT-1043	2025-10-20T01:00:00Z	61.8	7.4	18.3	0.016	127	0
CKT-1043	2025-10-20T02:00:00Z	62.9	6.7	17.8	0.005	124	0
CKT-1043	2025-10-20T03:00:00Z	62.7	7.2	19	0.009	139	0
CKT-1043	2025-10-20T04:00:00Z	62.3	5.8	19.1	0	133	0
CKT-1043	2025-10-20T05:00:00Z	60.8	6.3	18.3	0	137	0
CKT-1043	2025-10-20T06:00:00Z	63.7	7.6	19.7	0	146	0
CKT-1043	2025-10-20T07:00:00Z	63.8	6.8	19.6	0.005	143	0
CKT-1043	2025-10-20T08:00:00Z	63.4	7.6	19.6	0	150	0
CKT-1043	2025-10-20T09:00:00Z	62.1	5.8	20	0.029	154	0
CKT-1043	2025-10-20T10:00:00Z	64.1	5.6	20.7	0.002	155	0
CKT-1043	2025-10-20T11:00:00Z	64.2	7	20.3	0.007	168	0
CKT-1043	2025-10-20T12:00:00Z	63.6	6.3	21	0.017	160	0
CKT-1043	2025-10-20T13:00:00Z	64.9	6.5	21.5	0	168	0
CKT-1043	2025-10-20T14:00:00Z	66.4	6	21.9	0.034	178	0
CKT-1043	2025-10-20T15:00:00Z	62.2	6.1	21.6	0.003	180	0
CKT-1043	2025-10-20T16:00:00Z	62.3	6.3	21.9	0	192	0
CKT-1043	2025-10-20T17:00:00Z	62.9	6.3	22	0.012	186	0
CKT-1043	2025-10-20T18:00:00Z	63	6.7	22.5	0.005	204	0
CKT-1043	2025-10-20T19:00:00Z	65.3	6.8	22.8	0	198	0
CKT-1043	2025-10-20T20:00:00Z	65.5	6.6	24.1	0	202	0
CKT-1043	2025-10-20T21:00:00Z	65	6.8	23.3	0	207	0
CKT-1043	2025-10-20T22:00:00Z	63.9	7.1	23.5	0.014	208	0
CKT-1043	2025-10-20T23:00:00Z	62.9	6.7	24.8	0	205	0
CKT-1043	2025-10-21T00:00:00Z	64.7	8.1	24.3	0.008	216	0
CKT-1043	2025-10-21T01:00:00Z	64	7	24.7	0	210	0
CKT-1043	2025-10-21T02:00:00Z	64.9	7.4	25.3	0.02	225	0
CKT-1043	2025-10-21T03:00:00Z	64.9	6.5	25.3	0	225	0
CKT-1043	2025-10-21T04:00:00Z	65.3	7.9	26.1	0	223	0
CKT-1043	2025-10-21T05:00:00Z	64.8	7.4	26	0.008	234	0
CKT-1043	2025-10-21T06:00:00Z	66.3	5.9	27.2	0	242	0
CKT-1043	2025-10-21T07:00:00Z	64.9	6.8	26.6	0.002	245	0
CKT-1043	2025-10-21T08:00:00Z	67	7.7	27.2	0.031	247	0
CKT-1043	2025-10-21T09:00:00Z	67.1	7.1	27	0	253	0
CKT-1043	2025-10-21T10:00:00Z	65.5	7.1	28	0	240	0
CKT-1043	2025-10-21T11:00:00Z	68.1	6.7	27.5	0	257	0
CKT-1044	2025-10-19T12:00:00Z	79.9	15.2	6.7	0.51	103	0
CKT-1044	2025-10-19T13:00:00Z	79.5	14.9	6.8	0.463	100	0
CKT-1044	2025-10-19T14:00:00Z	79.9	15.5	7	0.499	103	0
CKT-1044	2025-10-19T15:00:00Z	77.8	15.5	7.1	0.52	102	0
CKT-1044	2025-10-19T16:00:00Z	80.6	16.2	6.7	0.51	112	0
CKT-1044	2025-10-19T17:00:00Z	81.9	15.9	8	0.474	118	0
CKT-1044	2025-10-19T18:00:00Z	81.1	16.4	6.6	0.501	117	0
CKT-1044	2025-10-19T19:00:00Z	78.5	15.5	5.7	0.48	107	0
CKT-1044	2025-10-19T20:00:00Z	79.9	17.4	7.6	0.453	116	0
CKT-1044	2025-10-19T21:00:00Z	81.5	15.4	6.8	0.486	109	0
CKT-1044	2025-10-19T22:00:00Z	78.9	15.7	6.7	0.465	114	0
CKT-1044	2025-10-19T23:00:00Z	80.4	16.2	6.6	0.51	116	0
CKT-1044	2025-10-20T00:00:00Z	81	15.4	6.9	0.46	131	0
CKT-1044	2025-10-20T01:00:00Z	78.2	16.7	6.6	0.486	130	0
CKT-1044	2025-10-20T02:00:00Z	82.2	15.2	6.8	0.511	121	0
CKT-1044	2025-10-20T03:00:00Z	84.2	15.9	6.3	0.454	126	0
CKT-1044	2025-10-20T04:00:00Z	78.2	15.4	6.3	0.449	133	0
CKT-1044	2025-10-20T05:00:00Z	80.9	15.3	6.3	0.476	132	0
CKT-1044	2025-10-20T06:00:00Z	80.3	15.7	6.4	0.445	132	0
CKT-1044	2025-10-20T07:00:00Z	82.3	16	6.3	0.48	131	0
CKT-1044	2025-10-20T08:00:00Z	80.2	15.5	7.1	0.468	136	0
CKT-1044	2025-10-20T09:00:00Z	84	15.5	7.4	0.453	134	0
CKT-1044	2025-10-20T10:00:00Z	81.6	15.5	5.9	0.514	143	0
CKT-1044	2025-10-20T11:00:00Z	82.6	15.4	6	0.481	135	0
CKT-1044	2025-10-20T12:00:00Z	80.3	15.5	6.9	0.452	148	0
CKT-1044	2025-10-20T13:00:00Z	82.2	16.4	5.4	0.472	147	0
CKT-1044	2025-10-20T14:00:00Z	83.7	15.2	6.2	0.454	144	0
CKT-1044	2025-10-20T15:00:00Z	80.5	15.3	6.2	0.44	150	0
CKT-1044	2025-10-20T16:00:00Z	79.7	15.4	6.6	0.468	153	0
CKT-1044	2025-10-20T17:00:00Z	83	15.1	6.9	0.493	156	0
CKT-1044	2025-10-20T18:00:00Z	86.6	15.2	5.4	0.436	156	0
CKT-1044	2025-10-20T19:00:00Z	86.3	15.5	5.6	0.431	165	0
CKT-1044	2025-10-20T20:00:00Z	84.5	15.4	5.1	0.425	170	0
CKT-1044	2025-10-20T21:00:00Z	84.1	15.7	6.9	0.486	163	0
CKT-1044	2025-10-20T22:00:00Z	83.2	15.3	5.8	0.415	158	0
CKT-1044	2025-10-20T23:00:00Z	80.7	16.3	5.1	0.483	164	0
CKT-1044	2025-10-21T00:00:00Z	86	15.4	5.1	0.468	177	0
CKT-1044	2025-10-21T01:00:00Z	82.2	15.4	5.4	0.438	172	0
CKT-1044	2025-10-21T02:00:00Z	83.1	14.6	5.5	0.453	172	0
CKT-1044	2025-10-21T03:00:00Z	83.3	15.1	5.5	0.466	170	0
CKT-1044	2025-10-21T04:00:00Z	85	15.7	5.9	0.422	176	0
CKT-1044	2025-10-21T05:00:00Z	84	15.3	5.9	0.444	190	0
CKT-1044	2025-10-21T06:00:00Z	84.5	14.5	6.3	0.43	192	0
CKT-1044	2025-10-21T07:00:00Z	86.5	15.3	6.1	0.42	184	0
CKT-1044	2025-10-21T08:00:00Z	85.4	16.3	6.1	0.432	198	0
CKT-1044	2025-10-21T09:00:00Z	83.9	14.7	4.9	0.459	187	0
CKT-1044	2025-10-21T10:00:00Z	84.8	15.3	5.4	0.412	192	0
CKT-1044	2025-10-21T11:00:00Z	84.6	15.9	5.7	0.418	184	0
CKT-1045	2025-10-19T12:00:00Z	55	13.9	0.1	0.024	0	0
CKT-1045	2025-10-19T13:00:00Z	52	13.4	1.1	0.047	0	0
CKT-1045	2025-10-19T14:00:00Z	51.6	13	0.6	0.017	0	0
CKT-1045	2025-10-19T15:00:00Z	53.7	12.5	1.5	0.074	0	0
CKT-1045	2025-10-19T16:00:00Z	51.9	14.4	2	0.03	0	0
CKT-1045	2025-10-19T17:00:00Z	51	13.8	1.6	0.076	0	0
CKT-1045	2025-10-19T18:00:00Z	51.9	13	2.1	0.063	0	0
CKT-1045	2025-10-19T19:00:00Z	52	12.4	3	0.092	0	0
CKT-1045	2025-10-19T20:00:00Z	52.7	13.6	3.3	0.099	0	0
CKT-1045	2025-10-19T21:00:00Z	51.5	13.7	3.2	0.139	0	0
CKT-1045	2025-10-19T22:00:00Z	50.5	13	3.3	0.109	0	0
CKT-1045	2025-10-19T23:00:00Z	47.8	12.4	4.6	0.12	0	0
CKT-1045	2025-10-20T00:00:00Z	51.4	13.3	3.1	0.143	0	0
CKT-1045	2025-10-20T01:00:00Z	53	13.5	3.6	0.133	0	0
CKT-1045	2025-10-20T02:00:00Z	52.4	14.4	4.5	0.155	0	0
CKT-1045	2025-10-20T03:00:00Z	48.8	13.4	4.9	0.153	0	0
CKT-1045	2025-10-20T04:00:00Z	49	14.2	5.9	0.182	0	0
CKT-1045	2025-10-20T05:00:00Z	49	13.4	4.9	0.188	0	0
CKT-1045	2025-10-20T06:00:00Z	49.1	13.3	5.4	0.193	0	0
CKT-1045	2025-10-20T07:00:00Z	50.7	12.3	6.5	0.211	0	0
CKT-1045	2025-10-20T08:00:00Z	50.4	13	5.6	0.197	0	0
CKT-1045	2025-10-20T09:00:00Z	50.2	13	6.6	0.18	0	0
CKT-1045	2025-10-20T10:00:00Z	50.7	13.3	6.2	0.223	0	0
CKT-1045	2025-10-20T11:00:00Z	47.3	14	6.6	0.237	0	0
CKT-1045	2025-10-20T12:00:00Z	46.2	14.1	7.4	0.229	0	0
CKT-1045	2025-10-20T13:00:00Z	48.4	12.7	6.4	0.261	5	0
CKT-1045	2025-10-20T14:00:00Z	49.2	13.9	6.9	0.275	4	0
CKT-1045	2025-10-20T15:00:00Z	48	13.2	7.6	0.223	14	0
CKT-1045	2025-10-20T16:00:00Z	48.4	12.5	8.4	0.284	9	0
CKT-1045	2025-10-20T17:00:00Z	46.6	13.7	8.1	0.28	20	0
CKT-1045	2025-10-20T18:00:00Z	47.3	13.3	9.1	0.298	15	0
CKT-1045	2025-10-20T19:00:00Z	47.8	12.5	9.1	0.306	25	0
CKT-1045	2025-10-20T20:00:00Z	48	13.6	8.5	0.328	18	0
CKT-1045	2025-10-20T21:00:00Z	46.9	12	8.8	0.364	28	0
CKT-1045	2025-10-20T22:00:00Z	46.3	12.8	9.3	0.353	28	0
CKT-1045	2025-10-20T23:00:00Z	48.9	13.3	10.1	0.331	31	0
CKT-1045	2025-10-21T00:00:00Z	46.7	13.2	10.1	0.374	43	0
CKT-1045	2025-10-21T01:00:00Z	46.5	14.1	11	0.399	35	0
CKT-1045	2025-10-21T02:00:00Z	45.8	13.3	11.2	0.403	42	0
CKT-1045	2025-10-21T03:00:00Z	47.2	13	11.6	0.416	48	0
CKT-1045	2025-10-21T04:00:00Z	45.9	13.8	11	0.409	49	0
CKT-1045	2025-10-21T05:00:00Z	43.5	13.7	11.1	0.406	51	0
CKT-1045	2025-10-21T06:00:00Z	44.3	13.4	12.1	0.408	56	0
CKT-1045	2025-10-21T07:00:00Z	44	14.7	12.2	0.41	52	0
CKT-1045	2025-10-21T08:00:00Z	46.7	13.1	11.9	0.46	57	0
CKT-1045	2025-10-21T09:00:00Z	45.8	13.9	13	0.5	54	0
CKT-1045	2025-10-21T10:00:00Z	43.4	13.2	14.2	0.498	72	0
CKT-1045	2025-10-21T11:00:00Z	43.3	13	13	0.456	76	0
CKT-1046	2025-10-19T12:00:00Z	38.9	9.1	6.4	0.263	227	0
CKT-1046	2025-10-19T13:00:00Z	39.6	8.8	6.3	0.245	230	0
CKT-1046	2025-10-19T14:00:00Z	41.4	8.9	6	0.285	229	0
CKT-1046	2025-10-19T15:00:00Z	39	8.6	7.2	0.261	238	0
CKT-1046	2025-10-19T16:00:00Z	37	8.8	7.3	0.282	243	0
CKT-1046	2025-10-19T17:00:00Z	38.2	9.1	7.6	0.254	223	0
CKT-1046	2025-10-19T18:00:00Z	37.4	9.4	5.8	0.303	234	0
CKT-1046	2025-10-19T19:00:00Z	41.7	9.6	6.8	0.324	234	0
CKT-1046	2025-10-19T20:00:00Z	38	8.2	6.4	0.302	232	0
CKT-1046	2025-10-19T21:00:00Z	35.5	8.8	6.7	0.319	240	0
CKT-1046	2025-10-19T22:00:00Z	39	8.4	5.8	0.328	227	0
CKT-1046	2025-10-19T23:00:00Z	40	9.8	6	0.331	238	0
CKT-1046	2025-10-20T00:00:00Z	40.2	7.7	6.3	0.3	234	0
CKT-1046	2025-10-20T01:00:00Z	39.3	7.3	6.6	0.348	232	0
CKT-1046	2025-10-20T02:00:00Z	38.9	8.7	6.3	0.337	232	0
CKT-1046	2025-10-20T03:00:00Z	39.7	9.3	6.9	0.365	230	0
CKT-1046	2025-10-20T04:00:00Z	36.6	9.2	6.9	0.359	225	0
CKT-1046	2025-10-20T05:00:00Z	41.5	9.4	6.7	0.336	237	0
CKT-1046	2025-10-20T06:00:00Z	37.1	10.3	6.6	0.395	231	0
CKT-1046	2025-10-20T07:00:00Z	41.2	8.5	6.9	0.383	235	0
CKT-1046	2025-10-20T08:00:00Z	40.5	8.6	7	0.398	228	0
CKT-1046	2025-10-20T09:00:00Z	39.7	8.8	7	0.38	228	0
CKT-1046	2025-10-20T10:00:00Z	38.4	9	6.9	0.416	237	0
CKT-1046	2025-10-20T11:00:00Z	39.3	8.5	6.6	0.43	226	0
CKT-1046	2025-10-20T12:00:00Z	39	9.1	6.9	0.376	228	0
CKT-1046	2025-10-20T13:00:00Z	38.1	8.5	7.7	0.402	229	0
CKT-1046	2025-10-20T14:00:00Z	39.1	9.3	6.9	0.426	225	0
CKT-1046	2025-10-20T15:00:00Z	40.7	8.9	7	0.4	225	0
CKT-1046	2025-10-20T16:00:00Z	36.4	8.5	7.4	0.401	224	0
CKT-1046	2025-10-20T17:00:00Z	37.6	8.7	6.9	0.423	237	0
CKT-1046	2025-10-20T18:00:00Z	40.8	10.1	6.3	0.414	235	0
CKT-1046	2025-10-20T19:00:00Z	38.3	9.4	7.3	0.469	237	0
CKT-1046	2025-10-20T20:00:00Z	40.6	8.7	7.1	0.437	224	0
CKT-1046	2025-10-20T21:00:00Z	41.2	9.4	7	0.475	228	0
CKT-1046	2025-10-20T22:00:00Z	36.2	9.5	6.6	0.451	233	0
CKT-1046	2025-10-20T23:00:00Z	39.6	9.4	7.5	0.472	228	0
CKT-1046	2025-10-21T00:00:00Z	39.5	8	8	0.439	230	0
CKT-1046	2025-10-21T01:00:00Z	37.1	8.5	7.3	0.462	237	0
CKT-1046	2025-10-21T02:00:00Z	39.4	8.6	7.2	0.503	236	0
CKT-1046	2025-10-21T03:00:00Z	37.4	8.5	7.6	0.491	226	0
CKT-1046	2025-10-21T04:00:00Z	40.2	8.4	8	0.501	226	0
CKT-1046	2025-10-21T05:00:00Z	38.3	8.6	7.4	0.492	226	0
CKT-1046	2025-10-21T06:00:00Z	37	9.3	7.5	0.504	233	0
CKT-1046	2025-10-21T07:00:00Z	38.2	9	8.7	0.531	230	0
CKT-1046	2025-10-21T08:00:00Z	38.3	7.2	8	0.529	229	0
CKT-1046	2025-10-21T09:00:00Z	37	8.2	7.7	0.518	235	0
CKT-1046	2025-10-21T10:00:00Z	39.3	9.5	7.7	0.542	221	0
CKT-1046	2025-10-21T11:00:00Z	37.3	8.7	8	0.569	231	0
CKT-1047	2025-10-19T12:00:00Z	97.7	21.6	8.2	0	47	0
CKT-1047	2025-10-19T13:00:00Z	98.4	21.1	7.6	0	43	0
CKT-1047	2025-10-19T14:00:00Z	94.8	21.2	8.1	0	41	0
CKT-1047	2025-10-19T15:00:00Z	97.3	22.3	8.1	0	42	0
CKT-1047	2025-10-19T16:00:00Z	95	21.5	7.5	0	37	0
CKT-1047	2025-10-19T17:00:00Z	98.1	21.7	8.2	0.017	51	0
CKT-1047	2025-10-19T18:00:00Z	95	20.4	6.7	0.004	39	0
CKT-1047	2025-10-19T19:00:00Z	97.4	21	7.7	0	36	0
CKT-1047	2025-10-19T20:00:00Z	98.3	21.8	7.3	0	32	0
CKT-1047	2025-10-19T21:00:00Z	99.8	20.7	6.6	0	35	0
CKT-1047	2025-10-19T22:00:00Z	97	21	6.5	0.021	41	0
CKT-1047	2025-10-19T23:00:00Z	100	20.1	7	0.027	37	0
CKT-1047	2025-10-20T00:00:00Z	98.8	21.6	6.9	0.057	32	0
CKT-1047	2025-10-20T01:00:00Z	97.5	22	7.2	0.047	49	0
CKT-1047	2025-10-20T02:00:00Z	96	21.6	7.1	0.029	56	0
CKT-1047	2025-10-20T03:00:00Z	99.3	19.8	6.6	0.034	48	0
CKT-1047	2025-10-20T04:00:00Z	100	20.7	7.1	0.074	38	0
CKT-1047	2025-10-20T05:00:00Z	99	21.4	6	0.054	43	0
CKT-1047	2025-10-20T06:00:00Z	97.8	19.8	6.2	0.028	38	0
CKT-1047	2025-10-20T07:00:00Z	96.8	20.1	6.2	0.069	41	0
CKT-1047	2025-10-20T08:00:00Z	97.6	20.7	6	0.079	47	0
CKT-1047	2025-10-20T09:00:00Z	100	20.9	4.8	0.071	42	0
CKT-1047	2025-10-20T10:00:00Z	98.6	20.5	5.6	0.141	40	0
CKT-1047	2025-10-20T11:00:00Z	99.9	20.3	6.1	0.116	47	0
CKT-1047	2025-10-20T12:00:00Z	100	20.8	5.2	0.139	46	0
CKT-1047	2025-10-20T13:00:00Z	96.8	21.4	4.9	0.13	45	0
CKT-1047	2025-10-20T14:00:00Z	97.6	21.3	5.2	0.125	45	0
CKT-1047	2025-10-20T15:00:00Z	100	21.3	5	0.147	54	0
CKT-1047	2025-10-20T16:00:00Z	100	21.2	5	0.136	43	0
CKT-1047	2025-10-20T17:00:00Z	100	20.6	5.3	0.134	35	0
CKT-1047	2025-10-20T18:00:00Z	100	20.8	4.9	0.145	37	0
CKT-1047	2025-10-20T19:00:00Z	100	21.8	5.2	0.154	42	0
CKT-1047	2025-10-20T20:00:00Z	100	20.8	4.4	0.152	35	0
CKT-1047	2025-10-20T21:00:00Z	100	20.8	4.1	0.169	49	0
CKT-1047	2025-10-20T22:00:00Z	99.8	20.9	3.7	0.152	40	0
CKT-1047	2025-10-20T23:00:00Z	100	21.4	4.1	0.154	49	0
CKT-1047	2025-10-21T00:00:00Z	100	20.6	4.4	0.188	42	0
CKT-1047	2025-10-21T01:00:00Z	100	21.1	4	0.191	41	0
CKT-1047	2025-10-21T02:00:00Z	98.5	21.4	3.4	0.209	45	0
CKT-1047	2025-10-21T03:00:00Z	100	21.7	3.5	0.203	42	0
CKT-1047	2025-10-21T04:00:00Z	100	20.7	3.1	0.182	46	0
CKT-1047	2025-10-21T05:00:00Z	100	20.8	2.9	0.214	36	0
CKT-1047	2025-10-21T06:00:00Z	98.6	21.4	2	0.236	50	0
CKT-1047	2025-10-21T07:00:00Z	100	21.9	2.9	0.257	40	0
CKT-1047	2025-10-21T08:00:00Z	98.6	21	3.6	0.242	40	0
CKT-1047	2025-10-21T09:00:00Z	100	21.7	2.6	0.29	40	0
CKT-1047	2025-10-21T10:00:00Z	100	21.6	2.2	0.236	48	0
CKT-1047	2025-10-21T11:00:00Z	100	21.3	1.6	0.264	44	0
CKT-1048	2025-10-19T12:00:00Z	30.9	14.2	0	0.129	132	0
CKT-1048	2025-10-19T13:00:00Z	27.5	14.1	0	0.118	141	0
CKT-1048	2025-10-19T14:00:00Z	27.7	15.1	0	0.112	142	0
CKT-1048	2025-10-19T15:00:00Z	30.7	14.5	0	0.073	134	0
CKT-1048	2025-10-19T16:00:00Z	27.3	14.4	0	0.118	139	0
CKT-1048	2025-10-19T17:00:00Z	26.7	14.8	0	0.089	143	0
CKT-1048	2025-10-19T18:00:00Z	25.2	13.5	0	0.134	138	0
CKT-1048	2025-10-19T19:00:00Z	26.9	14.4	0	0.095	151	0
CKT-1048	2025-10-19T20:00:00Z	27.7	14.5	0	0.12	148	0
CKT-1048	2025-10-19T21:00:00Z	30.7	14	0	0.122	146	0
CKT-1048	2025-10-19T22:00:00Z	28.1	14.3	0	0.13	149	0
CKT-1048	2025-10-19T23:00:00Z	28.6	14.4	0	0.078	140	0
CKT-1048	2025-10-20T00:00:00Z	26.7	14.9	0	0.101	139	0
CKT-1048	2025-10-20T01:00:00Z	30.2	14.1	0	0.114	146	0
CKT-1048	2025-10-20T02:00:00Z	29.7	14.4	0	0.106	141	0
CKT-1048	2025-10-20T03:00:00Z	28.9	14	0	0.111	137	0
CKT-1048	2025-10-20T04:00:00Z	27.8	15.6	0	0.131	136	0
CKT-1048	2025-10-20T05:00:00Z	27.5	14	0	0.107	139	0
CKT-1048	2025-10-20T06:00:00Z	28	13.9	0	0.133	134	0
CKT-1048	2025-10-20T07:00:00Z	29.1	15.3	0	0.1	146	0
CKT-1048	2025-10-20T08:00:00Z	27.2	14.4	0	0.073	141	0
CKT-1048	2025-10-20T09:00:00Z	26.8	14.4	0.4	0.147	142	0
CKT-1048	2025-10-20T10:00:00Z	30.2	14.7	0	0.072	150	0
CKT-1048	2025-10-20T11:00:00Z	27.2	15.3	0.2	0.091	143	0
CKT-1048	2025-10-20T12:00:00Z	32	15.3	0	0.096	142	0
CKT-1048	2025-10-20T13:00:00Z	28.6	15.1	0.4	0.076	144	0
CKT-1048	2025-10-20T14:00:00Z	28.6	14.4	0.2	0.134	146	0
CKT-1048	2025-10-20T15:00:00Z	27.8	14.4	0	0.076	141	0
CKT-1048	2025-10-20T16:00:00Z	31.7	13.4	0.2	0.109	143	0
CKT-1048	2025-10-20T17:00:00Z	27.5	13.6	0	0.136	137	0
CKT-1048	2025-10-20T18:00:00Z	28.3	15.7	0	0.117	147	0
CKT-1048	2025-10-20T19:00:00Z	30.6	13.6	0.1	0.116	151	0
CKT-1048	2025-10-20T20:00:00Z	28	14.1	0.7	0.122	145	0
CKT-1048	2025-10-20T21:00:00Z	27.9	14.1	0.6	0.135	140	0
CKT-1048	2025-10-20T22:00:00Z	29.2	13.8	1.5	0.113	147	0
CKT-1048	2025-10-20T23:00:00Z	29.3	14.5	0	0.067	148	0
CKT-1048	2025-10-21T00:00:00Z	29.4	14.5	0.1	0.091	147	0
CKT-1048	2025-10-21T01:00:00Z	31.9	14.1	1.1	0.113	141	0
CKT-1048	2025-10-21T02:00:00Z	32.1	14.2	1.4	0.117	141	0
CKT-1048	2025-10-21T03:00:00Z	31.5	14.6	0.8	0.137	148	0
CKT-1048	2025-10-21T04:00:00Z	31.2	12.1	1.2	0.114	141	0
CKT-1048	2025-10-21T05:00:00Z	30.4	14.6	1.3	0.104	149	0
CKT-1048	2025-10-21T06:00:00Z	30.7	14.7	1.3	0.132	147	0
CKT-1048	2025-10-21T07:00:00Z	29.4	15	1.2	0.147	147	0
CKT-1048	2025-10-21T08:00:00Z	28.7	15.8	0.1	0.122	138	0
CKT-1048	2025-10-21T09:00:00Z	32.5	14.6	0.8	0.104	138	0
CKT-1048	2025-10-21T10:00:00Z	29.2	14.2	0.9	0.114	143	0
CKT-1048	2025-10-21T11:00:00Z	28.2	13.4	1.5	0.12	145	0
CKT-1049	2025-10-19T12:00:00Z	57.8	11.2	3.4	0.084	64	0
CKT-1049	2025-10-19T13:00:00Z	57.8	11.3	3.5	0.099	75	0
CKT-1049	2025-10-19T14:00:00Z	57.9	11.5	3.4	0.089	80	0
CKT-1049	2025-10-19T15:00:00Z	58.9	10.3	4.7	0.157	81	0
CKT-1049	2025-10-19T16:00:00Z	60.7	9.4	4.7	0.108	95	0
CKT-1049	2025-10-19T17:00:00Z	57.1	10.7	3.9	0.128	106	0
CKT-1049	2025-10-19T18:00:00Z	58.6	12.1	4.3	0.169	94	0
CKT-1049	2025-10-19T19:00:00Z	58.4	10.5	5.4	0.15	98	0
CKT-1049	2025-10-19T20:00:00Z	57	10.2	5.3	0.169	113	0
CKT-1049	2025-10-19T21:00:00Z	58.3	11.2	4.4	0.17	122	0
CKT-1049	2025-10-19T22:00:00Z	58.8	11	5.2	0.177	120	0
CKT-1049	2025-10-19T23:00:00Z	60.3	11.4	5.4	0.186	132	0
CKT-1049	2025-10-20T00:00:00Z	60.8	10.8	4.8	0.198	130	0
CKT-1049	2025-10-20T01:00:00Z	60.1	10.6	5.3	0.192	141	0
CKT-1049	2025-10-20T02:00:00Z	60.5	10.8	5.4	0.222	152	0
CKT-1049	2025-10-20T03:00:00Z	60.9	11.6	6.6	0.214	155	0
CKT-1049	2025-10-20T04:00:00Z	57.9	10.9	6.6	0.216	145	0
CKT-1049	2025-10-20T05:00:00Z	61.5	11.3	6	0.236	172	0
CKT-1049	2025-10-20T06:00:00Z	59.3	11.5	5.7	0.222	174	0
CKT-1049	2025-10-20T07:00:00Z	59.2	11	7.2	0.255	184	0
CKT-1049	2025-10-20T08:00:00Z	58	10	6.7	0.237	184	0
CKT-1049	2025-10-20T09:00:00Z	63.6	10.8	7.1	0.264	193	0
CKT-1049	2025-10-20T10:00:00Z	64.7	10.2	6.7	0.232	206	0
CKT-1049	2025-10-20T11:00:00Z	62.2	10.5	6.7	0.286	206	0
CKT-1049	2025-10-20T12:00:00Z	63.2	10.7	7.5	0.271	207	0
CKT-1049	2025-10-20T13:00:00Z	61	10.1	7.7	0.287	221	0
CKT-1049	2025-10-20T14:00:00Z	62.4	10.7	8.4	0.297	229	0
CKT-1049	2025-10-20T15:00:00Z	63.7	10.7	7.9	0.302	223	0
CKT-1049	2025-10-20T16:00:00Z	59.9	10	7.9	0.286	227	0
CKT-1049	2025-10-20T17:00:00Z	62	10.7	8.7	0.34	243	0
CKT-1049	2025-10-20T18:00:00Z	60.9	11.2	8.2	0.302	242	0
CKT-1049	2025-10-20T19:00:00Z	61.3	10.7	8.8	0.324	262	0
CKT-1049	2025-10-20T20:00:00Z	63.2	11	8.4	0.3	256	0
CKT-1049	2025-10-20T21:00:00Z	61.2	9.2	8.2	0.36	266	0
CKT-1049	2025-10-20T22:00:00Z	61.9	11	7.9	0.341	277	0
CKT-1049	2025-10-20T23:00:00Z	62.4	9.7	8.8	0.368	278	0
CKT-1049	2025-10-21T00:00:00Z	60.6	12.2	8.5	0.344	277	0
CKT-1049	2025-10-21T01:00:00Z	61.3	10.5	9.6	0.382	287	0
CKT-1049	2025-10-21T02:00:00Z	61.4	11.1	9.7	0.368	296	0
CKT-1049	2025-10-21T03:00:00Z	62.9	10.8	9.5	0.391	312	0
CKT-1049	2025-10-21T04:00:00Z	63.5	10.8	9.9	0.364	310	0
CKT-1049	2025-10-21T05:00:00Z	64	10.5	10.4	0.384	308	0
CKT-1049	2025-10-21T06:00:00Z	64	10.9	10.6	0.408	318	0
CKT-1049	2025-10-21T07:00:00Z	62.9	10.8	10.4	0.408	326	0
CKT-1049	2025-10-21T08:00:00Z	63.6	11.4	10.1	0.454	334	0
CKT-1049	2025-10-21T09:00:00Z	62.2	10.9	10.9	0.405	329	0
CKT-1049	2025-10-21T10:00:00Z	62.5	11.1	9.8	0.39	345	0
CKT-1049	2025-10-21T11:00:00Z	63.8	10.4	10.6	0.396	351	0
CKT-1050	2025-10-19T12:00:00Z	48	7.8	5.8	0.336	164	0
CKT-1050	2025-10-19T13:00:00Z	50.6	7.7	5.9	0.338	156	0
CKT-1050	2025-10-19T14:00:00Z	51.4	7.2	5.5	0.365	157	0
CKT-1050	2025-10-19T15:00:00Z	48.8	6.7	4.4	0.386	157	0
CKT-1050	2025-10-19T16:00:00Z	48.4	8	5	0.342	151	0
CKT-1050	2025-10-19T17:00:00Z	47.1	6.5	4.7	0.373	151	0
CKT-1050	2025-10-19T18:00:00Z	50	8.3	5.5	0.35	156	0
CKT-1050	2025-10-19T19:00:00Z	48.5	8.5	6.4	0.389	145	0
CKT-1050	2025-10-19T20:00:00Z	48.4	7.8	5.7	0.329	147	0
CKT-1050	2025-10-19T21:00:00Z	50.9	7.4	4.7	0.345	157	0
CKT-1050	2025-10-19T22:00:00Z	47.6	7.9	4.9	0.336	163	0
CKT-1050	2025-10-19T23:00:00Z	49.4	7.6	5.1	0.404	158	0
CKT-1050	2025-10-20T00:00:00Z	50.4	7.4	5.4	0.387	153	0
CKT-1050	2025-10-20T01:00:00Z	48.5	7.4	5.6	0.356	158	0
CKT-1050	2025-10-20T02:00:00Z	49.1	7.6	5.6	0.379	152	0
CKT-1050	2025-10-20T03:00:00Z	49.3	8.1	5.1	0.378	155	0
CKT-1050	2025-10-20T04:00:00Z	47.6	8.7	5.5	0.394	151	0
CKT-1050	2025-10-20T05:00:00Z	49.5	7.4	5	0.413	157	0
CKT-1050	2025-10-20T06:00:00Z	44.5	7.7	5.4	0.394	156	0
CKT-1050	2025-10-20T07:00:00Z	45.5	6.1	4.8	0.41	139	0
CKT-1050	2025-10-20T08:00:00Z	46.9	6.6	5.2	0.448	154	0
CKT-1050	2025-10-20T09:00:00Z	47.9	8.3	5.3	0.408	160	0
CKT-1050	2025-10-20T10:00:00Z	48.7	7.9	5.2	0.409	160	0
CKT-1050	2025-10-20T11:00:00Z	47.4	8.5	4.7	0.448	158	0
CKT-1050	2025-10-20T12:00:00Z	46.4	8.1	4.9	0.424	153	0
CKT-1050	2025-10-20T13:00:00Z	47.6	8.3	5.5	0.405	150	0
CKT-1050	2025-10-20T14:00:00Z	48.1	8	4.9	0.463	160	0
CKT-1050	2025-10-20T15:00:00Z	46.7	7.3	5.1	0.428	162	0
CKT-1050	2025-10-20T16:00:00Z	49.1	7.8	5.5	0.455	156	0
CKT-1050	2025-10-20T17:00:00Z	48.1	8.1	5.4	0.426	152	0
CKT-1050	2025-10-20T18:00:00Z	47	7.3	4.4	0.459	157	0
CKT-1050	2025-10-20T19:00:00Z	45.4	7.6	5	0.453	150	0
CKT-1050	2025-10-20T20:00:00Z	45.3	8.1	4.4	0.449	154	0
CKT-1050	2025-10-20T21:00:00Z	47.1	7.9	5.9	0.425	160	0
CKT-1050	2025-10-20T22:00:00Z	43.4	8.6	4.1	0.509	154	0
CKT-1050	2025-10-20T23:00:00Z	49	8.4	4.9	0.457	151	0
CKT-1050	2025-10-21T00:00:00Z	48.2	7.5	4.7	0.479	151	0
CKT-1050	2025-10-21T01:00:00Z	46.5	7.8	4.7	0.462	163	0
CKT-1050	2025-10-21T02:00:00Z	46.6	7.5	5	0.485	150	0
CKT-1050	2025-10-21T03:00:00Z	47.5	7.9	4.1	0.515	163	0
CKT-1050	2025-10-21T04:00:00Z	45.5	7.1	5.1	0.455	162	0
CKT-1050	2025-10-21T05:00:00Z	46	8.7	4.6	0.485	162	0
CKT-1050	2025-10-21T06:00:00Z	46.1	7.9	5.5	0.479	149	0
CKT-1050	2025-10-21T07:00:00Z	44.3	8.1	5.2	0.516	154	0
CKT-1050	2025-10-21T08:00:00Z	44.3	6.3	6.4	0.509	156	0
CKT-1050	2025-10-21T09:00:00Z	46.8	6.9	4.6	0.537	159	0
CKT-1050	2025-10-21T10:00:00Z	45.2	7	4.7	0.499	166	0
CKT-1050	2025-10-21T11:00:00Z	46	7	4.9	0.515	149	0
CKT-1051	2025-10-19T12:00:00Z	12.7	2.1	0	0	20	0
CKT-1051	2025-10-19T13:00:00Z	12.3	2.2	0	0	23	0
CKT-1051	2025-10-19T14:00:00Z	8.2	1.8	0	0	33	0
CKT-1051	2025-10-19T15:00:00Z	9.9	2.4	0	0	23	0
CKT-1051	2025-10-19T16:00:00Z	11.3	2.1	0	0	29	0
CKT-1051	2025-10-19T17:00:00Z	9.3	1.2	0	0	31	0
CKT-1051	2025-10-19T18:00:00Z	11.5	1.6	0	0	21	0
CKT-1051	2025-10-19T19:00:00Z	11	2.3	0	0	29	0
CKT-1051	2025-10-19T20:00:00Z	10	1.5	0	0	32	0
CKT-1051	2025-10-19T21:00:00Z	9.1	1.8	0	0	22	0
CKT-1051	2025-10-19T22:00:00Z	10.8	2.1	0	0	30	0
CKT-1051	2025-10-19T23:00:00Z	11.6	2.2	0	0.009	30	0
CKT-1051	2025-10-20T00:00:00Z	10	1.9	0	0	17	0
CKT-1051	2025-10-20T01:00:00Z	10.8	1.9	0	0	17	0
CKT-1051	2025-10-20T02:00:00Z	14.5	1.8	0	0	35	0
CKT-1051	2025-10-20T03:00:00Z	12.4	1	0.2	0	23	0
CKT-1051	2025-10-20T04:00:00Z	9.9	1.2	0	0	24	0
CKT-1051	2025-10-20T05:00:00Z	13.4	1.1	0	0	23	0
CKT-1051	2025-10-20T06:00:00Z	10.9	1	0	0	19	0
CKT-1051	2025-10-20T07:00:00Z	10.5	1.7	0	0	32	0
CKT-1051	2025-10-20T08:00:00Z	11.9	1	0	0	24	0
CKT-1051	2025-10-20T09:00:00Z	12.8	2	0	0	35	0
CKT-1051	2025-10-20T10:00:00Z	14	2.1	0	0	30	0
CKT-1051	2025-10-20T11:00:00Z	12.6	1.3	0	0	30	0
CKT-1051	2025-10-20T12:00:00Z	13.5	1.7	0	0	14	0
CKT-1051	2025-10-20T13:00:00Z	10.4	1.2	0	0.008	29	0
CKT-1051	2025-10-20T14:00:00Z	12.5	2.5	0	0.003	24	0
CKT-1051	2025-10-20T15:00:00Z	14.4	1.7	0.4	0	20	0
CKT-1051	2025-10-20T16:00:00Z	14.5	1	1.2	0.021	21	0
CKT-1051	2025-10-20T17:00:00Z	11.8	2.8	1.3	0.011	25	0
CKT-1051	2025-10-20T18:00:00Z	12.1	1.7	0.4	0.015	34	0
CKT-1051	2025-10-20T19:00:00Z	13.1	1	0.2	0.021	21	0
CKT-1051	2025-10-20T20:00:00Z	13.7	1	1.4	0	25	0
CKT-1051	2025-10-20T21:00:00Z	12.9	2.7	1.2	0.063	27	0
CKT-1051	2025-10-20T22:00:00Z	15.7	1.5	1.4	0.051	29	0
CKT-1051	2025-10-20T23:00:00Z	14.5	1.4	1.3	0.052	31	0
CKT-1051	2025-10-21T00:00:00Z	12.9	1.2	1.1	0.049	20	0
CKT-1051	2025-10-21T01:00:00Z	15.1	1.9	1.4	0.066	17	0
CKT-1051	2025-10-21T02:00:00Z	16.5	1.8	0.7	0.07	29	0
CKT-1051	2025-10-21T03:00:00Z	13.5	1	1.1	0.089	20	0
CKT-1051	2025-10-21T04:00:00Z	12.3	1.8	1.2	0.023	29	0
CKT-1051	2025-10-21T05:00:00Z	15	1.4	2.2	0.037	24	0
CKT-1051	2025-10-21T06:00:00Z	13.3	1.3	2	0.034	30	0
CKT-1051	2025-10-21T07:00:00Z	15.7	1.1	1.8	0.048	35	0
CKT-1051	2025-10-21T08:00:00Z	13.1	1.5	2.6	0.052	22	0
CKT-1051	2025-10-21T09:00:00Z	16.5	1.9	3.1	0.068	29	0
CKT-1051	2025-10-21T10:00:00Z	17.3	2.4	4	0.084	21	0
CKT-1051	2025-10-21T11:00:00Z	16.3	2	3.9	0.043	27	0
CKT-1052	2025-10-19T12:00:00Z	66.8	18.6	13.8	0.175	174	0
CKT-1052	2025-10-19T13:00:00Z	67.6	18.1	14.8	0.166	155	0
CKT-1052	2025-10-19T14:00:00Z	66.5	17.7	13.1	0.166	164	0
CKT-1052	2025-10-19T15:00:00Z	69.5	18.8	14.5	0.156	170	0
CKT-1052	2025-10-19T16:00:00Z	69.9	18.6	14.6	0.149	172	0
CKT-1052	2025-10-19T17:00:00Z	70.6	18.6	14.2	0.172	165	0
CKT-1052	2025-10-19T18:00:00Z	67.4	18.8	14.8	0.197	170	0
CKT-1052	2025-10-19T19:00:00Z	66.8	18.1	14.6	0.174	178	0
CKT-1052	2025-10-19T20:00:00Z	71.1	18.9	15.1	0.151	172	0
CKT-1052	2025-10-19T21:00:00Z	67.1	19.4	14.4	0.187	167	0
CKT-1052	2025-10-19T22:00:00Z	68.4	18.8	15.8	0.179	176	0
CKT-1052	2025-10-19T23:00:00Z	67.5	18.6	16	0.188	171	0
CKT-1052	2025-10-20T00:00:00Z	68.2	19	15.1	0.163	178	0
CKT-1052	2025-10-20T01:00:00Z	68	17.5	16.5	0.161	175	0
CKT-1052	2025-10-20T02:00:00Z	67.8	18.2	15.5	0.198	177	0
CKT-1052	2025-10-20T03:00:00Z	70.3	18	17.2	0.147	170	0
CKT-1052	2025-10-20T04:00:00Z	71.6	18.7	16.5	0.195	181	0
CKT-1052	2025-10-20T05:00:00Z	69.5	17.8	16.9	0.2	187	0
CKT-1052	2025-10-20T06:00:00Z	71.8	18.6	16	0.223	175	0
CKT-1052	2025-10-20T07:00:00Z	69.8	18.3	16.6	0.204	183	0
CKT-1052	2025-10-20T08:00:00Z	70.1	17.9	16.9	0.174	182	0
CKT-1052	2025-10-20T09:00:00Z	69.3	19.5	17	0.148	190	0
CKT-1052	2025-10-20T10:00:00Z	70.2	18.3	17	0.173	194	0
CKT-1052	2025-10-20T11:00:00Z	69.7	17.4	17.6	0.217	186	0
CKT-1052	2025-10-20T12:00:00Z	68.4	17.8	17.1	0.224	186	0
CKT-1052	2025-10-20T13:00:00Z	67.3	18.6	17.8	0.185	182	0
CKT-1052	2025-10-20T14:00:00Z	68.3	19.1	18	0.205	190	0
CKT-1052	2025-10-20T15:00:00Z	70.5	18.1	18	0.219	197	0
CKT-1052	2025-10-20T16:00:00Z	68.3	18.3	18.7	0.235	199	0
CKT-1052	2025-10-20T17:00:00Z	69	19.2	18.4	0.219	195	0
CKT-1052	2025-10-20T18:00:00Z	68.4	18.7	19.1	0.198	191	0
CKT-1052	2025-10-20T19:00:00Z	68.1	18.8	18.8	0.181	192	0
CKT-1052	2025-10-20T20:00:00Z	70.8	18.1	18.9	0.166	201	0
CKT-1052	2025-10-20T21:00:00Z	70.7	17.7	17.8	0.222	198	0
CKT-1052	2025-10-20T22:00:00Z	71	18.9	19.6	0.206	195	0
CKT-1052	2025-10-20T23:00:00Z	70.2	18.7	20.1	0.201	205	0
CKT-1052	2025-10-21T00:00:00Z	71.5	18.6	20.7	0.237	207	0
CKT-1052	2025-10-21T01:00:00Z	69.8	19.7	19.6	0.201	189	0
CKT-1052	2025-10-21T02:00:00Z	71.6	17.8	20	0.183	209	0
CKT-1052	2025-10-21T03:00:00Z	72	19.8	19.5	0.238	192	0
CKT-1052	2025-10-21T04:00:00Z	71.6	18	19.9	0.198	198	0
CKT-1052	2025-10-21T05:00:00Z	69.5	18.1	20.4	0.232	205	0
CKT-1052	2025-10-21T06:00:00Z	73.3	17.5	20.3	0.224	206	0
CKT-1052	2025-10-21T07:00:00Z	70.3	19	20.4	0.195	208	0
CKT-1052	2025-10-21T08:00:00Z	71.7	18.1	20.5	0.19	205	0
CKT-1052	2025-10-21T09:00:00Z	73.5	18.6	21.4	0.223	204	0
CKT-1052	2025-10-21T10:00:00Z	69.4	17.8	20.8	0.199	213	0
CKT-1052	2025-10-21T11:00:00Z	73.5	19.7	20.9	0.247	217	0
CKT-1053	2025-10-19T12:00:00Z	34.5	20.7	2.3	0.102	2	0
CKT-1053	2025-10-19T13:00:00Z	35.6	20.4	2.5	0.109	0	0
CKT-1053	2025-10-19T14:00:00Z	36.6	20.7	2.8	0.072	4	0
CKT-1053	2025-10-19T15:00:00Z	37.2	20.1	3.4	0.136	5	0
CKT-1053	2025-10-19T16:00:00Z	35.4	19.5	2.6	0.113	7	0
CKT-1053	2025-10-19T17:00:00Z	35.1	20.1	3	0.116	0	0
CKT-1053	2025-10-19T18:00:00Z	34.3	21.1	3.4	0.185	0	0
CKT-1053	2025-10-19T19:00:00Z	38.6	21.3	3.3	0.136	0	0
CKT-1053	2025-10-19T20:00:00Z	34.9	20.4	3.6	0.12	11	0
CKT-1053	2025-10-19T21:00:00Z	35.9	20.5	3.3	0.155	0	0
CKT-1053	2025-10-19T22:00:00Z	36.3	20.4	4.1	0.173	3	0
CKT-1053	2025-10-19T23:00:00Z	36.3	20.6	3.6	0.196	1	0
CKT-1053	2025-10-20T00:00:00Z	36.1	20.3	3.8	0.185	0	0
CKT-1053	2025-10-20T01:00:00Z	35.5	20.9	4.3	0.228	0	0
CKT-1053	2025-10-20T02:00:00Z	37.4	19.3	4.4	0.172	0	0
CKT-1053	2025-10-20T03:00:00Z	36.9	20.1	3.7	0.199	3	0
CKT-1053	2025-10-20T04:00:00Z	35	20.4	3.9	0.234	4	0
CKT-1053	2025-10-20T05:00:00Z	33.7	21.1	3.9	0.23	0	0
CKT-1053	2025-10-20T06:00:00Z	37	22	4.3	0.225	0	0
CKT-1053	2025-10-20T07:00:00Z	34.2	21.3	4.5	0.221	0	0
CKT-1053	2025-10-20T08:00:00Z	36.5	21	3.8	0.272	0	0
CKT-1053	2025-10-20T09:00:00Z	35.1	20.2	5.3	0.231	0	0
CKT-1053	2025-10-20T10:00:00Z	37.9	20.6	4.1	0.286	5	0
CKT-1053	2025-10-20T11:00:00Z	37	20.1	4.3	0.28	0	0
CKT-1053	2025-10-20T12:00:00Z	38.5	21.5	4.5	0.29	5	0
CKT-1053	2025-10-20T13:00:00Z	39.5	21.4	3.8	0.285	2	0
CKT-1053	2025-10-20T14:00:00Z	35.8	21.5	5.6	0.283	0	0
CKT-1053	2025-10-20T15:00:00Z	35.4	20.3	4.7	0.327	0	0
CKT-1053	2025-10-20T16:00:00Z	32.7	19.5	4.4	0.303	0	0
CKT-1053	2025-10-20T17:00:00Z	35	19.7	4.5	0.302	0	0
CKT-1053	2025-10-20T18:00:00Z	35.7	20.9	4.6	0.325	0	0
CKT-1053	2025-10-20T19:00:00Z	37.8	20.3	5.6	0.317	0	0
CKT-1053	2025-10-20T20:00:00Z	35.8	19.7	5.2	0.383	0	0
CKT-1053	2025-10-20T21:00:00Z	36.5	19.7	4.5	0.341	0	0
CKT-1053	2025-10-20T22:00:00Z	36.1	20.3	4.5	0.353	2	0
CKT-1053	2025-10-20T23:00:00Z	34.6	20.2	5.5	0.358	1	0
CKT-1053	2025-10-21T00:00:00Z	34.4	21	5.6	0.383	5	0
CKT-1053	2025-10-21T01:00:00Z	36.2	20.1	6.2	0.426	0	0
CKT-1053	2025-10-21T02:00:00Z	36.6	21.1	5.6	0.41	3	0
CKT-1053	2025-10-21T03:00:00Z	35.9	20.7	5.7	0.382	0	0
CKT-1053	2025-10-21T04:00:00Z	35.8	21	6.2	0.429	2	0
CKT-1053	2025-10-21T05:00:00Z	37.4	20.6	6	0.432	0	0
CKT-1053	2025-10-21T06:00:00Z	35.6	19.8	6.4	0.464	0	0
CKT-1053	2025-10-21T07:00:00Z	39.2	20.5	6.4	0.449	7	0
CKT-1053	2025-10-21T08:00:00Z	37.1	19.6	6	0.457	0	0
CKT-1053	2025-10-21T09:00:00Z	37.8	20.4	5.8	0.434	0	0
CKT-1053	2025-10-21T10:00:00Z	37.2	19.3	5.7	0.424	0	0
CKT-1053	2025-10-21T11:00:00Z	38.7	19.7	6.6	0.529	7	0
CKT-1054	2025-10-19T12:00:00Z	51.1	5.2	0	0.586	72	0
CKT-1054	2025-10-19T13:00:00Z	51.2	5	0	0.619	74	0
CKT-1054	2025-10-19T14:00:00Z	49.4	5.3	0	0.595	66	0
CKT-1054	2025-10-19T15:00:00Z	53	5.7	0	0.61	69	0
CKT-1054	2025-10-19T16:00:00Z	50.5	6.3	0	0.557	76	0
CKT-1054	2025-10-19T17:00:00Z	51.4	6.2	0	0.578	78	0
CKT-1054	2025-10-19T18:00:00Z	49	4.9	0	0.53	75	0
CKT-1054	2025-10-19T19:00:00Z	50.5	5.8	0	0.581	68	0
CKT-1054	2025-10-19T20:00:00Z	50.3	5.3	0	0.563	67	0
CKT-1054	2025-10-19T21:00:00Z	49.7	5.4	0	0.558	69	0
CKT-1054	2025-10-19T22:00:00Z	50.9	5.4	0	0.594	74	0
CKT-1054	2025-10-19T23:00:00Z	54	4.8	0	0.549	75	0
CKT-1054	2025-10-20T00:00:00Z	52.8	6	0	0.57	72	0
CKT-1054	2025-10-20T01:00:00Z	49.5	5.7	0	0.548	75	0
CKT-1054	2025-10-20T02:00:00Z	52.5	4.4	0	0.503	74	0
CKT-1054	2025-10-20T03:00:00Z	54	4.5	0	0.513	68	0
CKT-1054	2025-10-20T04:00:00Z	52.6	5	0.3	0.547	76	0
CKT-1054	2025-10-20T05:00:00Z	50.4	6.1	0.8	0.552	70	0
CKT-1054	2025-10-20T06:00:00Z	51	4.7	0	0.516	75	0
CKT-1054	2025-10-20T07:00:00Z	54.2	5	0.3	0.509	67	0
CKT-1054	2025-10-20T08:00:00Z	53.4	5.5	0.5	0.513	74	0
CKT-1054	2025-10-20T09:00:00Z	53.2	4.8	0.9	0.506	68	0
CKT-1054	2025-10-20T10:00:00Z	52.8	5.5	1.1	0.475	77	0
CKT-1054	2025-10-20T11:00:00Z	52.5	5	0.4	0.472	62	0
CKT-1054	2025-10-20T12:00:00Z	53.6	6.5	0	0.468	74	0
CKT-1054	2025-10-20T13:00:00Z	52.5	5.8	0.8	0.47	69	0
CKT-1054	2025-10-20T14:00:00Z	49.1	4.6	1.5	0.501	78	0
CKT-1054	2025-10-20T15:00:00Z	53.4	3.9	0.8	0.499	79	0
CKT-1054	2025-10-20T16:00:00Z	54.9	5.1	0.5	0.467	71	0
CKT-1054	2025-10-20T17:00:00Z	55.2	5.4	1.3	0.464	72	0
CKT-1054	2025-10-20T18:00:00Z	53.9	4.8	0.9	0.485	62	0
CKT-1054	2025-10-20T19:00:00Z	55.5	4.1	1.2	0.472	71	0
CKT-1054	2025-10-20T20:00:00Z	51.1	5.5	1.6	0.444	67	0
CKT-1054	2025-10-20T21:00:00Z	53.1	4.9	2.9	0.438	69	0
CKT-1054	2025-10-20T22:00:00Z	52.4	6.3	1	0.445	69	0
CKT-1054	2025-10-20T23:00:00Z	51.2	4.8	2	0.416	72	0
CKT-1054	2025-10-21T00:00:00Z	56	5.4	1.3	0.412	69	0
CKT-1054	2025-10-21T01:00:00Z	52.9	5.4	2.2	0.458	70	0
CKT-1054	2025-10-21T02:00:00Z	51.8	6	2.8	0.423	69	0
CKT-1054	2025-10-21T03:00:00Z	54.5	5.1	1.2	0.425	75	0
CKT-1054	2025-10-21T04:00:00Z	55.8	4.8	2.5	0.414	71	0
CKT-1054	2025-10-21T05:00:00Z	53.9	5.3	2.6	0.419	77	0
CKT-1054	2025-10-21T06:00:00Z	52.7	5.2	2.4	0.388	62	0
CKT-1054	2025-10-21T07:00:00Z	53.9	5.6	2.6	0.394	73	0
CKT-1054	2025-10-21T08:00:00Z	56.1	5	2.2	0.388	80	0
CKT-1054	2025-10-21T09:00:00Z	52.3	5.7	3.4	0.338	73	0
CKT-1054	2025-10-21T10:00:00Z	55	5.1	2.6	0.368	69	0
CKT-1054	2025-10-21T11:00:00Z	53.7	5	2.9	0.399	64	0
CKT-1055	2025-10-19T12:00:00Z	55.3	17.6	8	0.235	59	0
CKT-1055	2025-10-19T13:00:00Z	56.2	19.2	7.5	0.248	51	0
CKT-1055	2025-10-19T14:00:00Z	53.6	18.9	7.3	0.269	57	0
CKT-1055	2025-10-19T15:00:00Z	54	18.7	7.8	0.241	57	0
CKT-1055	2025-10-19T16:00:00Z	55	18.1	6.8	0.236	58	0
CKT-1055	2025-10-19T17:00:00Z	54.1	19.7	8	0.271	61	0
CKT-1055	2025-10-19T18:00:00Z	56	18.2	8.1	0.27	57	0
CKT-1055	2025-10-19T19:00:00Z	55.1	18.1	9.2	0.23	46	0
CKT-1055	2025-10-19T20:00:00Z	53.5	17.4	7.9	0.298	54	0
CKT-1055	2025-10-19T21:00:00Z	51.7	18.9	8.1	0.265	51	0
CKT-1055	2025-10-19T22:00:00Z	54	18.2	9.9	0.259	55	0
CKT-1055	2025-10-19T23:00:00Z	53	18.6	8.4	0.235	64	0
CKT-1055	2025-10-20T00:00:00Z	52.4	17.6	8.3	0.27	54	0
CKT-1055	2025-10-20T01:00:00Z	52.8	19.6	8.6	0.265	52	0
CKT-1055	2025-10-20T02:00:00Z	53.6	18.7	9	0.27	59	0
CKT-1055	2025-10-20T03:00:00Z	52.3	18.6	10.1	0.266	54	0
CKT-1055	2025-10-20T04:00:00Z	51.4	19.5	9.5	0.252	56	0
CKT-1055	2025-10-20T05:00:00Z	52.6	18.9	10.1	0.282	58	0
CKT-1055	2025-10-20T06:00:00Z	54	18.9	10	0.278	61	0
CKT-1055	2025-10-20T07:00:00Z	53.1	19.3	10.8	0.248	55	0
CKT-1055	2025-10-20T08:00:00Z	51.2	18.7	8.9	0.287	50	0
CKT-1055	2025-10-20T09:00:00Z	51.5	18.1	10.3	0.245	50	0
CKT-1055	2025-10-20T10:00:00Z	51.4	18.5	9.9	0.265	59	0
CKT-1055	2025-10-20T11:00:00Z	49.6	18.3	10.3	0.274	63	0
CKT-1055	2025-10-20T12:00:00Z	49	18.7	11	0.303	51	0
CKT-1055	2025-10-20T13:00:00Z	49.3	19.1	10.3	0.25	57	0
CKT-1055	2025-10-20T14:00:00Z	52.5	18.1	11.4	0.254	57	0
CKT-1055	2025-10-20T15:00:00Z	52.4	19.1	10.6	0.281	55	0
CKT-1055	2025-10-20T16:00:00Z	50.6	18.8	11.4	0.24	50	0
CKT-1055	2025-10-20T17:00:00Z	47.5	18.9	10.3	0.255	50	0
CKT-1055	2025-10-20T18:00:00Z	51.6	18.3	10.5	0.275	64	0
CKT-1055	2025-10-20T19:00:00Z	49	18.9	11.9	0.289	58	0
CKT-1055	2025-10-20T20:00:00Z	48.1	19.2	10.8	0.26	63	0
CKT-1055	2025-10-20T21:00:00Z	50.7	19.2	10.6	0.249	52	0
CKT-1055	2025-10-20T22:00:00Z	48.3	18.2	11.6	0.31	58	0
CKT-1055	2025-10-20T23:00:00Z	48.6	18.3	11	0.251	47	0
CKT-1055	2025-10-21T00:00:00Z	48.2	19.1	11.5	0.279	63	0
CKT-1055	2025-10-21T01:00:00Z	50.8	19.4	12	0.292	62	0
CKT-1055	2025-10-21T02:00:00Z	44.7	19.8	11.9	0.268	54	0
CKT-1055	2025-10-21T03:00:00Z	47.9	18.2	12.2	0.29	57	0
CKT-1055	2025-10-21T04:00:00Z	47.8	18.7	12.8	0.302	60	0
CKT-1055	2025-10-21T05:00:00Z	47.7	19.5	13	0.335	62	0
CKT-1055	2025-10-21T06:00:00Z	46.7	18.4	12.6	0.276	58	0
CKT-1055	2025-10-21T07:00:00Z	45.6	19.6	12.1	0.251	55	0
CKT-1055	2025-10-21T08:00:00Z	45.1	18.2	12.6	0.269	56	0
CKT-1055	2025-10-21T09:00:00Z	45.3	18.6	13.1	0.306	63	0
CKT-1055	2025-10-21T10:00:00Z	46.2	19	13.1	0.296	57	0
CKT-1055	2025-10-21T11:00:00Z	47.7	17.8	13.2	0.294	55	0
CKT-1056	2025-10-19T12:00:00Z	66.9	12.6	13	0.014	259	0
CKT-1056	2025-10-19T13:00:00Z	67.1	11.6	14	0.073	265	0
CKT-1056	2025-10-19T14:00:00Z	68.1	12	13.6	0.031	259	0
CKT-1056	2025-10-19T15:00:00Z	65.3	11.8	13.7	0.034	266	0
CKT-1056	2025-10-19T16:00:00Z	66	11.2	13.2	0.047	270	0
CKT-1056	2025-10-19T17:00:00Z	67.2	12.4	13.2	0.067	277	0
CKT-1056	2025-10-19T18:00:00Z	65	12.6	14.2	0.097	267	0
CKT-1056	2025-10-19T19:00:00Z	69.7	11.7	12.9	0.08	267	0
CKT-1056	2025-10-19T20:00:00Z	66.2	12.5	12.8	0.093	263	0
CKT-1056	2025-10-19T21:00:00Z	67.7	11.2	12.5	0.097	277	0
CKT-1056	2025-10-19T22:00:00Z	68.4	12.2	13	0.099	276	0
CKT-1056	2025-10-19T23:00:00Z	66.9	12.4	13.6	0.095	270	0
CKT-1056	2025-10-20T00:00:00Z	67	11	12.7	0.144	269	0
CKT-1056	2025-10-20T01:00:00Z	69.9	11.6	13.9	0.11	275	0
CKT-1056	2025-10-20T02:00:00Z	66.6	11.5	13.4	0.139	282	0
CKT-1056	2025-10-20T03:00:00Z	66	12.3	12.2	0.109	279	0
CKT-1056	2025-10-20T04:00:00Z	68.4	11.9	13	0.159	286	0
CKT-1056	2025-10-20T05:00:00Z	66.3	12.8	13.5	0.14	271	0
CKT-1056	2025-10-20T06:00:00Z	66.1	11.6	13.5	0.154	277	0
CKT-1056	2025-10-20T07:00:00Z	67.2	11.1	12.8	0.158	292	0
CKT-1056	2025-10-20T08:00:00Z	69.2	12.4	12.2	0.144	278	0
CKT-1056	2025-10-20T09:00:00Z	66.3	12.4	12	0.191	284	0
CKT-1056	2025-10-20T10:00:00Z	68	11.2	12.3	0.174	289	0
CKT-1056	2025-10-20T11:00:00Z	67.4	12.2	12.9	0.189	289	0
CKT-1056	2025-10-20T12:00:00Z	69.4	13	12.2	0.204	286	0
CKT-1056	2025-10-20T13:00:00Z	67.4	11.1	12.6	0.176	291	0
CKT-1056	2025-10-20T14:00:00Z	69.3	12.4	11.6	0.186	290	0
CKT-1056	2025-10-20T15:00:00Z	68.3	11.1	12.8	0.192	285	0
CKT-1056	2025-10-20T16:00:00Z	68.4	12.6	10.6	0.237	286	0
CKT-1056	2025-10-20T17:00:00Z	69.2	11.5	12.6	0.223	288	0
CKT-1056	2025-10-20T18:00:00Z	68.4	11.9	11.7	0.235	292	0
CKT-1056	2025-10-20T19:00:00Z	66.9	11.7	11.8	0.219	297	0
CKT-1056	2025-10-20T20:00:00Z	69	11.7	12	0.203	291	0
CKT-1056	2025-10-20T21:00:00Z	70.9	13	12.5	0.245	298	0
CKT-1056	2025-10-20T22:00:00Z	70.3	12.6	11.4	0.269	299	0
CKT-1056	2025-10-20T23:00:00Z	70	11.3	11	0.246	292	0
CKT-1056	2025-10-21T00:00:00Z	66.8	11.6	11	0.264	301	0
CKT-1056	2025-10-21T01:00:00Z	69.6	11.7	10.6	0.286	299	0
CKT-1056	2025-10-21T02:00:00Z	68.7	11.8	10.6	0.264	298	0
CKT-1056	2025-10-21T03:00:00Z	69	12.3	11.1	0.311	308	0
CKT-1056	2025-10-21T04:00:00Z	72.4	12.2	11.1	0.277	307	0
CKT-1056	2025-10-21T05:00:00Z	68.5	11	11.5	0.268	306	0
CKT-1056	2025-10-21T06:00:00Z	68.3	12.5	11.3	0.309	311	0
CKT-1056	2025-10-21T07:00:00Z	69.7	13.2	11	0.287	306	0
CKT-1056	2025-10-21T08:00:00Z	69.5	11.7	9.7	0.318	300	0
CKT-1056	2025-10-21T09:00:00Z	66	11.7	10.1	0.299	292	0
CKT-1056	2025-10-21T10:00:00Z	68.5	11.8	10.1	0.33	315	0
CKT-1056	2025-10-21T11:00:00Z	70.7	12.5	10.9	0.308	312	0
CKT-1057	2025-10-19T12:00:00Z	62.3	10.1	0.4	0.307	105	0
CKT-1057	2025-10-19T13:00:00Z	60.2	9.6	1	0.325	105	0
CKT-1057	2025-10-19T14:00:00Z	62.9	10.7	0	0.275	108	0
CKT-1057	2025-10-19T15:00:00Z	61.3	11	1.8	0.262	112	0
CKT-1057	2025-10-19T16:00:00Z	60.8	9.9	0.9	0.289	107	0
CKT-1057	2025-10-19T17:00:00Z	62.5	10	0.8	0.312	121	0
CKT-1057	2025-10-19T18:00:00Z	63.1	10.4	0.8	0.296	123	0
CKT-1057	2025-10-19T19:00:00Z	63	10.8	0.1	0.268	126	0
CKT-1057	2025-10-19T20:00:00Z	64.8	10.8	1.5	0.291	123	0
CKT-1057	2025-10-19T21:00:00Z	62	11.6	1.2	0.315	137	0
CKT-1057	2025-10-19T22:00:00Z	62.3	9.9	0	0.295	132	0
CKT-1057	2025-10-19T23:00:00Z	64.7	10	0.7	0.279	134	0
CKT-1057	2025-10-20T00:00:00Z	65.3	11.1	0.7	0.297	136	0
CKT-1057	2025-10-20T01:00:00Z	63.5	11.5	1.4	0.28	136	0
CKT-1057	2025-10-20T02:00:00Z	68.1	9.7	1.4	0.26	142	0
CKT-1057	2025-10-20T03:00:00Z	66.1	10	0.5	0.288	137	0
CKT-1057	2025-10-20T04:00:00Z	65.4	10.3	1.1	0.3	130	0
CKT-1057	2025-10-20T05:00:00Z	70.8	10.8	1	0.255	142	0
CKT-1057	2025-10-20T06:00:00Z	67.3	10.1	0.4	0.285	137	0
CKT-1057	2025-10-20T07:00:00Z	68	10.5	0.3	0.299	142	0
CKT-1057	2025-10-20T08:00:00Z	66	10.6	0.4	0.258	149	0
CKT-1057	2025-10-20T09:00:00Z	68.4	10.6	0.4	0.268	150	0
CKT-1057	2025-10-20T10:00:00Z	67.6	11.6	0.7	0.275	159	0
CKT-1057	2025-10-20T11:00:00Z	70.7	11.1	0.7	0.25	153	0
CKT-1057	2025-10-20T12:00:00Z	65.8	11.1	0.8	0.266	156	0
CKT-1057	2025-10-20T13:00:00Z	70.4	9.9	0.1	0.198	158	0
CKT-1057	2025-10-20T14:00:00Z	68.6	10.2	0.9	0.237	153	0
CKT-1057	2025-10-20T15:00:00Z	74	10.7	0.2	0.23	162	0
CKT-1057	2025-10-20T16:00:00Z	70.2	11.5	0.7	0.279	162	0
CKT-1057	2025-10-20T17:00:00Z	71.5	11.3	1.3	0.266	165	0
CKT-1057	2025-10-20T18:00:00Z	71.2	9.2	0.6	0.26	173	0
CKT-1057	2025-10-20T19:00:00Z	71.4	11.7	0.5	0.222	168	0
CKT-1057	2025-10-20T20:00:00Z	70.2	11.1	0.8	0.246	170	0
CKT-1057	2025-10-20T21:00:00Z	72.1	9.4	0.9	0.234	169	0
CKT-1057	2025-10-20T22:00:00Z	72.4	10.5	1.6	0.209	178	0
CKT-1057	2025-10-20T23:00:00Z	71.3	10.4	0.8	0.224	178	0
CKT-1057	2025-10-21T00:00:00Z	73.8	10.4	1.1	0.22	180	0
CKT-1057	2025-10-21T01:00:00Z	74.2	10.8	1	0.231	185	0
CKT-1057	2025-10-21T02:00:00Z	73.5	10.1	0	0.189	193	0
CKT-1057	2025-10-21T03:00:00Z	71	11.4	0.2	0.244	175	0
CKT-1057	2025-10-21T04:00:00Z	74.3	11.6	1	0.212	179	0
CKT-1057	2025-10-21T05:00:00Z	73	11.5	0.5	0.215	192	0
CKT-1057	2025-10-21T06:00:00Z	73.4	10.9	0.4	0.22	190	0
CKT-1057	2025-10-21T07:00:00Z	73.4	10.4	1	0.22	195	0
CKT-1057	2025-10-21T08:00:00Z	77.4	10.6	0.7	0.201	201	0
CKT-1057	2025-10-21T09:00:00Z	76.9	10.4	0	0.231	195	0
CKT-1057	2025-10-21T10:00:00Z	76.9	12.1	1	0.239	198	0
CKT-1057	2025-10-21T11:00:00Z	78.7	10.7	0.8	0.245	201	0
CKT-1058	2025-10-19T12:00:00Z	36.5	20	2.7	0	231	0
CKT-1058	2025-10-19T13:00:00Z	35	20.2	3	0.039	227	0
CKT-1058	2025-10-19T14:00:00Z	36.3	20.5	1.8	0	227	0
CKT-1058	2025-10-19T15:00:00Z	35.6	19.4	3.2	0.024	230	0
CKT-1058	2025-10-19T16:00:00Z	35.7	20.4	3	0.02	233	0
CKT-1058	2025-10-19T17:00:00Z	35.6	20.4	3.3	0.057	238	0
CKT-1058	2025-10-19T18:00:00Z	37.3	20.3	2.4	0.002	226	0
CKT-1058	2025-10-19T19:00:00Z	36.7	20.2	3.3	0.071	230	0
CKT-1058	2025-10-19T20:00:00Z	38.2	20	2.9	0.067	241	0
CKT-1058	2025-10-19T21:00:00Z	36.3	20.9	1.6	0.084	235	0
CKT-1058	2025-10-19T22:00:00Z	37.1	19.1	2.3	0.091	234	0
CKT-1058	2025-10-19T23:00:00Z	38.2	20.3	3	0.075	233	0
CKT-1058	2025-10-20T00:00:00Z	37.3	21.3	2.7	0.075	250	0
CKT-1058	2025-10-20T01:00:00Z	39	20.8	2.5	0.098	243	0
CKT-1058	2025-10-20T02:00:00Z	34	20.5	2.2	0.08	240	0
CKT-1058	2025-10-20T03:00:00Z	35	19.2	2.9	0.106	229	0
CKT-1058	2025-10-20T04:00:00Z	36.5	20.8	2.1	0.128	248	0
CKT-1058	2025-10-20T05:00:00Z	35.4	20.2	2	0.082	236	0
CKT-1058	2025-10-20T06:00:00Z	36.3	19.9	2.3	0.137	247	0
CKT-1058	2025-10-20T07:00:00Z	38.7	20.2	2.4	0.119	243	0
CKT-1058	2025-10-20T08:00:00Z	40.4	18.9	1.1	0.136	245	0
CKT-1058	2025-10-20T09:00:00Z	35.5	19.7	1.6	0.153	254	0
CKT-1058	2025-10-20T10:00:00Z	40.2	19.4	1.3	0.113	255	0
CKT-1058	2025-10-20T11:00:00Z	38.4	20.4	2.1	0.147	244	0
CKT-1058	2025-10-20T12:00:00Z	38.6	20.2	1.3	0.166	248	0
CKT-1058	2025-10-20T13:00:00Z	38.2	20.2	2.3	0.165	247	0
CKT-1058	2025-10-20T14:00:00Z	38.4	20.5	2.1	0.188	249	0
CKT-1058	2025-10-20T15:00:00Z	39	19.3	1.7	0.168	261	0
CKT-1058	2025-10-20T16:00:00Z	37.8	20.7	0.9	0.173	250	0
CKT-1058	2025-10-20T17:00:00Z	41.8	19.9	1.7	0.189	248	0
CKT-1058	2025-10-20T18:00:00Z	37.3	20.6	1.7	0.147	254	0
CKT-1058	2025-10-20T19:00:00Z	39.7	20.7	2.2	0.18	264	0
CKT-1058	2025-10-20T20:00:00Z	38.2	21.3	1.6	0.165	263	0
CKT-1058	2025-10-20T21:00:00Z	37.6	20.1	0.8	0.245	257	0
CKT-1058	2025-10-20T22:00:00Z	40.7	20.1	1	0.245	260	0
CKT-1058	2025-10-20T23:00:00Z	38.3	19.5	1.2	0.234	255	0
CKT-1058	2025-10-21T00:00:00Z	37.6	20.1	1.4	0.261	261	0
CKT-1058	2025-10-21T01:00:00Z	37.5	22	1.1	0.234	262	0
CKT-1058	2025-10-21T02:00:00Z	38.1	20.4	1.8	0.253	270	0
CKT-1058	2025-10-21T03:00:00Z	40.2	20.4	1.5	0.273	260	0
CKT-1058	2025-10-21T04:00:00Z	42.4	20	1	0.233	261	0
CKT-1058	2025-10-21T05:00:00Z	40.2	21.7	0.9	0.271	269	0
CKT-1058	2025-10-21T06:00:00Z	40.3	21.6	1.9	0.266	271	0
CKT-1058	2025-10-21T07:00:00Z	39.8	20.3	0.5	0.261	275	0
CKT-1058	2025-10-21T08:00:00Z	40.7	20.2	1.2	0.307	262	0
CKT-1058	2025-10-21T09:00:00Z	38.3	21.5	1.2	0.267	272	0
CKT-1058	2025-10-21T10:00:00Z	40.5	18.8	1.1	0.289	264	0
CKT-1058	2025-10-21T11:00:00Z	39.2	20.2	0.9	0.296	268	0
CKT-1059	2025-10-19T12:00:00Z	52.3	7.9	7.3	0.176	164	0
CKT-1059	2025-10-19T13:00:00Z	52.2	10	7.6	0.211	164	0
CKT-1059	2025-10-19T14:00:00Z	52.2	8.3	7.4	0.177	181	0
CKT-1059	2025-10-19T15:00:00Z	53.1	10.1	7.3	0.184	172	0
CKT-1059	2025-10-19T16:00:00Z	52.7	10.6	7.7	0.203	180	0
CKT-1059	2025-10-19T17:00:00Z	52.1	10.7	8.1	0.222	184	0
CKT-1059	2025-10-19T18:00:00Z	52.4	9.8	7.3	0.206	192	0
CKT-1059	2025-10-19T19:00:00Z	51.8	10	8.3	0.24	191	0
CKT-1059	2025-10-19T20:00:00Z	56.4	9.6	6.9	0.23	200	0
CKT-1059	2025-10-19T21:00:00Z	49.5	9	8	0.236	195	0
CKT-1059	2025-10-19T22:00:00Z	52.9	9	6.6	0.22	201	0
CKT-1059	2025-10-19T23:00:00Z	51.5	9.1	6.8	0.249	207	0
CKT-1059	2025-10-20T00:00:00Z	49.7	9.1	6.7	0.253	206	0
CKT-1059	2025-10-20T01:00:00Z	54	9.6	7.3	0.284	211	0
CKT-1059	2025-10-20T02:00:00Z	49.8	10.9	7.3	0.278	213	0
CKT-1059	2025-10-20T03:00:00Z	51	10.4	7	0.295	214	0
CKT-1059	2025-10-20T04:00:00Z	51.8	9.3	7	0.301	218	0
CKT-1059	2025-10-20T05:00:00Z	48.9	10.3	7.6	0.291	217	0
CKT-1059	2025-10-20T06:00:00Z	50.5	9.9	6.4	0.306	226	0
CKT-1059	2025-10-20T07:00:00Z	46.3	9.6	7.5	0.316	230	0
CKT-1059	2025-10-20T08:00:00Z	49.1	8.9	6.2	0.333	232	0
CKT-1059	2025-10-20T09:00:00Z	51.2	9	7.5	0.287	227	0
CKT-1059	2025-10-20T10:00:00Z	49.5	9.9	7.9	0.319	230	0
CKT-1059	2025-10-20T11:00:00Z	47.7	9.1	8.2	0.345	243	0
CKT-1059	2025-10-20T12:00:00Z	48.6	9.5	7.4	0.326	239	0
CKT-1059	2025-10-20T13:00:00Z	47.8	9.2	7	0.326	245	0
CKT-1059	2025-10-20T14:00:00Z	49	9.4	6.6	0.351	244	0
CKT-1059	2025-10-20T15:00:00Z	48.5	10.1	6.3	0.399	249	0
CKT-1059	2025-10-20T16:00:00Z	48.9	9	7.5	0.359	251	0
CKT-1059	2025-10-20T17:00:00Z	47.2	9.3	7.1	0.371	255	0
CKT-1059	2025-10-20T18:00:00Z	46.9	9	6.6	0.383	262	0
CKT-1059	2025-10-20T19:00:00Z	49	9.5	7	0.377	253	0
CKT-1059	2025-10-20T20:00:00Z	47.3	9.2	6.3	0.375	265	0
CKT-1059	2025-10-20T21:00:00Z	45.7	9	7.6	0.361	267	0
CKT-1059	2025-10-20T22:00:00Z	45.5	9	6.7	0.38	273	0
CKT-1059	2025-10-20T23:00:00Z	49.1	10	7.3	0.378	272	0
CKT-1059	2025-10-21T00:00:00Z	47.6	10	7.6	0.433	281	0
CKT-1059	2025-10-21T01:00:00Z	50.7	9.5	6.5	0.422	275	0
CKT-1059	2025-10-21T02:00:00Z	46.7	8.4	6.4	0.422	287	0
CKT-1059	2025-10-21T03:00:00Z	48.1	8.9	7.7	0.434	287	0
CKT-1059	2025-10-21T04:00:00Z	43.8	9.1	7.1	0.44	289	0
CKT-1059	2025-10-21T05:00:00Z	46.4	8.6	6.5	0.472	297	0
CKT-1059	2025-10-21T06:00:00Z	45.7	10.4	5.9	0.43	304	0
CKT-1059	2025-10-21T07:00:00Z	46.6	9.3	6.5	0.44	299	0
CKT-1059	2025-10-21T08:00:00Z	45.9	9.5	5.9	0.468	298	0
CKT-1059	2025-10-21T09:00:00Z	43.9	10.2	7.6	0.507	307	0
CKT-1059	2025-10-21T10:00:00Z	44.9	9.4	6.7	0.466	313	0
CKT-1059	2025-10-21T11:00:00Z	42	9.3	6.8	0.464	308	0
CKT-1060	2025-10-19T12:00:00Z	51	11.6	7.3	0.27	160	0
CKT-1060	2025-10-19T13:00:00Z	50.2	12.6	8.2	0.253	153	0
CKT-1060	2025-10-19T14:00:00Z	52.3	12.7	8.5	0.259	148	0
CKT-1060	2025-10-19T15:00:00Z	53.1	11	8.5	0.301	138	0
CKT-1060	2025-10-19T16:00:00Z	52.3	11.7	8.6	0.235	151	0
CKT-1060	2025-10-19T17:00:00Z	51.7	11.7	8.7	0.275	149	0
CKT-1060	2025-10-19T18:00:00Z	53.1	11.2	9.6	0.245	153	0
CKT-1060	2025-10-19T19:00:00Z	50.9	11.1	10.3	0.21	154	0
CKT-1060	2025-10-19T20:00:00Z	51.1	12.2	9.3	0.202	147	0
CKT-1060	2025-10-19T21:00:00Z	51.9	11.8	9.9	0.195	150	0
CKT-1060	2025-10-19T22:00:00Z	51.1	11.9	10.6	0.212	152	0
CKT-1060	2025-10-19T23:00:00Z	55.6	11.5	9.9	0.219	145	0
CKT-1060	2025-10-20T00:00:00Z	52.8	11.2	10.3	0.198	155	0
CKT-1060	2025-10-20T01:00:00Z	54.9	12.1	11	0.194	139	0
CKT-1060	2025-10-20T02:00:00Z	53.9	10.2	10.1	0.191	152	0
CKT-1060	2025-10-20T03:00:00Z	52.8	12.5	11.6	0.185	157	0
CKT-1060	2025-10-20T04:00:00Z	56	11.9	11.2	0.174	143	0
CKT-1060	2025-10-20T05:00:00Z	53.7	10.9	11.7	0.186	141	0
CKT-1060	2025-10-20T06:00:00Z	52	11.3	12	0.167	149	0
CKT-1060	2025-10-20T07:00:00Z	53	10.7	12.1	0.168	149	0
CKT-1060	2025-10-20T08:00:00Z	54.4	11.8	12.9	0.155	143	0
CKT-1060	2025-10-20T09:00:00Z	56.3	11.8	12.3	0.169	156	0
CKT-1060	2025-10-20T10:00:00Z	57.1	11.7	13.6	0.134	150	0
CKT-1060	2025-10-20T11:00:00Z	54.1	11.8	14.1	0.159	146	0
CKT-1060	2025-10-20T12:00:00Z	52.9	12.5	13.8	0.159	149	0
CKT-1060	2025-10-20T13:00:00Z	55.3	11	14	0.122	149	0
CKT-1060	2025-10-20T14:00:00Z	54.1	9.6	13.8	0.123	149	0
CKT-1060	2025-10-20T15:00:00Z	55.2	12.6	14.4	0.143	153	0
CKT-1060	2025-10-20T16:00:00Z	56.6	11.8	14.6	0.146	138	0
CKT-1060	2025-10-20T17:00:00Z	58.6	12.5	14.8	0.099	157	0
CKT-1060	2025-10-20T18:00:00Z	54.6	11.9	14.3	0.167	143	0
CKT-1060	2025-10-20T19:00:00Z	55.8	10.3	15.2	0.11	156	0
CKT-1060	2025-10-20T20:00:00Z	55.2	12.2	14.9	0.108	149	0
CKT-1060	2025-10-20T21:00:00Z	56.8	11.8	16.1	0.115	154	0
CKT-1060	2025-10-20T22:00:00Z	54.8	11.8	16.7	0.071	153	0
CKT-1060	2025-10-20T23:00:00Z	57.3	12.4	16.5	0.103	153	0
CKT-1060	2025-10-21T00:00:00Z	55.3	11.3	15.8	0.126	153	0
CKT-1060	2025-10-21T01:00:00Z	55.2	11.7	17.2	0.111	146	0
CKT-1060	2025-10-21T02:00:00Z	52	11.8	16.5	0.1	155	0
CKT-1060	2025-10-21T03:00:00Z	58.5	12.6	17.8	0.118	157	0
CKT-1060	2025-10-21T04:00:00Z	59.2	11.5	16.7	0.128	151	0
CKT-1060	2025-10-21T05:00:00Z	59	11.2	18.1	0.025	148	0
CKT-1060	2025-10-21T06:00:00Z	57.1	11.8	18.4	0.047	154	0
CKT-1060	2025-10-21T07:00:00Z	59.3	13	18.5	0.056	144	0
CKT-1060	2025-10-21T08:00:00Z	60.3	12	18.3	0.028	146	0
CKT-1060	2025-10-21T09:00:00Z	58.6	11.8	17.6	0.068	143	0
CKT-1060	2025-10-21T10:00:00Z	59.9	11.7	18.6	0.071	152	0
CKT-1060	2025-10-21T11:00:00Z	60	11.6	19.1	0.041	152	0
CKT-1061	2025-10-19T12:00:00Z	20.8	12.1	12.2	0.337	44	0
CKT-1061	2025-10-19T13:00:00Z	21.6	12.2	12.2	0.372	50	0
CKT-1061	2025-10-19T14:00:00Z	19.2	12	13.3	0.349	51	0
CKT-1061	2025-10-19T15:00:00Z	23.7	11.8	12.5	0.4	45	0
CKT-1061	2025-10-19T16:00:00Z	18	11.9	12.9	0.4	41	0
CKT-1061	2025-10-19T17:00:00Z	21.5	12.6	12.6	0.359	52	0
CKT-1061	2025-10-19T18:00:00Z	21.9	12.6	11.9	0.393	48	0
CKT-1061	2025-10-19T19:00:00Z	22.4	11.3	11.4	0.431	47	0
CKT-1061	2025-10-19T20:00:00Z	24.5	12.5	12.9	0.399	48	0
CKT-1061	2025-10-19T21:00:00Z	25.2	12	13.5	0.381	37	0
CKT-1061	2025-10-19T22:00:00Z	24.9	11.5	13.6	0.443	53	0
CKT-1061	2025-10-19T23:00:00Z	25	11.4	11.7	0.451	38	0
CKT-1061	2025-10-20T00:00:00Z	26.4	12.4	12.5	0.435	48	0
CKT-1061	2025-10-20T01:00:00Z	24	12.8	13.2	0.435	43	0
CKT-1061	2025-10-20T02:00:00Z	26.6	10.8	12.7	0.452	41	0
CKT-1061	2025-10-20T03:00:00Z	26.4	12	12.2	0.462	40	0
CKT-1061	2025-10-20T04:00:00Z	26.5	10.8	12.6	0.448	43	0
CKT-1061	2025-10-20T05:00:00Z	26.1	11.9	13	0.464	48	0
CKT-1061	2025-10-20T06:00:00Z	26.3	11.7	12.3	0.463	45	0
CKT-1061	2025-10-20T07:00:00Z	27.8	12	12.7	0.435	50	0
CKT-1061	2025-10-20T08:00:00Z	25.6	11.4	13.3	0.483	50	0
CKT-1061	2025-10-20T09:00:00Z	27.4	11.9	12.3	0.489	51	0
CKT-1061	2025-10-20T10:00:00Z	27	13.2	12.3	0.451	37	0
CKT-1061	2025-10-20T11:00:00Z	24.8	11.7	12.3	0.498	45	0
CKT-1061	2025-10-20T12:00:00Z	28.9	12	12.4	0.478	53	0
CKT-1061	2025-10-20T13:00:00Z	25.7	12.2	12.3	0.51	45	0
CKT-1061	2025-10-20T14:00:00Z	28.3	11.8	13.1	0.5	55	0
CKT-1061	2025-10-20T15:00:00Z	29	12	12.3	0.517	43	0
CKT-1061	2025-10-20T16:00:00Z	29.1	12	12.5	0.517	48	0
CKT-1061	2025-10-20T17:00:00Z	29.3	12.9	12.6	0.568	46	0
CKT-1061	2025-10-20T18:00:00Z	30.9	11.5	13.1	0.507	48	0
CKT-1061	2025-10-20T19:00:00Z	29.4	12.3	12.2	0.51	44	0
CKT-1061	2025-10-20T20:00:00Z	32.4	12.3	11.7	0.553	41	0
CKT-1061	2025-10-20T21:00:00Z	31.5	12.3	12.6	0.574	41	0
CKT-1061	2025-10-20T22:00:00Z	31.6	12.7	12	0.527	44	0
CKT-1061	2025-10-20T23:00:00Z	31.5	11.1	12.6	0.519	52	0
CKT-1061	2025-10-21T00:00:00Z	32.1	13.1	12.6	0.546	42	0
CKT-1061	2025-10-21T01:00:00Z	32	12	12.9	0.539	56	0
CKT-1061	2025-10-21T02:00:00Z	33.8	11.9	13.2	0.547	47	0
CKT-1061	2025-10-21T03:00:00Z	30.3	13.1	11.4	0.539	42	0
CKT-1061	2025-10-21T04:00:00Z	34.5	12.6	12.3	0.594	45	0
CKT-1061	2025-10-21T05:00:00Z	33.5	13	12.1	0.563	48	0
CKT-1061	2025-10-21T06:00:00Z	34.3	12	12.7	0.58	46	0
CKT-1061	2025-10-21T07:00:00Z	34	12.2	13	0.596	44	0
CKT-1061	2025-10-21T08:00:00Z	34.6	12.6	12.6	0.609	38	0
CKT-1061	2025-10-21T09:00:00Z	30.3	12.7	12.4	0.599	49	0
CKT-1061	2025-10-21T10:00:00Z	37.3	12.8	12.7	0.587	42	0
CKT-1061	2025-10-21T11:00:00Z	31.1	12.4	12.7	0.634	49	0
CKT-1062	2025-10-19T12:00:00Z	13.3	1	9.7	0.032	149	0
CKT-1062	2025-10-19T13:00:00Z	12.1	1	10.8	0.052	153	0
CKT-1062	2025-10-19T14:00:00Z	12.2	1	9.8	0.097	151	0
CKT-1062	2025-10-19T15:00:00Z	13.5	1	8.5	0.029	166	0
CKT-1062	2025-10-19T16:00:00Z	13.9	2	9.6	0	151	0
CKT-1062	2025-10-19T17:00:00Z	13.6	1.1	9.8	0.03	163	0
CKT-1062	2025-10-19T18:00:00Z	12.3	1.2	9.9	0.031	156	0
CKT-1062	2025-10-19T19:00:00Z	12.4	2.1	10.3	0.057	159	0
CKT-1062	2025-10-19T20:00:00Z	10.9	1.7	10.2	0.037	163	0
CKT-1062	2025-10-19T21:00:00Z	10.9	1.5	10.3	0.018	163	0
CKT-1062	2025-10-19T22:00:00Z	15	1	10.6	0.028	167	0
CKT-1062	2025-10-19T23:00:00Z	13.2	1	10.3	0.045	176	0
CKT-1062	2025-10-20T00:00:00Z	13.5	1	9.7	0.017	180	0
CKT-1062	2025-10-20T01:00:00Z	14.7	1	9.2	0.054	175	0
CKT-1062	2025-10-20T02:00:00Z	13	1.9	9.4	0.015	175	0
CKT-1062	2025-10-20T03:00:00Z	11.3	1.2	9.3	0.008	175	0
CKT-1062	2025-10-20T04:00:00Z	12.4	1	9.8	0.014	181	0
CKT-1062	2025-10-20T05:00:00Z	16.9	1	9.9	0.029	182	0
CKT-1062	2025-10-20T06:00:00Z	13.8	1	9.7	0.001	182	0
CKT-1062	2025-10-20T07:00:00Z	13.4	1	10.3	0.054	187	0
CKT-1062	2025-10-20T08:00:00Z	14.4	1.6	8.9	0.027	186	0
CKT-1062	2025-10-20T09:00:00Z	16.9	1	10	0.003	201	0
CKT-1062	2025-10-20T10:00:00Z	12.7	1.7	9.9	0.012	194	0
CKT-1062	2025-10-20T11:00:00Z	12.5	1	10.1	0	200	0
CKT-1062	2025-10-20T12:00:00Z	14	1.7	9.9	0	200	0
CKT-1062	2025-10-20T13:00:00Z	13	1.7	9.8	0.01	197	0
CKT-1062	2025-10-20T14:00:00Z	12.2	1	8.6	0	193	0
CKT-1062	2025-10-20T15:00:00Z	11.4	1.1	9.7	0	200	0
CKT-1062	2025-10-20T16:00:00Z	12.2	1	9	0	197	0
CKT-1062	2025-10-20T17:00:00Z	14.7	1	9.6	0.007	208	0
CKT-1062	2025-10-20T18:00:00Z	14.9	1	9.2	0.009	211	0
CKT-1062	2025-10-20T19:00:00Z	16.5	2	9.6	0	206	0
CKT-1062	2025-10-20T20:00:00Z	13	1	9.1	0	215	0
CKT-1062	2025-10-20T21:00:00Z	16.3	1.6	9.2	0.001	216	0
CKT-1062	2025-10-20T22:00:00Z	13.7	1	9.3	0	217	0
CKT-1062	2025-10-20T23:00:00Z	12.7	1	9.5	0	217	0
CKT-1062	2025-10-21T00:00:00Z	12.1	1.8	9.8	0	227	0
CKT-1062	2025-10-21T01:00:00Z	13.5	1.1	9.9	0.005	228	0
CKT-1062	2025-10-21T02:00:00Z	14.2	1	8.3	0	231	0
CKT-1062	2025-10-21T03:00:00Z	12.7	1	9	0	232	0
CKT-1062	2025-10-21T04:00:00Z	14.3	1	10.6	0	231	0
CKT-1062	2025-10-21T05:00:00Z	12.4	1	9.3	0	229	0
CKT-1062	2025-10-21T06:00:00Z	13.4	1	8.7	0	234	0
CKT-1062	2025-10-21T07:00:00Z	14.7	1	9.1	0	240	0
CKT-1062	2025-10-21T08:00:00Z	16.2	1.2	9.9	0	235	0
CKT-1062	2025-10-21T09:00:00Z	15.9	1.5	9	0	237	0
CKT-1062	2025-10-21T10:00:00Z	13.1	2	9.6	0	235	0
CKT-1062	2025-10-21T11:00:00Z	13	1	9.1	0	238	0
CKT-1063	2025-10-19T12:00:00Z	0	11.9	5	0.789	0	0
CKT-1063	2025-10-19T13:00:00Z	0	12.8	5.5	0.765	0	0
CKT-1063	2025-10-19T14:00:00Z	0	15.3	5.9	0.755	0	0
CKT-1063	2025-10-19T15:00:00Z	0	13.7	5.3	0.771	0	0
CKT-1063	2025-10-19T16:00:00Z	0	13.8	5.4	0.771	0	0
CKT-1063	2025-10-19T17:00:00Z	0	12.9	5.2	0.753	0	0
CKT-1063	2025-10-19T18:00:00Z	1.5	13.3	4.2	0.762	0	0
CKT-1063	2025-10-19T19:00:00Z	0	13.7	5.3	0.771	0	0
CKT-1063	2025-10-19T20:00:00Z	0	13	4.9	0.791	6	0
CKT-1063	2025-10-19T21:00:00Z	1.9	13.2	5.8	0.793	8	0
CKT-1063	2025-10-19T22:00:00Z	2	13	3.9	0.771	15	0
CKT-1063	2025-10-19T23:00:00Z	1.6	13.3	4.5	0.747	23	0
CKT-1063	2025-10-20T00:00:00Z	1.6	13.2	4.5	0.814	24	0
CKT-1063	2025-10-20T01:00:00Z	0.8	14.1	4.8	0.779	22	0
CKT-1063	2025-10-20T02:00:00Z	1.5	12.6	5.2	0.79	31	0
CKT-1063	2025-10-20T03:00:00Z	3.5	13.7	3.7	0.78	34	0
CKT-1063	2025-10-20T04:00:00Z	1.5	13.6	4	0.801	44	0
CKT-1063	2025-10-20T05:00:00Z	5	12.3	5.1	0.84	53	0
CKT-1063	2025-10-20T06:00:00Z	5	12.6	4.8	0.838	43	0
CKT-1063	2025-10-20T07:00:00Z	6.2	12.9	4.7	0.76	43	0
CKT-1063	2025-10-20T08:00:00Z	5	13.2	3.9	0.802	53	0
CKT-1063	2025-10-20T09:00:00Z	5.3	13.4	4.8	0.808	62	0
CKT-1063	2025-10-20T10:00:00Z	4.3	14.6	5	0.811	58	0
CKT-1063	2025-10-20T11:00:00Z	6.5	13.8	4.9	0.794	66	0
CKT-1063	2025-10-20T12:00:00Z	3.4	13.3	5.1	0.796	60	0
CKT-1063	2025-10-20T13:00:00Z	7.3	14.2	4.5	0.789	63	0
CKT-1063	2025-10-20T14:00:00Z	7.5	12.7	4.3	0.834	73	0
CKT-1063	2025-10-20T15:00:00Z	10.5	13.8	4.8	0.851	79	0
CKT-1063	2025-10-20T16:00:00Z	7.9	13.2	4.5	0.823	92	0
CKT-1063	2025-10-20T17:00:00Z	7.5	13.5	4	0.83	98	0
CKT-1063	2025-10-20T18:00:00Z	8.3	13.2	3.7	0.843	91	0
CKT-1063	2025-10-20T19:00:00Z	7.7	13.2	4.3	0.865	96	0
CKT-1063	2025-10-20T20:00:00Z	9.8	13.2	3.7	0.829	92	0
CKT-1063	2025-10-20T21:00:00Z	9.1	14	3.7	0.844	102	0
CKT-1063	2025-10-20T22:00:00Z	12.4	12.9	4	0.852	108	0
CKT-1063	2025-10-20T23:00:00Z	11.3	13.4	4.2	0.856	120	0
CKT-1063	2025-10-21T00:00:00Z	11.4	12.4	4.1	0.867	116	0
CKT-1063	2025-10-21T01:00:00Z	11.3	12.1	2.8	0.895	117	0
CKT-1063	2025-10-21T02:00:00Z	13.6	12.5	3.2	0.879	123	0
CKT-1063	2025-10-21T03:00:00Z	13.3	13.4	3.5	0.855	122	0
CKT-1063	2025-10-21T04:00:00Z	15	14.4	3.1	0.849	130	0
CKT-1063	2025-10-21T05:00:00Z	13.8	13.3	3.8	0.873	135	1
CKT-1063	2025-10-21T06:00:00Z	17.3	13.1	4.3	0.906	142	1
CKT-1063	2025-10-21T07:00:00Z	11.2	13.4	3.2	0.881	138	1
CKT-1063	2025-10-21T08:00:00Z	15.6	14	4	0.876	142	1
CKT-1063	2025-10-21T09:00:00Z	15.4	14.5	3.4	0.895	150	1
CKT-1063	2025-10-21T10:00:00Z	14.5	13.8	3.3	0.897	158	1
CKT-1063	2025-10-21T11:00:00Z	16.2	13.7	2.9	0.874	159	1
CKT-1064	2025-10-19T12:00:00Z	58.2	11.5	15.5	0.137	0	0
CKT-1064	2025-10-19T13:00:00Z	56.2	13.1	15.8	0.168	0	0
CKT-1064	2025-10-19T14:00:00Z	59.1	11.7	16.2	0.146	5	0
CKT-1064	2025-10-19T15:00:00Z	56	12.2	15.8	0.133	9	0
CKT-1064	2025-10-19T16:00:00Z	61.1	10.4	15.8	0.17	4	0
CKT-1064	2025-10-19T17:00:00Z	60.6	12.5	15.9	0.205	8	0
CKT-1064	2025-10-19T18:00:00Z	57.9	11.3	16.4	0.147	3	0
CKT-1064	2025-10-19T19:00:00Z	58.1	11.9	15.6	0.139	13	0
CKT-1064	2025-10-19T20:00:00Z	57.9	12.9	15.9	0.194	13	0
CKT-1064	2025-10-19T21:00:00Z	60.5	12	15.8	0.194	24	0
CKT-1064	2025-10-19T22:00:00Z	58.2	12.2	15.7	0.186	14	0
CKT-1064	2025-10-19T23:00:00Z	55.4	11.6	16.2	0.163	20	0
CKT-1064	2025-10-20T00:00:00Z	58.9	11.6	16.1	0.195	20	0
CKT-1064	2025-10-20T01:00:00Z	60.2	11.8	14.8	0.177	10	0
CKT-1064	2025-10-20T02:00:00Z	59.8	12.2	16.1	0.198	26	0
CKT-1064	2025-10-20T03:00:00Z	56.4	11.6	14.9	0.184	32	0
CKT-1064	2025-10-20T04:00:00Z	60.5	12.1	15.5	0.175	26	0
CKT-1064	2025-10-20T05:00:00Z	60.6	11.9	14.8	0.2	18	0
CKT-1064	2025-10-20T06:00:00Z	60.2	11.3	15	0.217	32	0
CKT-1064	2025-10-20T07:00:00Z	59.4	13	15.9	0.191	34	0
CKT-1064	2025-10-20T08:00:00Z	58.6	12.4	15.7	0.215	26	0
CKT-1064	2025-10-20T09:00:00Z	59.2	11.6	15	0.206	38	0
CKT-1064	2025-10-20T10:00:00Z	59.1	10.8	15.4	0.204	38	0
CKT-1064	2025-10-20T11:00:00Z	59.3	11.4	15.3	0.218	44	0
CKT-1064	2025-10-20T12:00:00Z	59.7	12.5	16.1	0.25	48	0
CKT-1064	2025-10-20T13:00:00Z	61.6	11	15.8	0.248	50	0
CKT-1064	2025-10-20T14:00:00Z	58.2	12.1	15.5	0.264	39	0
CKT-1064	2025-10-20T15:00:00Z	58.2	10.6	15.6	0.275	47	0
CKT-1064	2025-10-20T16:00:00Z	59.6	12	15.4	0.24	51	0
CKT-1064	2025-10-20T17:00:00Z	58.2	11.6	15.8	0.255	58	0
CKT-1064	2025-10-20T18:00:00Z	60	11.9	15.8	0.228	50	0
CKT-1064	2025-10-20T19:00:00Z	59.4	10.9	15.6	0.264	52	0
CKT-1064	2025-10-20T20:00:00Z	60.3	11.3	14.9	0.287	52	0
CKT-1064	2025-10-20T21:00:00Z	57.7	11.8	15.6	0.262	70	0
CKT-1064	2025-10-20T22:00:00Z	58.5	11.3	16.2	0.271	66	0
CKT-1064	2025-10-20T23:00:00Z	58.9	12.3	15.8	0.259	61	0
CKT-1064	2025-10-21T00:00:00Z	60	12.7	14.8	0.243	62	0
CKT-1064	2025-10-21T01:00:00Z	59.2	11.7	15.9	0.271	68	0
CKT-1064	2025-10-21T02:00:00Z	60.3	12	14.5	0.287	65	0
CKT-1064	2025-10-21T03:00:00Z	59.3	11.9	15.3	0.278	72	0
CKT-1064	2025-10-21T04:00:00Z	59.6	12.6	15.7	0.278	77	0
CKT-1064	2025-10-21T05:00:00Z	59	13	14.8	0.277	74	0
CKT-1064	2025-10-21T06:00:00Z	59.6	11.4	14.9	0.302	71	0
CKT-1064	2025-10-21T07:00:00Z	61.6	12.1	15.1	0.292	79	0
CKT-1064	2025-10-21T08:00:00Z	58.5	11	15.6	0.296	83	0
CKT-1064	2025-10-21T09:00:00Z	59.6	11.6	15.1	0.253	84	0
CKT-1064	2025-10-21T10:00:00Z	61.1	11.7	16.1	0.271	82	0
CKT-1064	2025-10-21T11:00:00Z	60.5	11.8	14.3	0.306	89	0
CKT-1065	2025-10-19T12:00:00Z	37.4	18.8	13.6	0.296	14	0
CKT-1065	2025-10-19T13:00:00Z	35.7	17.9	13.3	0.274	9	0
CKT-1065	2025-10-19T14:00:00Z	35.6	18.5	14.7	0.294	10	0
CKT-1065	2025-10-19T15:00:00Z	37.4	18.5	14	0.273	7	0
CKT-1065	2025-10-19T16:00:00Z	32.8	18.6	15.2	0.297	12	0
CKT-1065	2025-10-19T17:00:00Z	35.8	19.8	14.2	0.26	15	0
CKT-1065	2025-10-19T18:00:00Z	35.4	18.5	15.1	0.268	5	0
CKT-1065	2025-10-19T19:00:00Z	33.8	19.1	15.1	0.305	8	0
CKT-1065	2025-10-19T20:00:00Z	34.3	19.8	15.6	0.276	2	0
CKT-1065	2025-10-19T21:00:00Z	33.3	18.3	15.2	0.261	18	0
CKT-1065	2025-10-19T22:00:00Z	31.9	18.2	15.4	0.279	0	0
CKT-1065	2025-10-19T23:00:00Z	31.4	18.8	16.1	0.304	7	0
CKT-1065	2025-10-20T00:00:00Z	33.5	18.4	15.8	0.295	16	0
CKT-1065	2025-10-20T01:00:00Z	33.4	18.4	15.6	0.29	7	0
CKT-1065	2025-10-20T02:00:00Z	30.5	18.7	15.6	0.224	11	0
CKT-1065	2025-10-20T03:00:00Z	33.7	20	15.2	0.273	14	0
CKT-1065	2025-10-20T04:00:00Z	33.4	18.3	15.4	0.258	10	0
CKT-1065	2025-10-20T05:00:00Z	31.5	19.7	15.9	0.217	8	0
CKT-1065	2025-10-20T06:00:00Z	32.8	19.1	16.3	0.282	4	0
CKT-1065	2025-10-20T07:00:00Z	31.2	19.9	15.3	0.249	16	0
CKT-1065	2025-10-20T08:00:00Z	33.4	19.3	16.7	0.227	16	0
CKT-1065	2025-10-20T09:00:00Z	29.5	18.2	16.7	0.236	11	0
CKT-1065	2025-10-20T10:00:00Z	31.7	20	16.8	0.232	13	0
CKT-1065	2025-10-20T11:00:00Z	29.5	19.5	16.8	0.25	1	0
CKT-1065	2025-10-20T12:00:00Z	27.1	18	17.7	0.217	13	0
CKT-1065	2025-10-20T13:00:00Z	29.3	18.8	16.9	0.271	12	0
CKT-1065	2025-10-20T14:00:00Z	30.6	19.7	16.7	0.257	14	0
CKT-1065	2025-10-20T15:00:00Z	31	18.8	16.9	0.217	5	0
CKT-1065	2025-10-20T16:00:00Z	28.1	19.2	17.2	0.241	12	0
CKT-1065	2025-10-20T17:00:00Z	27.6	18.3	17.3	0.214	5	0
CKT-1065	2025-10-20T18:00:00Z	31.4	18	18.5	0.234	14	0
CKT-1065	2025-10-20T19:00:00Z	29.9	19.3	18.4	0.204	9	0
CKT-1065	2025-10-20T20:00:00Z	27.1	17.9	17.4	0.261	9	0
CKT-1065	2025-10-20T21:00:00Z	31.1	20.2	19.3	0.26	21	0
CKT-1065	2025-10-20T22:00:00Z	28.3	19.1	18.1	0.22	10	0
CKT-1065	2025-10-20T23:00:00Z	28.7	18.7	17.4	0.225	6	0
CKT-1065	2025-10-21T00:00:00Z	26.4	18.8	18	0.238	9	0
CKT-1065	2025-10-21T01:00:00Z	28.8	19.1	18.2	0.217	3	0
CKT-1065	2025-10-21T02:00:00Z	27.3	19.4	18.9	0.184	2	0
CKT-1065	2025-10-21T03:00:00Z	25.7	19.8	18.6	0.194	2	0
CKT-1065	2025-10-21T04:00:00Z	25.2	18.5	19.1	0.228	4	0
CKT-1065	2025-10-21T05:00:00Z	27.1	19.3	18.1	0.204	11	0
CKT-1065	2025-10-21T06:00:00Z	25.9	17.9	18.9	0.216	17	0
CKT-1065	2025-10-21T07:00:00Z	24.4	18.6	18.8	0.207	10	0
CKT-1065	2025-10-21T08:00:00Z	26.1	18.3	19.2	0.184	9	0
CKT-1065	2025-10-21T09:00:00Z	27.4	18.1	19	0.172	10	0
CKT-1065	2025-10-21T10:00:00Z	26.2	19	19.2	0.222	11	0
CKT-1065	2025-10-21T11:00:00Z	25.6	19.4	17.9	0.192	4	0
CKT-1066	2025-10-19T12:00:00Z	77.3	6.5	0	0.039	81	0
CKT-1066	2025-10-19T13:00:00Z	79.9	6.5	0	0.025	89	0
CKT-1066	2025-10-19T14:00:00Z	78.6	5.5	0	0.019	87	0
CKT-1066	2025-10-19T15:00:00Z	77.6	6.9	0.4	0.063	93	0
CKT-1066	2025-10-19T16:00:00Z	77.9	7.3	0	0.034	94	0
CKT-1066	2025-10-19T17:00:00Z	78.7	5.6	0.7	0.044	100	0
CKT-1066	2025-10-19T18:00:00Z	79.7	7.1	0.9	0.049	100	0
CKT-1066	2025-10-19T19:00:00Z	78.2	7.1	1.1	0.043	110	0
CKT-1066	2025-10-19T20:00:00Z	79.1	7.4	2.4	0.05	107	0
CKT-1066	2025-10-19T21:00:00Z	78.9	6.9	1.7	0.066	105	0
CKT-1066	2025-10-19T22:00:00Z	80.5	7.7	1.8	0.048	116	0
CKT-1066	2025-10-19T23:00:00Z	78.3	7	2	0.051	125	0
CKT-1066	2025-10-20T00:00:00Z	79.7	7.1	1.3	0.053	135	0
CKT-1066	2025-10-20T01:00:00Z	78.4	7.5	1.5	0.036	126	0
CKT-1066	2025-10-20T02:00:00Z	80.6	7.6	2.1	0.06	142	0
CKT-1066	2025-10-20T03:00:00Z	78.5	6.7	2.7	0.02	138	0
CKT-1066	2025-10-20T04:00:00Z	81.9	6.3	2.9	0.048	141	0
CKT-1066	2025-10-20T05:00:00Z	79.1	7.7	2.9	0.051	154	0
CKT-1066	2025-10-20T06:00:00Z	78.4	6	3.6	0.04	154	0
CKT-1066	2025-10-20T07:00:00Z	77.7	6.9	2.3	0.039	150	0
CKT-1066	2025-10-20T08:00:00Z	77.6	6.4	1.9	0.014	161	0
CKT-1066	2025-10-20T09:00:00Z	79.6	6	3.5	0.02	165	0
CKT-1066	2025-10-20T10:00:00Z	78.9	6.4	3.3	0.089	162	0
CKT-1066	2025-10-20T11:00:00Z	79.5	7.1	3	0.006	166	0
CKT-1066	2025-10-20T12:00:00Z	80.4	6.4	3.5	0.056	169	0
CKT-1066	2025-10-20T13:00:00Z	79.2	5.7	3.9	0.043	181	0
CKT-1066	2025-10-20T14:00:00Z	77.7	6.5	3.3	0.033	189	0
CKT-1066	2025-10-20T15:00:00Z	79	5.8	3.7	0.006	179	0
CKT-1066	2025-10-20T16:00:00Z	80.6	5.7	4.4	0.039	187	0
CKT-1066	2025-10-20T17:00:00Z	80	6.1	4.8	0.025	192	0
CKT-1066	2025-10-20T18:00:00Z	79	7	4.8	0	199	0
CKT-1066	2025-10-20T19:00:00Z	77.2	6.4	4.6	0.032	204	0
CKT-1066	2025-10-20T20:00:00Z	80.9	6.2	4.4	0.038	198	0
CKT-1066	2025-10-20T21:00:00Z	79.2	7.4	4.2	0.032	207	0
CKT-1066	2025-10-20T22:00:00Z	83	6.3	4.9	0.019	214	0
CKT-1066	2025-10-20T23:00:00Z	80.5	6.1	5.8	0.045	222	0
CKT-1066	2025-10-21T00:00:00Z	79.7	6.8	5.3	0.069	222	0
CKT-1066	2025-10-21T01:00:00Z	80.3	6.3	5.3	0.045	230	0
CKT-1066	2025-10-21T02:00:00Z	79.3	6.7	5.8	0.047	221	0
CKT-1066	2025-10-21T03:00:00Z	79	5.8	5.9	0.022	231	0
CKT-1066	2025-10-21T04:00:00Z	78.7	6.4	5.4	0.055	240	0
CKT-1066	2025-10-21T05:00:00Z	80.8	6.4	5.1	0.031	238	0
CKT-1066	2025-10-21T06:00:00Z	81	7	6.5	0.066	243	0
CKT-1066	2025-10-21T07:00:00Z	79.8	7.2	6.5	0.036	259	0
CKT-1066	2025-10-21T08:00:00Z	81.6	6.5	6.2	0.067	255	0
CKT-1066	2025-10-21T09:00:00Z	80.9	7	7.2	0.052	262	0
CKT-1066	2025-10-21T10:00:00Z	81.6	7	6.5	0.077	255	0
CKT-1066	2025-10-21T11:00:00Z	81.5	5.8	7	0.03	266	0
CKT-1067	2025-10-19T12:00:00Z	66.9	1	0.9	0	0	0
CKT-1067	2025-10-19T13:00:00Z	67.7	1	0.5	0	0	0
CKT-1067	2025-10-19T14:00:00Z	65	1	0.2	0	0	0
CKT-1067	2025-10-19T15:00:00Z	66.5	1.1	0.2	0.001	0	0
CKT-1067	2025-10-19T16:00:00Z	64.9	1.5	1.4	0	0	0
CKT-1067	2025-10-19T17:00:00Z	66.5	1.8	1.9	0	0	0
CKT-1067	2025-10-19T18:00:00Z	68.9	1	0.5	0.001	0	0
CKT-1067	2025-10-19T19:00:00Z	66.6	1	1.2	0	0	0
CKT-1067	2025-10-19T20:00:00Z	68.4	1.5	0.2	0.028	0	0
CKT-1067	2025-10-19T21:00:00Z	67.6	1	1.1	0.053	0	0
CKT-1067	2025-10-19T22:00:00Z	68	1.8	0.7	0	1	0
CKT-1067	2025-10-19T23:00:00Z	66.7	1	0	0.046	0	0
CKT-1067	2025-10-20T00:00:00Z	68.9	1.5	0.6	0.03	6	0
CKT-1067	2025-10-20T01:00:00Z	68.9	1	0.1	0.024	7	0
CKT-1067	2025-10-20T02:00:00Z	69.6	1.8	0.6	0.011	0	0
CKT-1067	2025-10-20T03:00:00Z	68	1	0.1	0.034	14	0
CKT-1067	2025-10-20T04:00:00Z	72.2	1.4	1.3	0.046	22	0
CKT-1067	2025-10-20T05:00:00Z	69.1	1	0.1	0.033	16	0
CKT-1067	2025-10-20T06:00:00Z	68.4	1.4	0	0.004	17	0
CKT-1067	2025-10-20T07:00:00Z	69.8	1	0.1	0.049	28	0
CKT-1067	2025-10-20T08:00:00Z	69.4	1	0	0.052	33	0
CKT-1067	2025-10-20T09:00:00Z	71.2	1.9	1	0.031	39	0
CKT-1067	2025-10-20T10:00:00Z	70.5	1.8	0.4	0.003	30	0
CKT-1067	2025-10-20T11:00:00Z	69.4	1	0.5	0.086	36	0
CKT-1067	2025-10-20T12:00:00Z	72.7	2	0.1	0.046	39	0
CKT-1067	2025-10-20T13:00:00Z	72.5	1.7	0.2	0.056	43	0
CKT-1067	2025-10-20T14:00:00Z	69.6	1.7	0	0.062	50	0
CKT-1067	2025-10-20T15:00:00Z	70.5	1	0.9	0.05	43	0
CKT-1067	2025-10-20T16:00:00Z	73.6	1	0	0.064	48	0
CKT-1067	2025-10-20T17:00:00Z	73.2	1	0.1	0.059	43	0
CKT-1067	2025-10-20T18:00:00Z	73.5	1	0.4	0.065	62	0
CKT-1067	2025-10-20T19:00:00Z	72.1	1	0	0.052	68	0
CKT-1067	2025-10-20T20:00:00Z	73.2	1	0	0.08	64	0
CKT-1067	2025-10-20T21:00:00Z	73.4	1.8	0	0.018	63	0
CKT-1067	2025-10-20T22:00:00Z	74.3	1	0	0.085	71	0
CKT-1067	2025-10-20T23:00:00Z	74.8	1.4	0	0.072	78	0
CKT-1067	2025-10-21T00:00:00Z	76.2	1.6	0	0.034	76	0
CKT-1067	2025-10-21T01:00:00Z	73.3	1.9	0	0.051	79	0
CKT-1067	2025-10-21T02:00:00Z	75.3	1.7	0	0.028	83	0
CKT-1067	2025-10-21T03:00:00Z	71.4	1.3	0	0.099	82	0
CKT-1067	2025-10-21T04:00:00Z	75.7	1.5	0	0.094	90	0
CKT-1067	2025-10-21T05:00:00Z	74.8	1.2	0	0.093	90	0
CKT-1067	2025-10-21T06:00:00Z	76.3	1	0	0.083	90	0
CKT-1067	2025-10-21T07:00:00Z	77.4	1.5	0	0.086	94	0
CKT-1067	2025-10-21T08:00:00Z	74.1	1	0	0.094	101	0
CKT-1067	2025-10-21T09:00:00Z	78.1	1	0	0.118	94	0
CKT-1067	2025-10-21T10:00:00Z	76.3	1	0	0.078	110	0
CKT-1067	2025-10-21T11:00:00Z	77.6	1	0	0.089	113	0
CKT-1068	2025-10-19T12:00:00Z	42	9.6	6.8	0.072	203	0
CKT-1068	2025-10-19T13:00:00Z	44.4	9.8	5.4	0.121	200	0
CKT-1068	2025-10-19T14:00:00Z	42.8	9.5	6.1	0.067	202	0
CKT-1068	2025-10-19T15:00:00Z	43.1	10.1	6.6	0.12	200	0
CKT-1068	2025-10-19T16:00:00Z	43.2	8.8	7.5	0.098	198	0
CKT-1068	2025-10-19T17:00:00Z	47.4	10.5	5.8	0.067	201	0
CKT-1068	2025-10-19T18:00:00Z	43.6	9.6	7	0.051	203	0
CKT-1068	2025-10-19T19:00:00Z	47.4	9.9	6.7	0.062	206	0
CKT-1068	2025-10-19T20:00:00Z	44.3	9.8	6.8	0.095	199	0
CKT-1068	2025-10-19T21:00:00Z	45.7	8.9	7.1	0.061	197	0
CKT-1068	2025-10-19T22:00:00Z	45.7	10	6.4	0.046	206	0
CKT-1068	2025-10-19T23:00:00Z	47.1	10.2	6.9	0.063	202	0
CKT-1068	2025-10-20T00:00:00Z	49.8	10.4	7.7	0.048	197	0
CKT-1068	2025-10-20T01:00:00Z	49.3	10.5	7.8	0.057	205	0
CKT-1068	2025-10-20T02:00:00Z	49.7	9.7	7.4	0.056	198	0
CKT-1068	2025-10-20T03:00:00Z	47.9	9.2	6.6	0.054	201	0
CKT-1068	2025-10-20T04:00:00Z	50.5	10.4	8.1	0.076	198	0
CKT-1068	2025-10-20T05:00:00Z	47.7	10.2	8.2	0.076	204	0
CKT-1068	2025-10-20T06:00:00Z	47.2	9.9	7.9	0.067	209	0
CKT-1068	2025-10-20T07:00:00Z	52	9.3	7.2	0.05	198	0
CKT-1068	2025-10-20T08:00:00Z	53.3	8.6	8.1	0.042	200	0
CKT-1068	2025-10-20T09:00:00Z	50.1	8.4	7.6	0.022	207	0
CKT-1068	2025-10-20T10:00:00Z	50.7	9.9	7.3	0.039	190	0
CKT-1068	2025-10-20T11:00:00Z	55.4	9.6	6.7	0.012	197	0
CKT-1068	2025-10-20T12:00:00Z	51.7	9.4	7.8	0.007	196	0
CKT-1068	2025-10-20T13:00:00Z	54.4	10.4	8.1	0.02	196	0
CKT-1068	2025-10-20T14:00:00Z	53.6	9.8	8.2	0.025	203	0
CKT-1068	2025-10-20T15:00:00Z	52.4	10.4	8.3	0.048	204	0
CKT-1068	2025-10-20T16:00:00Z	57.3	10.4	8.6	0	198	0
CKT-1068	2025-10-20T17:00:00Z	55.6	9.7	8.3	0.025	202	0
CKT-1068	2025-10-20T18:00:00Z	56.5	9.1	9.2	0.015	207	0
CKT-1068	2025-10-20T19:00:00Z	57.1	9.6	8.7	0.038	200	0
CKT-1068	2025-10-20T20:00:00Z	57.1	9.4	7.9	0	204	0
CKT-1068	2025-10-20T21:00:00Z	57.5	9.9	9.5	0.004	198	0
CKT-1068	2025-10-20T22:00:00Z	57.7	9.8	8.7	0.002	202	0
CKT-1068	2025-10-20T23:00:00Z	56.4	9.6	9.8	0.017	202	0
CKT-1068	2025-10-21T00:00:00Z	57.8	8.8	10.1	0.007	205	0
CKT-1068	2025-10-21T01:00:00Z	54.7	9.7	9.2	0	199	0
CKT-1068	2025-10-21T02:00:00Z	58.2	10	9	0	202	0
CKT-1068	2025-10-21T03:00:00Z	60.9	10.1	10	0	209	0
CKT-1068	2025-10-21T04:00:00Z	56.7	10.9	10.6	0	206	0
CKT-1068	2025-10-21T05:00:00Z	59.7	9.5	9.3	0	204	0
CKT-1068	2025-10-21T06:00:00Z	60.8	10.8	9.8	0	210	0
CKT-1068	2025-10-21T07:00:00Z	58.8	9.3	9.9	0	194	0
CKT-1068	2025-10-21T08:00:00Z	59.9	8.8	10.2	0	195	0
CKT-1068	2025-10-21T09:00:00Z	62.9	10.2	9.6	0	196	0
CKT-1068	2025-10-21T10:00:00Z	60.9	10.6	10	0	202	0
CKT-1068	2025-10-21T11:00:00Z	60.3	10	9.7	0	203	0
CKT-1069	2025-10-19T12:00:00Z	84.3	4.9	4.6	0.093	6	0
CKT-1069	2025-10-19T13:00:00Z	88.2	6.2	5.1	0.074	0	0
CKT-1069	2025-10-19T14:00:00Z	89.1	6.3	5.2	0.067	2	0
CKT-1069	2025-10-19T15:00:00Z	89.3	6.4	5.2	0.069	4	0
CKT-1069	2025-10-19T16:00:00Z	88.4	5.4	6.3	0.051	11	0
CKT-1069	2025-10-19T17:00:00Z	88.6	6.2	5.9	0.081	0	0
CKT-1069	2025-10-19T18:00:00Z	91.2	5.5	5.8	0.109	1	0
CKT-1069	2025-10-19T19:00:00Z	89.4	4.8	7.3	0.058	11	0
CKT-1069	2025-10-19T20:00:00Z	91.5	5.8	6.6	0.11	0	0
CKT-1069	2025-10-19T21:00:00Z	91.7	5.5	6.6	0.066	0	0
CKT-1069	2025-10-19T22:00:00Z	92.1	5.7	6.3	0.067	4	0
CKT-1069	2025-10-19T23:00:00Z	91.5	6.8	7.8	0.073	5	0
CKT-1069	2025-10-20T00:00:00Z	92.8	6.4	8.2	0.069	0	0
CKT-1069	2025-10-20T01:00:00Z	93.1	6	8	0.048	0	0
CKT-1069	2025-10-20T02:00:00Z	96	5	7.3	0.02	0	0
CKT-1069	2025-10-20T03:00:00Z	96	6.4	7.9	0.054	0	0
CKT-1069	2025-10-20T04:00:00Z	92.8	7	8.9	0.047	0	0
CKT-1069	2025-10-20T05:00:00Z	94.7	5.3	8.4	0.043	0	0
CKT-1069	2025-10-20T06:00:00Z	93.3	7	8.7	0.043	0	0
CKT-1069	2025-10-20T07:00:00Z	93.6	5.6	8.6	0.045	5	0
CKT-1069	2025-10-20T08:00:00Z	97.6	6.3	9.9	0.035	6	0
CKT-1069	2025-10-20T09:00:00Z	97.6	4.5	9.1	0.007	2	0
CKT-1069	2025-10-20T10:00:00Z	96.2	6	9.9	0.045	9	0
CKT-1069	2025-10-20T11:00:00Z	95.3	5	11.1	0.038	2	0
CKT-1069	2025-10-20T12:00:00Z	98.3	5.6	8.9	0	0	0
CKT-1069	2025-10-20T13:00:00Z	97.7	5.3	11.3	0.007	2	0
CKT-1069	2025-10-20T14:00:00Z	99.6	6	10	0.033	3	0
CKT-1069	2025-10-20T15:00:00Z	97.7	5.6	10.4	0.001	3	0
CKT-1069	2025-10-20T16:00:00Z	100	6	10.8	0.004	0	0
CKT-1069	2025-10-20T17:00:00Z	100	6	10.4	0.004	4	0
CKT-1069	2025-10-20T18:00:00Z	100	6	11.2	0.015	0	0
CKT-1069	2025-10-20T19:00:00Z	100	5.3	11.8	0	5	0
CKT-1069	2025-10-20T20:00:00Z	100	6.3	11.1	0	1	0
CKT-1069	2025-10-20T21:00:00Z	100	5	12	0	0	0
CKT-1069	2025-10-20T22:00:00Z	100	6.2	12.1	0	8	0
CKT-1069	2025-10-20T23:00:00Z	100	6	12.1	0	7	0
CKT-1069	2025-10-21T00:00:00Z	100	5.4	12.7	0	2	0
CKT-1069	2025-10-21T01:00:00Z	100	5.5	10.7	0.004	0	0
CKT-1069	2025-10-21T02:00:00Z	100	5.5	12.3	0	0	0
CKT-1069	2025-10-21T03:00:00Z	100	5.8	12.9	0	0	0
CKT-1069	2025-10-21T04:00:00Z	100	6.1	12.8	0	0	0
CKT-1069	2025-10-21T05:00:00Z	100	5.6	13.2	0	4	0
CKT-1069	2025-10-21T06:00:00Z	100	4.5	12.8	0	8	0
CKT-1069	2025-10-21T07:00:00Z	100	6.2	14.6	0	8	0
CKT-1069	2025-10-21T08:00:00Z	100	5.9	13.6	0	5	0
CKT-1069	2025-10-21T09:00:00Z	100	6.5	14.2	0.01	7	0
CKT-1069	2025-10-21T10:00:00Z	100	5.1	13.6	0	0	0
CKT-1069	2025-10-21T11:00:00Z	100	6	14.3	0	0	0
CKT-1070	2025-10-19T12:00:00Z	29	8.6	11.2	0.196	54	0
CKT-1070	2025-10-19T13:00:00Z	27.2	8.5	11.3	0.237	51	0
CKT-1070	2025-10-19T14:00:00Z	29.6	7.6	11.2	0.202	39	0
CKT-1070	2025-10-19T15:00:00Z	27.4	8.3	11.7	0.198	44	0
CKT-1070	2025-10-19T16:00:00Z	30.9	7.8	11.9	0.199	51	0
CKT-1070	2025-10-19T17:00:00Z	31.5	8	11.2	0.164	38	0
CKT-1070	2025-10-19T18:00:00Z	29.6	8.2	11	0.184	57	0
CKT-1070	2025-10-19T19:00:00Z	31.4	7.6	11.2	0.214	47	0
CKT-1070	2025-10-19T20:00:00Z	29	8.1	12	0.233	48	0
CKT-1070	2025-10-19T21:00:00Z	31.1	8.3	10.9	0.207	46	0
CKT-1070	2025-10-19T22:00:00Z	32.3	9.2	11.1	0.204	59	0
CKT-1070	2025-10-19T23:00:00Z	32.6	7.6	11.2	0.219	51	0
CKT-1070	2025-10-20T00:00:00Z	31.5	7.9	11	0.222	48	0
CKT-1070	2025-10-20T01:00:00Z	28	8.9	10.8	0.271	66	0
CKT-1070	2025-10-20T02:00:00Z	30.5	9.7	11.6	0.219	45	0
CKT-1070	2025-10-20T03:00:00Z	32.5	8.3	11.4	0.231	53	0
CKT-1070	2025-10-20T04:00:00Z	31	8.7	10.9	0.232	52	0
CKT-1070	2025-10-20T05:00:00Z	31.9	7.6	11.5	0.228	59	0
CKT-1070	2025-10-20T06:00:00Z	35.2	8.1	10.8	0.258	53	0
CKT-1070	2025-10-20T07:00:00Z	34	8.9	11.2	0.183	61	0
CKT-1070	2025-10-20T08:00:00Z	30.4	9	11.5	0.262	57	0
CKT-1070	2025-10-20T09:00:00Z	34.7	8.2	11.8	0.263	67	0
CKT-1070	2025-10-20T10:00:00Z	31.9	9.2	11.2	0.291	66	0
CKT-1070	2025-10-20T11:00:00Z	32.7	8.7	11.5	0.286	67	0
CKT-1070	2025-10-20T12:00:00Z	30.2	8.8	10.1	0.27	67	0
CKT-1070	2025-10-20T13:00:00Z	31	8.5	11.8	0.267	72	0
CKT-1070	2025-10-20T14:00:00Z	36.8	8.8	10.4	0.281	72	0
CKT-1070	2025-10-20T15:00:00Z	35.6	9	9.3	0.263	70	0
CKT-1070	2025-10-20T16:00:00Z	32.1	6.1	10.3	0.284	69	0
CKT-1070	2025-10-20T17:00:00Z	32.3	8.3	10.7	0.279	79	0
CKT-1070	2025-10-20T18:00:00Z	34.1	7.8	10	0.287	79	0
CKT-1070	2025-10-20T19:00:00Z	32.9	8.7	10.5	0.335	76	0
CKT-1070	2025-10-20T20:00:00Z	33.3	8.8	10.8	0.291	70	0
CKT-1070	2025-10-20T21:00:00Z	35.3	8.4	9.7	0.308	73	0
CKT-1070	2025-10-20T22:00:00Z	32.4	8.1	11	0.331	82	0
CKT-1070	2025-10-20T23:00:00Z	35.2	8.7	10.4	0.288	74	0
CKT-1070	2025-10-21T00:00:00Z	34.1	9.2	10.8	0.293	80	0
CKT-1070	2025-10-21T01:00:00Z	34.6	8.2	10	0.346	80	0
CKT-1070	2025-10-21T02:00:00Z	35.7	8.4	9.7	0.324	87	0
CKT-1070	2025-10-21T03:00:00Z	37.7	7.6	9.4	0.327	88	0
CKT-1070	2025-10-21T04:00:00Z	36.2	8.7	9.5	0.318	73	0
CKT-1070	2025-10-21T05:00:00Z	35.6	7	10.8	0.364	85	0
CKT-1070	2025-10-21T06:00:00Z	33.7	8.5	11	0.346	91	0
CKT-1070	2025-10-21T07:00:00Z	35.5	7.8	10	0.302	98	0
CKT-1070	2025-10-21T08:00:00Z	36.6	8.8	9.7	0.313	95	0
CKT-1070	2025-10-21T09:00:00Z	34.8	8.5	10.2	0.349	85	0
CKT-1070	2025-10-21T10:00:00Z	36.5	7.7	10.3	0.363	89	0
CKT-1070	2025-10-21T11:00:00Z	36	9.6	9.2	0.325	90	0
CKT-1071	2025-10-19T12:00:00Z	44.4	1	9.4	0.249	71	0
CKT-1071	2025-10-19T13:00:00Z	44.6	2.2	10.1	0.26	71	0
CKT-1071	2025-10-19T14:00:00Z	43.7	1	10.2	0.247	70	0
CKT-1071	2025-10-19T15:00:00Z	43.1	2.4	9.7	0.242	70	0
CKT-1071	2025-10-19T16:00:00Z	44.9	1.1	10.2	0.233	68	0
CKT-1071	2025-10-19T17:00:00Z	45.5	1.2	10.5	0.255	64	0
CKT-1071	2025-10-19T18:00:00Z	46.2	2	10.3	0.278	81	0
CKT-1071	2025-10-19T19:00:00Z	44.5	2.2	10.4	0.256	67	0
CKT-1071	2025-10-19T20:00:00Z	44.5	2.6	10.7	0.247	81	0
CKT-1071	2025-10-19T21:00:00Z	43.8	1	11	0.255	85	0
CKT-1071	2025-10-19T22:00:00Z	46	1.7	10.8	0.327	83	0
CKT-1071	2025-10-19T23:00:00Z	44.6	3.5	10.8	0.296	74	0
CKT-1071	2025-10-20T00:00:00Z	41.8	1.6	10.9	0.296	72	0
CKT-1071	2025-10-20T01:00:00Z	45.3	1.3	11.3	0.313	79	0
CKT-1071	2025-10-20T02:00:00Z	42.8	2.7	11.5	0.303	89	0
CKT-1071	2025-10-20T03:00:00Z	44.4	1.4	10.7	0.303	86	0
CKT-1071	2025-10-20T04:00:00Z	46.4	1.8	11.9	0.306	80	0
CKT-1071	2025-10-20T05:00:00Z	42.4	1.5	10.8	0.356	87	0
CKT-1071	2025-10-20T06:00:00Z	44.2	2.8	10.9	0.318	95	0
CKT-1071	2025-10-20T07:00:00Z	44.1	3.3	12.1	0.352	93	0
CKT-1071	2025-10-20T08:00:00Z	44.4	1.5	11.7	0.312	87	0
CKT-1071	2025-10-20T09:00:00Z	44.4	2.8	12.2	0.384	78	0
CKT-1071	2025-10-20T10:00:00Z	42.6	1.6	12.8	0.34	82	0
CKT-1071	2025-10-20T11:00:00Z	44	1.1	11.4	0.387	89	0
CKT-1071	2025-10-20T12:00:00Z	44.7	1.8	12.1	0.335	90	0
CKT-1071	2025-10-20T13:00:00Z	44.9	2.7	12.9	0.333	97	0
CKT-1071	2025-10-20T14:00:00Z	45.1	1.4	12.6	0.374	94	0
CKT-1071	2025-10-20T15:00:00Z	45.2	1.3	13.6	0.329	97	0
CKT-1071	2025-10-20T16:00:00Z	45	2.2	12.4	0.396	95	0
CKT-1071	2025-10-20T17:00:00Z	42.7	1.1	12.9	0.346	106	0
CKT-1071	2025-10-20T18:00:00Z	46	2.9	13.8	0.377	93	0
CKT-1071	2025-10-20T19:00:00Z	40.5	1.6	14	0.372	97	0
CKT-1071	2025-10-20T20:00:00Z	43.7	2	13.8	0.363	93	0
CKT-1071	2025-10-20T21:00:00Z	46.7	2.2	13.2	0.433	94	0
CKT-1071	2025-10-20T22:00:00Z	45.9	1.8	13.7	0.357	100	0
CKT-1071	2025-10-20T23:00:00Z	45.6	1.8	14.2	0.434	98	0
CKT-1071	2025-10-21T00:00:00Z	45.8	1.2	13.7	0.428	99	0
CKT-1071	2025-10-21T01:00:00Z	45.7	1.5	13.5	0.434	100	0
CKT-1071	2025-10-21T02:00:00Z	43.2	2.4	14	0.396	110	0
CKT-1071	2025-10-21T03:00:00Z	44	1	12.8	0.449	102	0
CKT-1071	2025-10-21T04:00:00Z	42.7	2.2	14.6	0.42	112	0
CKT-1071	2025-10-21T05:00:00Z	47.7	2.6	14.9	0.447	106	0
CKT-1071	2025-10-21T06:00:00Z	44.5	2.1	13.8	0.431	102	0
CKT-1071	2025-10-21T07:00:00Z	45	1.9	14.2	0.468	105	0
CKT-1071	2025-10-21T08:00:00Z	43.6	2.3	15.1	0.441	113	0
CKT-1071	2025-10-21T09:00:00Z	43.5	1.7	14.8	0.473	114	0
CKT-1071	2025-10-21T10:00:00Z	45.1	1.2	15.1	0.478	117	0
CKT-1071	2025-10-21T11:00:00Z	43.6	2.4	14.3	0.464	113	0
CKT-1072	2025-10-19T12:00:00Z	27.6	9.3	10.7	0.316	165	0
CKT-1072	2025-10-19T13:00:00Z	29	8.9	10.2	0.297	152	0
CKT-1072	2025-10-19T14:00:00Z	27.8	9.6	10.7	0.368	168	0
CKT-1072	2025-10-19T15:00:00Z	28.4	8.7	11.6	0.359	151	0
CKT-1072	2025-10-19T16:00:00Z	26.1	8.5	10.4	0.408	158	0
CKT-1072	2025-10-19T17:00:00Z	26.6	9	9.5	0.373	157	0
CKT-1072	2025-10-19T18:00:00Z	25.2	8.8	11.5	0.413	152	0
CKT-1072	2025-10-19T19:00:00Z	25.1	10	11.6	0.437	151	0
CKT-1072	2025-10-19T20:00:00Z	26.6	9.2	11	0.425	157	0
CKT-1072	2025-10-19T21:00:00Z	25.1	8.2	11.7	0.465	157	0
CKT-1072	2025-10-19T22:00:00Z	26.4	9.2	12.3	0.476	163	0
CKT-1072	2025-10-19T23:00:00Z	25.8	8.7	11.9	0.483	154	0
CKT-1072	2025-10-20T00:00:00Z	26.3	9.4	10.3	0.462	160	0
CKT-1072	2025-10-20T01:00:00Z	22.6	7.9	11.3	0.502	161	0
CKT-1072	2025-10-20T02:00:00Z	27.7	9	11.3	0.477	157	0
CKT-1072	2025-10-20T03:00:00Z	26.2	9.4	11.8	0.525	165	0
CKT-1072	2025-10-20T04:00:00Z	25.2	9.7	11.4	0.524	156	0
CKT-1072	2025-10-20T05:00:00Z	26.1	8.3	11.7	0.499	161	0
CKT-1072	2025-10-20T06:00:00Z	26.6	9.5	12.3	0.564	162	0
CKT-1072	2025-10-20T07:00:00Z	25.5	9.3	11.7	0.555	159	0
CKT-1072	2025-10-20T08:00:00Z	24	8	11.5	0.574	163	0
CKT-1072	2025-10-20T09:00:00Z	24.4	10.6	11.8	0.59	165	0
CKT-1072	2025-10-20T10:00:00Z	25.8	9.3	12.8	0.593	167	0
CKT-1072	2025-10-20T11:00:00Z	26	8.4	12.6	0.572	166	0
CKT-1072	2025-10-20T12:00:00Z	24.3	9.7	12.4	0.577	172	0
CKT-1072	2025-10-20T13:00:00Z	24	8.3	13.2	0.666	157	0
CKT-1072	2025-10-20T14:00:00Z	23.5	9.1	12.1	0.622	167	0
CKT-1072	2025-10-20T15:00:00Z	23.3	8.4	12.6	0.669	149	0
CKT-1072	2025-10-20T16:00:00Z	23.8	10.4	13.9	0.67	165	0
CKT-1072	2025-10-20T17:00:00Z	25.2	8.8	13.4	0.705	152	0
CKT-1072	2025-10-20T18:00:00Z	24	9.1	13.1	0.681	160	0
CKT-1072	2025-10-20T19:00:00Z	23.4	9.6	13.4	0.688	154	0
CKT-1072	2025-10-20T20:00:00Z	22.1	9.1	12.9	0.722	161	0
CKT-1072	2025-10-20T21:00:00Z	24.4	8.5	13	0.737	159	0
CKT-1072	2025-10-20T22:00:00Z	22.2	9.3	13.8	0.7	165	0
CKT-1072	2025-10-20T23:00:00Z	21.8	9.9	12.9	0.743	158	0
CKT-1072	2025-10-21T00:00:00Z	19.3	9.3	12.7	0.742	164	0
CKT-1072	2025-10-21T01:00:00Z	21.3	8.4	14.2	0.753	156	0
CKT-1072	2025-10-21T02:00:00Z	23.9	8.2	13.6	0.787	152	0
CKT-1072	2025-10-21T03:00:00Z	24.5	8.8	14.4	0.798	158	0
CKT-1072	2025-10-21T04:00:00Z	21	8.9	14.4	0.772	152	0
CKT-1072	2025-10-21T05:00:00Z	23.8	8.5	14.3	0.799	158	0
CKT-1072	2025-10-21T06:00:00Z	23.6	8.9	14.1	0.809	156	0
CKT-1072	2025-10-21T07:00:00Z	20.3	8.6	15.2	0.839	157	0
CKT-1072	2025-10-21T08:00:00Z	22.6	8	15.1	0.862	170	0
CKT-1072	2025-10-21T09:00:00Z	22.5	9.2	15.2	0.835	157	0
CKT-1072	2025-10-21T10:00:00Z	20.8	9.7	14.2	0.839	160	0
CKT-1072	2025-10-21T11:00:00Z	21.8	8.5	15.1	0.897	165	0
CKT-1073	2025-10-19T12:00:00Z	71.1	3.4	21.4	0	83	0
CKT-1073	2025-10-19T13:00:00Z	71.1	2.3	21.9	0	74	0
CKT-1073	2025-10-19T14:00:00Z	71.8	2.4	21.2	0	78	0
CKT-1073	2025-10-19T15:00:00Z	71.1	2.6	21.2	0	81	0
CKT-1073	2025-10-19T16:00:00Z	70.6	3.4	21.8	0	94	0
CKT-1073	2025-10-19T17:00:00Z	73.1	3.3	22.1	0	86	0
CKT-1073	2025-10-19T18:00:00Z	72.1	2.4	22.3	0	94	0
CKT-1073	2025-10-19T19:00:00Z	73.6	2.6	22.6	0	97	0
CKT-1073	2025-10-19T20:00:00Z	70.3	3.3	22.3	0	87	0
CKT-1073	2025-10-19T21:00:00Z	69.2	2.8	22.1	0	90	0
CKT-1073	2025-10-19T22:00:00Z	70.9	3.4	22.2	0	89	0
CKT-1073	2025-10-19T23:00:00Z	73.3	2.9	21.6	0	95	0
CKT-1073	2025-10-20T00:00:00Z	73.7	2.8	21.8	0	95	0
CKT-1073	2025-10-20T01:00:00Z	74.1	2.8	21.8	0	93	0
CKT-1073	2025-10-20T02:00:00Z	75.1	3	22.8	0	92	0
CKT-1073	2025-10-20T03:00:00Z	72.1	2.9	22.4	0	105	0
CKT-1073	2025-10-20T04:00:00Z	74.7	3.2	23.8	0	109	0
CKT-1073	2025-10-20T05:00:00Z	72.6	4.2	24.1	0	105	0
CKT-1073	2025-10-20T06:00:00Z	73	2.7	23.5	0	101	0
CKT-1073	2025-10-20T07:00:00Z	72.1	3.1	24	0	98	0
CKT-1073	2025-10-20T08:00:00Z	74.4	2.2	23	0	104	0
CKT-1073	2025-10-20T09:00:00Z	74.3	3.3	23.6	0	109	0
CKT-1073	2025-10-20T10:00:00Z	72.7	3.3	23.6	0.032	99	0
CKT-1073	2025-10-20T11:00:00Z	75.5	3.8	24.3	0.034	101	0
CKT-1073	2025-10-20T12:00:00Z	78.2	2.4	24.4	0.048	104	0
CKT-1073	2025-10-20T13:00:00Z	74.4	2.7	24.2	0.059	119	0
CKT-1073	2025-10-20T14:00:00Z	75.8	3.3	24.4	0.1	102	0
CKT-1073	2025-10-20T15:00:00Z	74	1.9	24.5	0.091	103	0
CKT-1073	2025-10-20T16:00:00Z	76.6	2.6	24.2	0.087	116	0
CKT-1073	2025-10-20T17:00:00Z	73.2	3.2	24.9	0.107	113	0
CKT-1073	2025-10-20T18:00:00Z	75.8	2.7	25.4	0.104	109	0
CKT-1073	2025-10-20T19:00:00Z	76.7	2.6	24.9	0.102	124	0
CKT-1073	2025-10-20T20:00:00Z	78.3	2.9	25.1	0.127	111	0
CKT-1073	2025-10-20T21:00:00Z	75.1	3	24.2	0.143	113	0
CKT-1073	2025-10-20T22:00:00Z	75.5	3	24.9	0.166	117	0
CKT-1073	2025-10-20T23:00:00Z	77.2	3.3	25.1	0.172	106	0
CKT-1073	2025-10-21T00:00:00Z	78.4	3.2	26.4	0.153	111	0
CKT-1073	2025-10-21T01:00:00Z	75.9	3.2	25.6	0.184	114	0
CKT-1073	2025-10-21T02:00:00Z	73.2	3.2	24.9	0.164	117	0
CKT-1073	2025-10-21T03:00:00Z	76.2	4.2	26.1	0.231	123	0
CKT-1073	2025-10-21T04:00:00Z	76.2	4.5	25.1	0.204	119	0
CKT-1073	2025-10-21T05:00:00Z	77.1	2.4	26.2	0.235	126	0
CKT-1073	2025-10-21T06:00:00Z	77	3.9	25.9	0.245	119	0
CKT-1073	2025-10-21T07:00:00Z	74.5	4.1	25.7	0.257	126	0
CKT-1073	2025-10-21T08:00:00Z	77.8	2	26.6	0.254	122	0
CKT-1073	2025-10-21T09:00:00Z	75.8	3.6	26.6	0.263	120	0
CKT-1073	2025-10-21T10:00:00Z	74.7	3.5	25.8	0.274	140	0
CKT-1073	2025-10-21T11:00:00Z	77.1	3.5	26	0.263	131	0
CKT-1074	2025-10-19T12:00:00Z	84	9.6	0	0	0	0
CKT-1074	2025-10-19T13:00:00Z	84.9	10.9	0	0	0	0
CKT-1074	2025-10-19T14:00:00Z	83.7	9.3	0	0	0	0
CKT-1074	2025-10-19T15:00:00Z	87	9.7	0	0	0	0
CKT-1074	2025-10-19T16:00:00Z	87.4	10.8	0	0	0	0
CKT-1074	2025-10-19T17:00:00Z	88.3	9.5	0	0	0	0
CKT-1074	2025-10-19T18:00:00Z	83.8	9.7	0	0	0	0
CKT-1074	2025-10-19T19:00:00Z	86.8	9.5	0	0	0	0
CKT-1074	2025-10-19T20:00:00Z	84.3	8.9	0	0	0	0
CKT-1074	2025-10-19T21:00:00Z	86.9	9	0	0	0	0
CKT-1074	2025-10-19T22:00:00Z	84.9	9	0	0	0	0
CKT-1074	2025-10-19T23:00:00Z	87.9	9.2	0	0	0	0
CKT-1074	2025-10-20T00:00:00Z	86.9	9.4	0	0	0	0
CKT-1074	2025-10-20T01:00:00Z	86.9	10.1	0	0	0	0
CKT-1074	2025-10-20T02:00:00Z	88.5	11.5	0	0.031	5	0
CKT-1074	2025-10-20T03:00:00Z	86.5	9.3	0.8	0	8	0
CKT-1074	2025-10-20T04:00:00Z	87.5	10	0	0	27	0
CKT-1074	2025-10-20T05:00:00Z	86.2	10.2	0	0	32	0
CKT-1074	2025-10-20T06:00:00Z	85.9	8.3	0.1	0	28	0
CKT-1074	2025-10-20T07:00:00Z	85.7	10.9	0.4	0	53	0
CKT-1074	2025-10-20T08:00:00Z	89.9	10.8	0	0	54	0
CKT-1074	2025-10-20T09:00:00Z	89.2	10.5	0	0.006	63	0
CKT-1074	2025-10-20T10:00:00Z	90.1	9.5	0.8	0	65	0
CKT-1074	2025-10-20T11:00:00Z	87.3	9.3	0.5	0	71	0
CKT-1074	2025-10-20T12:00:00Z	87.1	10.9	0.5	0.007	74	0
CKT-1074	2025-10-20T13:00:00Z	91.2	9.9	0.7	0	95	0
CKT-1074	2025-10-20T14:00:00Z	84.9	9.3	1	0.003	111	0
CKT-1074	2025-10-20T15:00:00Z	89	10.4	2.1	0.022	103	0
CKT-1074	2025-10-20T16:00:00Z	87.7	10.2	2.1	0.022	121	0
CKT-1074	2025-10-20T17:00:00Z	93.7	10.3	0.8	0.015	129	0
CKT-1074	2025-10-20T18:00:00Z	89.6	10.7	1.5	0.023	129	0
CKT-1074	2025-10-20T19:00:00Z	90.4	9.9	0.8	0.01	132	0
CKT-1074	2025-10-20T20:00:00Z	89.7	9.3	2.3	0.042	149	0
CKT-1074	2025-10-20T21:00:00Z	88.6	9.7	1.2	0.021	158	0
CKT-1074	2025-10-20T22:00:00Z	92.1	10	2.6	0.032	161	0
CKT-1074	2025-10-20T23:00:00Z	92.1	10.3	1.9	0.037	169	0
CKT-1074	2025-10-21T00:00:00Z	87.9	10	1.6	0.039	171	0
CKT-1074	2025-10-21T01:00:00Z	90	9.5	3	0.025	181	0
CKT-1074	2025-10-21T02:00:00Z	91.8	9.6	2.9	0.018	196	0
CKT-1074	2025-10-21T03:00:00Z	95.1	9.6	2.7	0.008	198	0
CKT-1074	2025-10-21T04:00:00Z	92.3	9.6	3.1	0.052	204	0
CKT-1074	2025-10-21T05:00:00Z	93.2	9	2.5	0.051	226	0
CKT-1074	2025-10-21T06:00:00Z	90.4	9.9	3.1	0.062	232	0
CKT-1074	2025-10-21T07:00:00Z	91.4	10.4	3.8	0.087	237	0
CKT-1074	2025-10-21T08:00:00Z	92.4	9.5	2.5	0.049	243	0
CKT-1074	2025-10-21T09:00:00Z	92.2	10.1	2.7	0.053	260	0
CKT-1074	2025-10-21T10:00:00Z	94	10.1	3.7	0.052	250	0
CKT-1074	2025-10-21T11:00:00Z	93.3	8.3	3.5	0.062	264	0
CKT-1075	2025-10-19T12:00:00Z	65	6.3	1.7	0.086	82	0
CKT-1075	2025-10-19T13:00:00Z	64.7	6.8	1.2	0.129	77	0
CKT-1075	2025-10-19T14:00:00Z	64.9	5.6	1.7	0.142	85	0
CKT-1075	2025-10-19T15:00:00Z	64.4	6.2	1.7	0.164	82	0
CKT-1075	2025-10-19T16:00:00Z	67.3	5.8	3.1	0.143	82	0
CKT-1075	2025-10-19T17:00:00Z	67.9	6.1	2	0.148	80	0
CKT-1075	2025-10-19T18:00:00Z	66.7	7.3	3.7	0.198	76	0
CKT-1075	2025-10-19T19:00:00Z	69.6	5.7	2.5	0.202	81	0
CKT-1075	2025-10-19T20:00:00Z	68.4	5.5	2.6	0.25	83	0
CKT-1075	2025-10-19T21:00:00Z	69.5	4.9	3.6	0.231	89	0
CKT-1075	2025-10-19T22:00:00Z	69.9	5.9	2.4	0.303	88	0
CKT-1075	2025-10-19T23:00:00Z	71.3	7.4	3.6	0.302	81	0
CKT-1075	2025-10-20T00:00:00Z	71.5	5.9	3.4	0.292	77	0
CKT-1075	2025-10-20T01:00:00Z	71.3	6.1	2.8	0.296	82	0
CKT-1075	2025-10-20T02:00:00Z	72.4	6.4	4.7	0.331	81	0
CKT-1075	2025-10-20T03:00:00Z	71.4	6.1	4.4	0.337	80	0
CKT-1075	2025-10-20T04:00:00Z	71.9	6.5	3.8	0.357	76	0
CKT-1075	2025-10-20T05:00:00Z	73.9	6.6	5.3	0.343	89	0
CKT-1075	2025-10-20T06:00:00Z	74.1	6.2	4.5	0.359	77	0
CKT-1075	2025-10-20T07:00:00Z	71.9	5.5	5.7	0.366	84	0
CKT-1075	2025-10-20T08:00:00Z	74.1	6.5	5.3	0.43	81	0
CKT-1075	2025-10-20T09:00:00Z	73.9	6.1	5.9	0.468	78	0
CKT-1075	2025-10-20T10:00:00Z	71.1	6.6	5.9	0.481	87	0
CKT-1075	2025-10-20T11:00:00Z	76.6	7.3	6.3	0.474	77	0
CKT-1075	2025-10-20T12:00:00Z	74.9	6.4	5.7	0.471	91	0
CKT-1075	2025-10-20T13:00:00Z	74.1	6.7	6.1	0.47	78	0
CKT-1075	2025-10-20T14:00:00Z	73.1	6.6	6.1	0.486	74	0
CKT-1075	2025-10-20T15:00:00Z	76.7	6.2	5.9	0.498	82	0
CKT-1075	2025-10-20T16:00:00Z	77.1	6.1	5.8	0.531	89	0
CKT-1075	2025-10-20T17:00:00Z	76.8	6.3	6.5	0.53	79	0
CKT-1075	2025-10-20T18:00:00Z	74.7	7	7	0.565	85	0
CKT-1075	2025-10-20T19:00:00Z	78	5.8	6.8	0.569	96	0
CKT-1075	2025-10-20T20:00:00Z	79.4	6.4	7.8	0.618	77	0
CKT-1075	2025-10-20T21:00:00Z	78	6.3	7.6	0.604	83	0
CKT-1075	2025-10-20T22:00:00Z	78	6.9	6.8	0.615	74	0
CKT-1075	2025-10-20T23:00:00Z	77.5	6.5	7.8	0.632	89	0
CKT-1075	2025-10-21T00:00:00Z	81.4	6.2	8	0.645	87	0
CKT-1075	2025-10-21T01:00:00Z	78	7.3	8.6	0.645	80	0
CKT-1075	2025-10-21T02:00:00Z	80.8	6.1	8.5	0.677	91	0
CKT-1075	2025-10-21T03:00:00Z	80.6	7.7	8.7	0.672	94	0
CKT-1075	2025-10-21T04:00:00Z	82.6	6.5	8.9	0.691	74	0
CKT-1075	2025-10-21T05:00:00Z	81.2	7.1	8.9	0.764	90	0
CKT-1075	2025-10-21T06:00:00Z	81.7	7	9.7	0.743	82	0
CKT-1075	2025-10-21T07:00:00Z	82.3	4.8	9.2	0.774	84	0
CKT-1075	2025-10-21T08:00:00Z	82.9	6.2	8.3	0.808	82	0
CKT-1075	2025-10-21T09:00:00Z	81.9	7.1	9.9	0.796	87	0
CKT-1075	2025-10-21T10:00:00Z	81.4	6.2	10.3	0.792	79	0
CKT-1075	2025-10-21T11:00:00Z	83.7	6.3	10.1	0.793	71	0
CKT-1076	2025-10-19T12:00:00Z	20.4	11.7	12.9	0.035	1	0
CKT-1076	2025-10-19T13:00:00Z	23.6	11.1	13.2	0.054	0	0
CKT-1076	2025-10-19T14:00:00Z	22	12.3	13.2	0.052	0	0
CKT-1076	2025-10-19T15:00:00Z	22	11.3	13.2	0.04	0	0
CKT-1076	2025-10-19T16:00:00Z	23.5	12.8	12.7	0.022	0	0
CKT-1076	2025-10-19T17:00:00Z	20.3	13.2	12.8	0.018	0	0
CKT-1076	2025-10-19T18:00:00Z	22.4	11.6	13.6	0.009	0	0
CKT-1076	2025-10-19T19:00:00Z	24	11.9	12.8	0.045	0	0
CKT-1076	2025-10-19T20:00:00Z	23.3	11.2	12	0.018	0	0
CKT-1076	2025-10-19T21:00:00Z	24	10.9	12.5	0.028	0	0
CKT-1076	2025-10-19T22:00:00Z	24.4	11.8	12.4	0.055	0	0
CKT-1076	2025-10-19T23:00:00Z	26.1	11.8	12.6	0.026	1	0
CKT-1076	2025-10-20T00:00:00Z	23.5	12.1	13.3	0.049	5	0
CKT-1076	2025-10-20T01:00:00Z	22.3	11.3	12.6	0.042	0	0
CKT-1076	2025-10-20T02:00:00Z	23.5	12.8	12.8	0.047	0	0
CKT-1076	2025-10-20T03:00:00Z	23.9	12.6	12.3	0.013	0	0
CKT-1076	2025-10-20T04:00:00Z	24.1	12.5	11.6	0.036	0	0
CKT-1076	2025-10-20T05:00:00Z	24.8	11.9	12.2	0.017	0	0
CKT-1076	2025-10-20T06:00:00Z	24.4	12.8	12.3	0.019	0	0
CKT-1076	2025-10-20T07:00:00Z	24.9	11.6	12.6	0.006	0	0
CKT-1076	2025-10-20T08:00:00Z	25.7	11.8	11.8	0.038	0	0
CKT-1076	2025-10-20T09:00:00Z	28.2	12.6	11.8	0.01	2	0
CKT-1076	2025-10-20T10:00:00Z	26.8	11.6	11.2	0.06	4	0
CKT-1076	2025-10-20T11:00:00Z	26.5	12.1	12.3	0.031	0	0
CKT-1076	2025-10-20T12:00:00Z	25.9	11.7	11.8	0.031	0	0
CKT-1076	2025-10-20T13:00:00Z	24.6	11.6	11.9	0.031	8	0
CKT-1076	2025-10-20T14:00:00Z	26.4	12.5	12.1	0.024	0	0
CKT-1076	2025-10-20T15:00:00Z	26.4	11.4	11.2	0.019	0	0
CKT-1076	2025-10-20T16:00:00Z	26.5	12.4	11.6	0	0	0
CKT-1076	2025-10-20T17:00:00Z	28.6	11.4	11.7	0.009	0	0
CKT-1076	2025-10-20T18:00:00Z	27.1	11.1	11.6	0	5	0
CKT-1076	2025-10-20T19:00:00Z	27.6	11.7	12.1	0	0	0
CKT-1076	2025-10-20T20:00:00Z	25.2	12.8	12.4	0	0	0
CKT-1076	2025-10-20T21:00:00Z	28.2	11.7	11.4	0.004	2	0
CKT-1076	2025-10-20T22:00:00Z	26.9	12.1	10.8	0	0	0
CKT-1076	2025-10-20T23:00:00Z	27.9	11.7	11.7	0.003	0	0
CKT-1076	2025-10-21T00:00:00Z	28.6	10.7	10.2	0	1	0
CKT-1076	2025-10-21T01:00:00Z	28.5	11.5	11	0	3	0
CKT-1076	2025-10-21T02:00:00Z	30.1	11.7	11.1	0.006	2	0
CKT-1076	2025-10-21T03:00:00Z	31.7	12	11.6	0	0	0
CKT-1076	2025-10-21T04:00:00Z	26.2	12.1	11.3	0	0	0
CKT-1076	2025-10-21T05:00:00Z	30.5	12.3	10.3	0.013	0	0
CKT-1076	2025-10-21T06:00:00Z	30.7	11.9	11.1	0.019	0	0
CKT-1076	2025-10-21T07:00:00Z	30.4	12.8	10.8	0	3	0
CKT-1076	2025-10-21T08:00:00Z	32.3	12.8	11.1	0	0	0
CKT-1076	2025-10-21T09:00:00Z	29.5	12	11.6	0	11	0
CKT-1076	2025-10-21T10:00:00Z	30	11.5	11.1	0.011	3	0
CKT-1076	2025-10-21T11:00:00Z	29.6	12.3	10.1	0	0	0
CKT-1077	2025-10-19T12:00:00Z	56.5	9.7	3.4	0.37	154	0
CKT-1077	2025-10-19T13:00:00Z	56.5	9.7	3	0.365	158	0
CKT-1077	2025-10-19T14:00:00Z	57.2	10.3	3.7	0.364	149	0
CKT-1077	2025-10-19T15:00:00Z	56.3	10.9	4.1	0.369	149	0
CKT-1077	2025-10-19T16:00:00Z	54.5	9.2	4.5	0.379	150	0
CKT-1077	2025-10-19T17:00:00Z	55.5	10.1	4.2	0.382	153	0
CKT-1077	2025-10-19T18:00:00Z	60	10.4	5.1	0.367	154	0
CKT-1077	2025-10-19T19:00:00Z	55.7	10	5	0.415	150	0
CKT-1077	2025-10-19T20:00:00Z	55.6	10.1	4.9	0.419	155	0
CKT-1077	2025-10-19T21:00:00Z	56.6	9.8	5	0.436	155	0
CKT-1077	2025-10-19T22:00:00Z	56.3	9.6	4.4	0.414	157	0
CKT-1077	2025-10-19T23:00:00Z	55.3	10.2	4.9	0.454	158	0
CKT-1077	2025-10-20T00:00:00Z	57.5	9.4	5.2	0.459	147	0
CKT-1077	2025-10-20T01:00:00Z	58.8	11	5.6	0.468	157	0
CKT-1077	2025-10-20T02:00:00Z	55.6	9.6	5.7	0.439	149	0
CKT-1077	2025-10-20T03:00:00Z	55.5	10.1	4.9	0.461	154	0
CKT-1077	2025-10-20T04:00:00Z	54.5	8.2	4.9	0.478	157	0
CKT-1077	2025-10-20T05:00:00Z	56.7	10	5.3	0.463	156	0
CKT-1077	2025-10-20T06:00:00Z	55.5	10.2	5.9	0.513	152	0
CKT-1077	2025-10-20T07:00:00Z	57.4	10.9	5.8	0.504	150	0
CKT-1077	2025-10-20T08:00:00Z	57	10.4	5.7	0.513	156	0
CKT-1077	2025-10-20T09:00:00Z	56.2	10.2	6.3	0.506	159	0
CKT-1077	2025-10-20T10:00:00Z	57.2	9.4	6.1	0.48	157	0
CKT-1077	2025-10-20T11:00:00Z	57.3	9.5	6.3	0.518	153	0
CKT-1077	2025-10-20T12:00:00Z	55.7	9.2	6.3	0.512	157	0
CKT-1077	2025-10-20T13:00:00Z	55.7	9.4	6.5	0.532	160	0
CKT-1077	2025-10-20T14:00:00Z	54.6	10.1	6.3	0.56	160	0
CKT-1077	2025-10-20T15:00:00Z	56.8	10.6	6.9	0.576	163	0
CKT-1077	2025-10-20T16:00:00Z	53.4	9.3	6.1	0.579	147	0
CKT-1077	2025-10-20T17:00:00Z	52.4	9	6.1	0.571	149	0
CKT-1077	2025-10-20T18:00:00Z	52.4	9.7	7.1	0.535	151	0
CKT-1077	2025-10-20T19:00:00Z	54.8	9.5	7	0.603	165	0
CKT-1077	2025-10-20T20:00:00Z	54.3	8.9	7.2	0.59	154	0
CKT-1077	2025-10-20T21:00:00Z	55.7	11	6.5	0.584	162	0
CKT-1077	2025-10-20T22:00:00Z	53.9	10.2	7.8	0.626	164	0
CKT-1077	2025-10-20T23:00:00Z	55.1	8.6	7.3	0.652	147	0
CKT-1077	2025-10-21T00:00:00Z	55.3	8.2	7.1	0.633	155	0
CKT-1077	2025-10-21T01:00:00Z	53.9	9.2	6.9	0.636	153	0
CKT-1077	2025-10-21T02:00:00Z	52.1	9.7	8.3	0.625	155	0
CKT-1077	2025-10-21T03:00:00Z	54.4	9.3	8.1	0.651	160	0
CKT-1077	2025-10-21T04:00:00Z	55.4	9.3	8.5	0.653	151	0
CKT-1077	2025-10-21T05:00:00Z	53.5	10.1	9	0.614	163	0
CKT-1077	2025-10-21T06:00:00Z	55.8	9.8	8.3	0.665	151	0
CKT-1077	2025-10-21T07:00:00Z	53.7	8.8	7.7	0.711	155	0
CKT-1077	2025-10-21T08:00:00Z	54.2	9.7	8.2	0.666	155	0
CKT-1077	2025-10-21T09:00:00Z	53.6	9.2	9	0.683	156	0
CKT-1077	2025-10-21T10:00:00Z	54.9	9.6	8.8	0.716	150	0
CKT-1077	2025-10-21T11:00:00Z	50.9	10	8.7	0.672	159	0
CKT-1078	2025-10-19T12:00:00Z	43.2	3.3	3.2	0.05	25	0
CKT-1078	2025-10-19T13:00:00Z	42.8	1.4	2.8	0.087	31	0
CKT-1078	2025-10-19T14:00:00Z	44.3	2.3	3.5	0.081	21	0
CKT-1078	2025-10-19T15:00:00Z	43.9	2.6	2.9	0.141	25	0
CKT-1078	2025-10-19T16:00:00Z	43.3	3	3.3	0.171	32	0
CKT-1078	2025-10-19T17:00:00Z	44.6	3.6	2.7	0.149	23	0
CKT-1078	2025-10-19T18:00:00Z	43	3.4	2.4	0.199	26	0
CKT-1078	2025-10-19T19:00:00Z	43.5	2.4	3.1	0.242	31	0
CKT-1078	2025-10-19T20:00:00Z	43.5	2	3.6	0.218	32	0
CKT-1078	2025-10-19T21:00:00Z	45.5	3.4	3.1	0.217	18	0
CKT-1078	2025-10-19T22:00:00Z	43.9	2.1	2.6	0.291	23	0
CKT-1078	2025-10-19T23:00:00Z	41.7	3	2.9	0.294	27	0
CKT-1078	2025-10-20T00:00:00Z	43.7	3.3	2.7	0.345	14	0
CKT-1078	2025-10-20T01:00:00Z	44.2	2.3	2.1	0.361	28	0
CKT-1078	2025-10-20T02:00:00Z	40.6	2.9	2.7	0.343	19	0
CKT-1078	2025-10-20T03:00:00Z	41.2	2.3	2.3	0.393	25	0
CKT-1078	2025-10-20T04:00:00Z	42.1	2.7	2.2	0.378	16	0
CKT-1078	2025-10-20T05:00:00Z	44.6	2.8	2.5	0.402	24	0
CKT-1078	2025-10-20T06:00:00Z	41.6	1.9	2.2	0.442	15	0
CKT-1078	2025-10-20T07:00:00Z	42.1	2.3	2.6	0.44	24	0
CKT-1078	2025-10-20T08:00:00Z	44.1	2.4	2.1	0.449	20	0
CKT-1078	2025-10-20T09:00:00Z	45.9	3.4	2.4	0.518	14	0
CKT-1078	2025-10-20T10:00:00Z	42.4	2.3	3.1	0.509	27	0
CKT-1078	2025-10-20T11:00:00Z	44.4	2.7	1.8	0.511	10	0
CKT-1078	2025-10-20T12:00:00Z	45.8	2.1	0.8	0.563	26	0
CKT-1078	2025-10-20T13:00:00Z	45	3.2	1.2	0.557	22	0
CKT-1078	2025-10-20T14:00:00Z	45.2	1.3	1.6	0.613	28	0
CKT-1078	2025-10-20T15:00:00Z	45	3.2	0.1	0.646	25	0
CKT-1078	2025-10-20T16:00:00Z	46	1.8	0.6	0.669	19	0
CKT-1078	2025-10-20T17:00:00Z	43.5	2.8	1.8	0.674	25	0
CKT-1078	2025-10-20T18:00:00Z	42.5	2.9	1.7	0.636	31	0
CKT-1078	2025-10-20T19:00:00Z	40.3	3.1	0.9	0.706	26	0
CKT-1078	2025-10-20T20:00:00Z	44	2.8	1.1	0.726	34	0
CKT-1078	2025-10-20T21:00:00Z	42.1	1	0.9	0.722	22	0
CKT-1078	2025-10-20T22:00:00Z	42.8	3	0.3	0.76	27	0
CKT-1078	2025-10-20T23:00:00Z	44.7	2.8	1.4	0.772	22	0
CKT-1078	2025-10-21T00:00:00Z	44.9	2.9	1.3	0.756	23	0
CKT-1078	2025-10-21T01:00:00Z	42.6	2.9	1.2	0.805	20	0
CKT-1078	2025-10-21T02:00:00Z	45.2	2.4	1.4	0.865	29	0
CKT-1078	2025-10-21T03:00:00Z	44.6	3.6	0.8	0.84	20	0
CKT-1078	2025-10-21T04:00:00Z	43.3	2.5	0.8	0.841	21	0
CKT-1078	2025-10-21T05:00:00Z	44.7	2.9	0.5	0.894	17	0
CKT-1078	2025-10-21T06:00:00Z	43	2.5	0.7	0.913	19	0
CKT-1078	2025-10-21T07:00:00Z	44	3.4	0.6	0.925	18	0
CKT-1078	2025-10-21T08:00:00Z	43.4	2.5	0.4	0.959	25	0
CKT-1078	2025-10-21T09:00:00Z	43.9	2.2	1.3	0.957	17	0
CKT-1078	2025-10-21T10:00:00Z	42	2.3	0.6	0.976	31	0
CKT-1078	2025-10-21T11:00:00Z	44.5	3.2	0	0.992	24	0
CKT-1079	2025-10-19T12:00:00Z	5.5	6.8	4.9	0	0	0
CKT-1079	2025-10-19T13:00:00Z	7.6	6.7	4.7	0.029	0	0
CKT-1079	2025-10-19T14:00:00Z	7.7	8.6	5	0.01	0	0
CKT-1079	2025-10-19T15:00:00Z	7.8	9.2	6	0.025	0	0
CKT-1079	2025-10-19T16:00:00Z	8	7.9	5.3	0.039	0	0
CKT-1079	2025-10-19T17:00:00Z	8.4	8.6	4.9	0.018	0	0
CKT-1079	2025-10-19T18:00:00Z	6.5	7.3	5.3	0.033	0	0
CKT-1079	2025-10-19T19:00:00Z	8.3	8.2	5.1	0.077	0	0
CKT-1079	2025-10-19T20:00:00Z	6.6	7.7	5.6	0.051	0	0
CKT-1079	2025-10-19T21:00:00Z	8.7	8.7	5.8	0.081	0	0
CKT-1079	2025-10-19T22:00:00Z	10.1	8.2	5.1	0.017	0	0
CKT-1079	2025-10-19T23:00:00Z	8.4	8	4.3	0.051	0	0
CKT-1079	2025-10-20T00:00:00Z	6.2	8.1	5.4	0.083	4	0
CKT-1079	2025-10-20T01:00:00Z	7.3	8.1	5.4	0.077	0	0
CKT-1079	2025-10-20T02:00:00Z	10.1	6.6	5.5	0.077	0	0
CKT-1079	2025-10-20T03:00:00Z	4.7	7.9	4.9	0.104	3	0
CKT-1079	2025-10-20T04:00:00Z	7	6.7	5.6	0.088	2	0
CKT-1079	2025-10-20T05:00:00Z	9.2	7.8	5.8	0.098	0	0
CKT-1079	2025-10-20T06:00:00Z	6.4	9.2	5.8	0.056	0	0
CKT-1079	2025-10-20T07:00:00Z	8.9	7.3	5.2	0.084	9	0
CKT-1079	2025-10-20T08:00:00Z	10.4	9.1	5.1	0.066	13	0
CKT-1079	2025-10-20T09:00:00Z	11.3	7.7	5.8	0.075	14	0
CKT-1079	2025-10-20T10:00:00Z	7.2	8	5.3	0.107	24	0
CKT-1079	2025-10-20T11:00:00Z	8.5	6.8	5.3	0.105	19	0
CKT-1079	2025-10-20T12:00:00Z	9	8.9	5.5	0.1	16	0
CKT-1079	2025-10-20T13:00:00Z	6.7	8.2	5.6	0.084	21	0
CKT-1079	2025-10-20T14:00:00Z	9.2	7.6	5.1	0.117	22	0
CKT-1079	2025-10-20T15:00:00Z	8.7	7.4	5.4	0.131	27	0
CKT-1079	2025-10-20T16:00:00Z	9.3	8.1	6.2	0.126	29	0
CKT-1079	2025-10-20T17:00:00Z	10.8	7.9	5.6	0.11	22	0
CKT-1079	2025-10-20T18:00:00Z	10.4	8.2	5.4	0.144	28	0
CKT-1079	2025-10-20T19:00:00Z	7.4	7.5	4.8	0.133	30	0
CKT-1079	2025-10-20T20:00:00Z	11.7	8.5	5.1	0.114	38	0
CKT-1079	2025-10-20T21:00:00Z	11.8	6.8	5.7	0.089	35	0
CKT-1079	2025-10-20T22:00:00Z	12.1	9.8	5.5	0.112	37	0
CKT-1079	2025-10-20T23:00:00Z	10.6	7.6	5.1	0.132	43	0
CKT-1079	2025-10-21T00:00:00Z	10.4	7.4	5.3	0.135	39	0
CKT-1079	2025-10-21T01:00:00Z	9.7	8.3	5.5	0.112	51	0
CKT-1079	2025-10-21T02:00:00Z	11.5	7.1	5.5	0.135	51	0
CKT-1079	2025-10-21T03:00:00Z	10.5	7.9	5.6	0.124	57	0
CKT-1079	2025-10-21T04:00:00Z	12.1	7.5	5.8	0.177	52	0
CKT-1079	2025-10-21T05:00:00Z	13.6	9.7	5.6	0.149	49	0
CKT-1079	2025-10-21T06:00:00Z	8.1	8.7	5.5	0.182	61	0
CKT-1079	2025-10-21T07:00:00Z	9.9	7.4	6.6	0.166	54	0
CKT-1079	2025-10-21T08:00:00Z	10.1	7.9	6.5	0.185	60	0
CKT-1079	2025-10-21T09:00:00Z	14.2	8.8	5.9	0.23	60	0
CKT-1079	2025-10-21T10:00:00Z	13.5	7.7	6.2	0.173	66	0
CKT-1079	2025-10-21T11:00:00Z	15.6	8.5	6	0.166	66	0
CKT-1080	2025-10-19T12:00:00Z	98.4	9.6	9.4	0	154	0
CKT-1080	2025-10-19T13:00:00Z	99.7	10.8	9.7	0	161	0
CKT-1080	2025-10-19T14:00:00Z	96.8	9.9	10.6	0	158	0
CKT-1080	2025-10-19T15:00:00Z	100	9.8	9.5	0.032	164	0
CKT-1080	2025-10-19T16:00:00Z	100	10.5	10.1	0.023	172	0
CKT-1080	2025-10-19T17:00:00Z	96.5	10.2	10.1	0	167	0
CKT-1080	2025-10-19T18:00:00Z	99.5	11.4	10.8	0.037	157	0
CKT-1080	2025-10-19T19:00:00Z	98	9.8	11	0	158	0
CKT-1080	2025-10-19T20:00:00Z	97.5	11.9	10.4	0.033	157	0
CKT-1080	2025-10-19T21:00:00Z	100	9.2	10	0.014	164	0
CKT-1080	2025-10-19T22:00:00Z	98.1	11.1	10.9	0.021	167	0
CKT-1080	2025-10-19T23:00:00Z	98.8	9.9	11.2	0	166	0
CKT-1080	2025-10-20T00:00:00Z	98.3	9.8	11.8	0.037	167	0
CKT-1080	2025-10-20T01:00:00Z	99.9	10.5	10.8	0.048	170	0
CKT-1080	2025-10-20T02:00:00Z	100	9.9	10.5	0.049	167	0
CKT-1080	2025-10-20T03:00:00Z	100	10.6	10.3	0.082	169	0
CKT-1080	2025-10-20T04:00:00Z	99.9	11.4	10.6	0.087	157	0
CKT-1080	2025-10-20T05:00:00Z	100	10.6	12.2	0.089	160	0
CKT-1080	2025-10-20T06:00:00Z	99	10.1	11.2	0.113	169	0
CKT-1080	2025-10-20T07:00:00Z	97.5	10.3	11.6	0.076	165	0
CKT-1080	2025-10-20T08:00:00Z	100	10.8	12.3	0.084	163	0
CKT-1080	2025-10-20T09:00:00Z	98.7	10.4	11.9	0.124	169	0
CKT-1080	2025-10-20T10:00:00Z	100	9.7	11.2	0.121	170	0
CKT-1080	2025-10-20T11:00:00Z	99.9	9.3	13	0.127	163	0
CKT-1080	2025-10-20T12:00:00Z	98.2	10.2	12.4	0.134	159	0
CKT-1080	2025-10-20T13:00:00Z	100	9.9	13	0.148	160	0
CKT-1080	2025-10-20T14:00:00Z	98.3	10.4	12	0.128	157	0
CKT-1080	2025-10-20T15:00:00Z	98.6	10.3	12.2	0.192	165	0
CKT-1080	2025-10-20T16:00:00Z	98.5	9.3	12.6	0.141	169	0
CKT-1080	2025-10-20T17:00:00Z	100	9	12	0.142	165	0
CKT-1080	2025-10-20T18:00:00Z	98.7	10.3	12	0.161	164	0
CKT-1080	2025-10-20T19:00:00Z	100	10.4	12.3	0.198	162	0
CKT-1080	2025-10-20T20:00:00Z	100	9.9	12.9	0.158	164	0
CKT-1080	2025-10-20T21:00:00Z	100	9.9	12.7	0.187	158	0
CKT-1080	2025-10-20T22:00:00Z	98.2	10.4	13	0.184	165	0
CKT-1080	2025-10-20T23:00:00Z	100	10.1	12.6	0.18	165	0
CKT-1080	2025-10-21T00:00:00Z	100	9.9	12.9	0.212	161	0
CKT-1080	2025-10-21T01:00:00Z	100	10.8	13.2	0.224	163	0
CKT-1080	2025-10-21T02:00:00Z	100	8.9	13	0.193	161	0
CKT-1080	2025-10-21T03:00:00Z	100	10.3	13.7	0.204	166	0
CKT-1080	2025-10-21T04:00:00Z	100	10	13.3	0.211	163	0
CKT-1080	2025-10-21T05:00:00Z	100	9.2	13	0.251	169	0
CKT-1080	2025-10-21T06:00:00Z	100	10.4	13.4	0.228	155	0
CKT-1080	2025-10-21T07:00:00Z	98.6	10.4	14.2	0.283	162	0
CKT-1080	2025-10-21T08:00:00Z	98.9	10.2	13.9	0.24	164	0
CKT-1080	2025-10-21T09:00:00Z	99.2	10.3	14.5	0.284	164	0
CKT-1080	2025-10-21T10:00:00Z	100	10	14.1	0.289	156	0
CKT-1080	2025-10-21T11:00:00Z	100	10.9	14.3	0.263	161	0
CKT-1081	2025-10-19T12:00:00Z	62.5	5.3	4.4	0.354	264	0
CKT-1081	2025-10-19T13:00:00Z	61.3	7.2	3.3	0.357	266	0
CKT-1081	2025-10-19T14:00:00Z	61.8	6.6	4.2	0.389	273	0
CKT-1081	2025-10-19T15:00:00Z	63.3	6.9	3.4	0.434	279	0
CKT-1081	2025-10-19T16:00:00Z	64.8	7.6	3.8	0.366	271	0
CKT-1081	2025-10-19T17:00:00Z	63.4	6.9	4	0.377	280	0
CKT-1081	2025-10-19T18:00:00Z	60.9	6.5	4.7	0.421	279	0
CKT-1081	2025-10-19T19:00:00Z	62.9	7.5	4.2	0.486	280	0
CKT-1081	2025-10-19T20:00:00Z	60.5	6	3.7	0.478	285	0
CKT-1081	2025-10-19T21:00:00Z	60.6	7.2	5	0.507	297	0
CKT-1081	2025-10-19T22:00:00Z	61.4	7.1	5	0.491	296	0
CKT-1081	2025-10-19T23:00:00Z	61	6.6	5	0.545	304	0
CKT-1081	2025-10-20T00:00:00Z	63.9	7	4.9	0.501	297	0
CKT-1081	2025-10-20T01:00:00Z	61.8	7.3	5.6	0.559	310	0
CKT-1081	2025-10-20T02:00:00Z	63.2	6.4	5.2	0.544	311	0
CKT-1081	2025-10-20T03:00:00Z	62.6	6.9	5.7	0.559	315	0
CKT-1081	2025-10-20T04:00:00Z	61.2	7.1	5.4	0.605	307	0
CKT-1081	2025-10-20T05:00:00Z	61	7.4	5.4	0.601	313	0
CKT-1081	2025-10-20T06:00:00Z	64.7	7.1	5.8	0.594	322	0
CKT-1081	2025-10-20T07:00:00Z	61.9	6.5	5.1	0.629	328	0
CKT-1081	2025-10-20T08:00:00Z	63.8	6.7	6	0.649	326	0
CKT-1081	2025-10-20T09:00:00Z	63.8	6.3	6.1	0.626	331	0
CKT-1081	2025-10-20T10:00:00Z	62	7.6	4.9	0.709	323	0
CKT-1081	2025-10-20T11:00:00Z	61.9	7.1	6.6	0.685	339	0
CKT-1081	2025-10-20T12:00:00Z	62.6	6.7	6.2	0.694	328	0
CKT-1081	2025-10-20T13:00:00Z	63.8	6.9	7	0.694	337	0
CKT-1081	2025-10-20T14:00:00Z	65.7	7.1	6.9	0.743	346	0
CKT-1081	2025-10-20T15:00:00Z	66.7	7	6.2	0.762	344	0
CKT-1081	2025-10-20T16:00:00Z	63.9	7.2	6.4	0.753	352	0
CKT-1081	2025-10-20T17:00:00Z	63.3	7.5	6.5	0.758	362	0
CKT-1081	2025-10-20T18:00:00Z	61.9	6.9	8	0.792	362	0
CKT-1081	2025-10-20T19:00:00Z	65.2	6.9	7.1	0.765	357	0
CKT-1081	2025-10-20T20:00:00Z	64.7	7.1	8.6	0.828	365	0
CKT-1081	2025-10-20T21:00:00Z	66.1	7.3	7.4	0.835	363	0
CKT-1081	2025-10-20T22:00:00Z	65.1	6.8	7.9	0.831	368	0
CKT-1081	2025-10-20T23:00:00Z	66.8	6.8	8.6	0.869	370	0
CKT-1081	2025-10-21T00:00:00Z	64.7	6.8	6.8	0.898	384	0
CKT-1081	2025-10-21T01:00:00Z	65.4	7.3	7.8	0.918	376	0
CKT-1081	2025-10-21T02:00:00Z	65.1	6	7.8	0.917	384	0
CKT-1081	2025-10-21T03:00:00Z	66.2	6	7.4	0.936	379	0
CKT-1081	2025-10-21T04:00:00Z	66.2	6	8.2	0.938	388	0
CKT-1081	2025-10-21T05:00:00Z	63.4	5.8	8.5	0.964	394	1
CKT-1081	2025-10-21T06:00:00Z	64.4	7.4	8.7	0.995	391	1
CKT-1081	2025-10-21T07:00:00Z	62.5	6.9	8.6	0.993	387	1
CKT-1081	2025-10-21T08:00:00Z	64.6	7.5	8.7	0.991	407	1
CKT-1081	2025-10-21T09:00:00Z	63.6	7.7	9.3	1.007	400	1
CKT-1081	2025-10-21T10:00:00Z	65.2	7.1	8.7	1.018	402	1
CKT-1081	2025-10-21T11:00:00Z	64.8	6.8	8	1.043	404	1
CKT-1082	2025-10-19T12:00:00Z	43	7	10.6	0.37	0	0
CKT-1082	2025-10-19T13:00:00Z	40.1	5.7	10.2	0.362	0	0
CKT-1082	2025-10-19T14:00:00Z	38.6	7.1	10.4	0.369	0	0
CKT-1082	2025-10-19T15:00:00Z	40.7	7.5	9.9	0.38	0	0
CKT-1082	2025-10-19T16:00:00Z	39.5	6.9	10	0.415	0	0
CKT-1082	2025-10-19T17:00:00Z	39.7	7.5	10.4	0.398	0	0
CKT-1082	2025-10-19T18:00:00Z	37.4	7	11	0.43	0	0
CKT-1082	2025-10-19T19:00:00Z	37.6	7.1	9.8	0.412	0	0
CKT-1082	2025-10-19T20:00:00Z	38.2	6.7	10.3	0.457	0	0
CKT-1082	2025-10-19T21:00:00Z	37.2	6.4	10.3	0.457	0	0
CKT-1082	2025-10-19T22:00:00Z	37.9	6.9	10.4	0.443	0	0
CKT-1082	2025-10-19T23:00:00Z	37.2	6.9	9.4	0.463	0	0
CKT-1082	2025-10-20T00:00:00Z	36.2	8.3	10.5	0.5	0	0
CKT-1082	2025-10-20T01:00:00Z	38.9	6.7	11.2	0.5	0	0
CKT-1082	2025-10-20T02:00:00Z	37.6	6.8	10.4	0.49	0	0
CKT-1082	2025-10-20T03:00:00Z	39.6	6.1	11	0.492	0	0
CKT-1082	2025-10-20T04:00:00Z	36.2	7.1	10.3	0.473	0	0
CKT-1082	2025-10-20T05:00:00Z	35.1	6.9	9.9	0.489	0	0
CKT-1082	2025-10-20T06:00:00Z	35.4	6.1	10.4	0.494	0	0
CKT-1082	2025-10-20T07:00:00Z	35.9	5.4	10.2	0.541	0	0
CKT-1082	2025-10-20T08:00:00Z	36.6	7.1	9.9	0.54	0	0
CKT-1082	2025-10-20T09:00:00Z	34.3	6.7	11	0.531	0	0
CKT-1082	2025-10-20T10:00:00Z	33.7	6.7	10.7	0.508	0	0
CKT-1082	2025-10-20T11:00:00Z	35.8	7	10.2	0.542	0	0
CKT-1082	2025-10-20T12:00:00Z	34.4	7.2	10.6	0.563	5	0
CKT-1082	2025-10-20T13:00:00Z	33.8	7.6	11.1	0.601	2	0
CKT-1082	2025-10-20T14:00:00Z	38.3	6.9	10.6	0.588	0	0
CKT-1082	2025-10-20T15:00:00Z	36.2	6.5	10.9	0.62	12	0
CKT-1082	2025-10-20T16:00:00Z	32.9	6.6	9.1	0.602	16	0
CKT-1082	2025-10-20T17:00:00Z	33.4	6.5	10.3	0.637	14	0
CKT-1082	2025-10-20T18:00:00Z	36.3	6.5	10.6	0.612	28	0
CKT-1082	2025-10-20T19:00:00Z	33.6	8.1	10.2	0.659	21	0
CKT-1082	2025-10-20T20:00:00Z	34.3	6.1	10.6	0.616	25	0
CKT-1082	2025-10-20T21:00:00Z	30.6	6.8	11	0.656	20	0
CKT-1082	2025-10-20T22:00:00Z	29.8	7.1	11.2	0.634	40	0
CKT-1082	2025-10-20T23:00:00Z	32.4	5.7	9.7	0.677	33	0
CKT-1082	2025-10-21T00:00:00Z	34.4	6.1	10.5	0.669	35	0
CKT-1082	2025-10-21T01:00:00Z	31.3	6.6	10.5	0.683	40	0
CKT-1082	2025-10-21T02:00:00Z	33.5	6.1	9.6	0.706	37	0
CKT-1082	2025-10-21T03:00:00Z	30.9	6.5	10.1	0.664	42	0
CKT-1082	2025-10-21T04:00:00Z	32.2	6.8	10.7	0.692	52	0
CKT-1082	2025-10-21T05:00:00Z	30.2	5.6	10.6	0.725	48	0
CKT-1082	2025-10-21T06:00:00Z	32.6	6.3	10.8	0.753	54	0
CKT-1082	2025-10-21T07:00:00Z	30.2	6.8	11.3	0.734	67	0
CKT-1082	2025-10-21T08:00:00Z	30.7	6.5	10.2	0.735	49	0
CKT-1082	2025-10-21T09:00:00Z	29.4	6.6	10.6	0.781	63	0
CKT-1082	2025-10-21T10:00:00Z	27	6.3	10.6	0.752	74	0
CKT-1082	2025-10-21T11:00:00Z	31.1	7.4	10.4	0.78	64	0
CKT-1083	2025-10-19T12:00:00Z	55.5	9.4	0	0.207	0	0
CKT-1083	2025-10-19T13:00:00Z	55.4	9.8	0	0.197	0	0
CKT-1083	2025-10-19T14:00:00Z	54.3	10	0.7	0.215	0	0
CKT-1083	2025-10-19T15:00:00Z	55.3	9.4	0.4	0.143	0	0
CKT-1083	2025-10-19T16:00:00Z	57.6	8.9	0.1	0.19	0	0
CKT-1083	2025-10-19T17:00:00Z	56.8	9.2	0.1	0.191	0	0
CKT-1083	2025-10-19T18:00:00Z	57	9.8	0	0.172	0	0
CKT-1083	2025-10-19T19:00:00Z	58.6	10	0.2	0.201	0	0
CKT-1083	2025-10-19T20:00:00Z	56.4	9.4	0	0.132	2	0
CKT-1083	2025-10-19T21:00:00Z	55.4	8.9	0	0.148	5	0
CKT-1083	2025-10-19T22:00:00Z	57.7	9.1	0.4	0.166	0	0
CKT-1083	2025-10-19T23:00:00Z	58.2	9.2	0	0.184	5	0
CKT-1083	2025-10-20T00:00:00Z	57.7	9.6	0.3	0.127	4	0
CKT-1083	2025-10-20T01:00:00Z	59.2	8.7	0.4	0.104	7	0
CKT-1083	2025-10-20T02:00:00Z	56	9	0.6	0.151	16	0
CKT-1083	2025-10-20T03:00:00Z	56.5	9	0.1	0.14	9	0
CKT-1083	2025-10-20T04:00:00Z	58	8.9	0.8	0.111	15	0
CKT-1083	2025-10-20T05:00:00Z	59.1	10.3	0	0.138	10	0
CKT-1083	2025-10-20T06:00:00Z	61	8.6	0	0.142	22	0
CKT-1083	2025-10-20T07:00:00Z	60	9	0	0.131	23	0
CKT-1083	2025-10-20T08:00:00Z	60.9	9.6	0	0.114	24	0
CKT-1083	2025-10-20T09:00:00Z	59.5	8.7	0.5	0.103	21	0
CKT-1083	2025-10-20T10:00:00Z	61.8	9.7	0.1	0.106	30	0
CKT-1083	2025-10-20T11:00:00Z	60.6	9.5	1	0.069	32	0
CKT-1083	2025-10-20T12:00:00Z	60.3	9.9	0.6	0.072	34	0
CKT-1083	2025-10-20T13:00:00Z	61	9.2	0.6	0.087	30	0
CKT-1083	2025-10-20T14:00:00Z	62.4	9.1	0	0.059	38	0
CKT-1083	2025-10-20T15:00:00Z	60.3	10	0.3	0.055	46	0
CKT-1083	2025-10-20T16:00:00Z	60.1	8.7	0.5	0.014	46	0
CKT-1083	2025-10-20T17:00:00Z	61.5	8.7	0	0.019	42	0
CKT-1083	2025-10-20T18:00:00Z	59.6	9.9	0	0.037	45	0
CKT-1083	2025-10-20T19:00:00Z	62.7	10.3	0	0.041	41	0
CKT-1083	2025-10-20T20:00:00Z	62.2	9.1	0	0.028	48	0
CKT-1083	2025-10-20T21:00:00Z	62.1	9.9	0	0.019	49	0
CKT-1083	2025-10-20T22:00:00Z	61	9.9	0	0.03	52	0
CKT-1083	2025-10-20T23:00:00Z	64.9	9.8	0.1	0.007	57	0
CKT-1083	2025-10-21T00:00:00Z	62.3	8.7	0	0.019	50	0
CKT-1083	2025-10-21T01:00:00Z	62.7	9.5	0.1	0.035	50	0
CKT-1083	2025-10-21T02:00:00Z	66.2	9.6	0.4	0.007	50	0
CKT-1083	2025-10-21T03:00:00Z	61.7	9.3	0.6	0	56	0
CKT-1083	2025-10-21T04:00:00Z	63.8	9.9	0.3	0	55	0
CKT-1083	2025-10-21T05:00:00Z	64.5	10.4	0	0	62	0
CKT-1083	2025-10-21T06:00:00Z	64.5	9.4	0.8	0.002	67	0
CKT-1083	2025-10-21T07:00:00Z	61.2	9.2	0	0	69	0
CKT-1083	2025-10-21T08:00:00Z	64.6	8.6	0.6	0	72	0
CKT-1083	2025-10-21T09:00:00Z	65.6	9.1	0.8	0	80	0
CKT-1083	2025-10-21T10:00:00Z	63.3	10.5	0	0.014	70	0
CKT-1083	2025-10-21T11:00:00Z	66.5	9.4	0.5	0	71	0
CKT-1084	2025-10-19T12:00:00Z	52.9	10.7	0	0.339	355	0
CKT-1084	2025-10-19T13:00:00Z	48.4	10.5	0	0.32	360	0
CKT-1084	2025-10-19T14:00:00Z	51.6	11	0	0.332	368	0
CKT-1084	2025-10-19T15:00:00Z	47.7	11	0	0.3	362	0
CKT-1084	2025-10-19T16:00:00Z	51.3	9.8	0	0.321	356	0
CKT-1084	2025-10-19T17:00:00Z	48.7	11.5	0	0.319	354	0
CKT-1084	2025-10-19T18:00:00Z	48.4	10	0	0.333	359	0
CKT-1084	2025-10-19T19:00:00Z	50.3	10.8	0	0.313	358	0
CKT-1084	2025-10-19T20:00:00Z	47.9	10.6	0	0.346	358	0
CKT-1084	2025-10-19T21:00:00Z	47.5	10.2	0	0.355	354	0
CKT-1084	2025-10-19T22:00:00Z	45.4	11.4	0	0.341	359	0
CKT-1084	2025-10-19T23:00:00Z	47	9.2	0	0.369	360	0
CKT-1084	2025-10-20T00:00:00Z	43.5	12	0	0.323	360	0
CKT-1084	2025-10-20T01:00:00Z	47	10.7	0	0.374	356	0
CKT-1084	2025-10-20T02:00:00Z	43.6	11.4	0	0.372	359	0
CKT-1084	2025-10-20T03:00:00Z	49.1	10.5	0	0.366	355	0
CKT-1084	2025-10-20T04:00:00Z	46.4	8.9	0	0.352	356	0
CKT-1084	2025-10-20T05:00:00Z	43.5	11.2	0	0.361	356	0
CKT-1084	2025-10-20T06:00:00Z	45.2	11.5	0.2	0.376	357	0
CKT-1084	2025-10-20T07:00:00Z	43.3	10.6	0.2	0.373	357	0
CKT-1084	2025-10-20T08:00:00Z	42.5	10.6	0	0.36	357	0
CKT-1084	2025-10-20T09:00:00Z	46	11.5	0.3	0.37	358	0
CKT-1084	2025-10-20T10:00:00Z	42.6	10.6	0.8	0.406	354	0
CKT-1084	2025-10-20T11:00:00Z	43.1	9.2	1.7	0.395	351	0
CKT-1084	2025-10-20T12:00:00Z	41.4	11	1.5	0.383	355	0
CKT-1084	2025-10-20T13:00:00Z	44.6	10.3	3.1	0.4	361	0
CKT-1084	2025-10-20T14:00:00Z	39.9	11.2	2.2	0.336	349	0
CKT-1084	2025-10-20T15:00:00Z	41.6	10.6	1.9	0.402	352	0
CKT-1084	2025-10-20T16:00:00Z	40.1	10.3	2.7	0.348	354	0
CKT-1084	2025-10-20T17:00:00Z	37.8	10.5	3	0.4	353	0
CKT-1084	2025-10-20T18:00:00Z	40.8	10.6	3.5	0.385	342	0
CKT-1084	2025-10-20T19:00:00Z	41	10.4	3	0.397	349	0
CKT-1084	2025-10-20T20:00:00Z	39.4	11	3.5	0.38	361	0
CKT-1084	2025-10-20T21:00:00Z	37.4	10.3	3.5	0.4	355	0
CKT-1084	2025-10-20T22:00:00Z	40.4	10.9	3.8	0.402	360	0
CKT-1084	2025-10-20T23:00:00Z	38.5	9.6	4.6	0.402	360	0
CKT-1084	2025-10-21T00:00:00Z	37.2	9.6	3.1	0.383	359	0
CKT-1084	2025-10-21T01:00:00Z	39.4	10.9	4	0.388	363	0
CKT-1084	2025-10-21T02:00:00Z	35.1	11.9	5.6	0.449	358	0
CKT-1084	2025-10-21T03:00:00Z	36.2	10.9	5.4	0.396	351	0
CKT-1084	2025-10-21T04:00:00Z	35.9	10.2	5.8	0.399	357	0
CKT-1084	2025-10-21T05:00:00Z	37.4	11.5	5.5	0.421	351	0
CKT-1084	2025-10-21T06:00:00Z	37.1	11.4	4.7	0.451	353	0
CKT-1084	2025-10-21T07:00:00Z	36.1	10.7	5.8	0.414	352	0
CKT-1084	2025-10-21T08:00:00Z	35.6	10.5	5.4	0.4	350	0
CKT-1084	2025-10-21T09:00:00Z	33.7	11	6	0.442	356	0
CKT-1084	2025-10-21T10:00:00Z	33.6	10.7	7.3	0.398	365	0
CKT-1084	2025-10-21T11:00:00Z	35.2	10.7	7.4	0.421	358	0
CKT-1085	2025-10-19T12:00:00Z	68.6	8	11.7	0.317	43	0
CKT-1085	2025-10-19T13:00:00Z	72	8.4	11.7	0.291	45	0
CKT-1085	2025-10-19T14:00:00Z	72.3	7.6	10.8	0.322	46	0
CKT-1085	2025-10-19T15:00:00Z	72.2	8.1	11.3	0.328	47	0
CKT-1085	2025-10-19T16:00:00Z	74.2	7.1	12.1	0.34	48	0
CKT-1085	2025-10-19T17:00:00Z	74.2	8	12.3	0.324	46	0
CKT-1085	2025-10-19T18:00:00Z	72.2	8.4	11.5	0.364	53	0
CKT-1085	2025-10-19T19:00:00Z	71.2	8.5	12.5	0.356	52	0
CKT-1085	2025-10-19T20:00:00Z	72.2	8.3	11.7	0.371	46	0
CKT-1085	2025-10-19T21:00:00Z	73.9	8	11.9	0.384	52	0
CKT-1085	2025-10-19T22:00:00Z	74	9.5	12.7	0.392	49	0
CKT-1085	2025-10-19T23:00:00Z	75.4	9.1	12	0.404	47	0
CKT-1085	2025-10-20T00:00:00Z	73	7.3	11.8	0.387	38	0
CKT-1085	2025-10-20T01:00:00Z	72.9	8.8	12.4	0.403	40	0
CKT-1085	2025-10-20T02:00:00Z	74	8.7	12.1	0.392	39	0
CKT-1085	2025-10-20T03:00:00Z	74.4	8.5	12.9	0.411	47	0
CKT-1085	2025-10-20T04:00:00Z	74.3	8.1	12.7	0.419	45	0
CKT-1085	2025-10-20T05:00:00Z	77	8.2	13.3	0.436	53	0
CKT-1085	2025-10-20T06:00:00Z	72.8	9.2	13.2	0.483	47	0
CKT-1085	2025-10-20T07:00:00Z	72.3	8.3	14	0.441	45	0
CKT-1085	2025-10-20T08:00:00Z	75.3	8.2	13.4	0.427	54	0
CKT-1085	2025-10-20T09:00:00Z	72.5	8.5	13.8	0.452	39	0
CKT-1085	2025-10-20T10:00:00Z	73	8.7	13.3	0.418	47	0
CKT-1085	2025-10-20T11:00:00Z	73.3	8.8	13.7	0.46	46	0
CKT-1085	2025-10-20T12:00:00Z	73	7.9	13.8	0.449	49	0
CKT-1085	2025-10-20T13:00:00Z	74.4	7.5	13.7	0.48	43	0
CKT-1085	2025-10-20T14:00:00Z	75.5	8.8	15.3	0.508	37	0
CKT-1085	2025-10-20T15:00:00Z	74.5	8.2	14.5	0.473	43	0
CKT-1085	2025-10-20T16:00:00Z	73.3	8	14	0.492	40	0
CKT-1085	2025-10-20T17:00:00Z	76.8	8.7	13.7	0.505	38	0
CKT-1085	2025-10-20T18:00:00Z	77.4	9.4	14.5	0.494	42	0
CKT-1085	2025-10-20T19:00:00Z	74.8	8.3	15.3	0.536	50	0
CKT-1085	2025-10-20T20:00:00Z	75.9	7.7	14.4	0.525	39	0
CKT-1085	2025-10-20T21:00:00Z	76.2	8.9	15.1	0.54	36	0
CKT-1085	2025-10-20T22:00:00Z	77.9	7.5	14.9	0.549	47	0
CKT-1085	2025-10-20T23:00:00Z	74.1	7.7	15.2	0.553	40	0
CKT-1085	2025-10-21T00:00:00Z	76.7	7.5	15.5	0.532	46	0
CKT-1085	2025-10-21T01:00:00Z	76.1	9.1	15.4	0.544	47	0
CKT-1085	2025-10-21T02:00:00Z	79.6	8.9	15.4	0.546	42	0
CKT-1085	2025-10-21T03:00:00Z	77.5	7.9	15.5	0.598	46	0
CKT-1085	2025-10-21T04:00:00Z	75	9.7	16.5	0.585	52	0
CKT-1085	2025-10-21T05:00:00Z	76.3	8.8	15.5	0.555	58	0
CKT-1085	2025-10-21T06:00:00Z	74.7	8.6	16	0.599	45	0
CKT-1085	2025-10-21T07:00:00Z	76.8	8.5	16.2	0.595	45	0
CKT-1085	2025-10-21T08:00:00Z	75.1	9.6	16.3	0.605	42	0
CKT-1085	2025-10-21T09:00:00Z	75.7	8.9	16.1	0.62	39	0
CKT-1085	2025-10-21T10:00:00Z	79.6	8.9	16.2	0.623	49	0
CKT-1085	2025-10-21T11:00:00Z	75.4	9.4	16.6	0.607	40	0
CKT-1086	2025-10-19T12:00:00Z	37.3	9	6.8	0.171	214	0
CKT-1086	2025-10-19T13:00:00Z	35.2	8.2	4.4	0.183	210	0
CKT-1086	2025-10-19T14:00:00Z	37.8	8.4	5.5	0.171	226	0
CKT-1086	2025-10-19T15:00:00Z	38.4	8.4	5.1	0.195	218	0
CKT-1086	2025-10-19T16:00:00Z	34.5	8.8	6.2	0.173	228	0
CKT-1086	2025-10-19T17:00:00Z	36.4	8.9	6.2	0.18	223	0
CKT-1086	2025-10-19T18:00:00Z	35	9	5.1	0.197	235	0
CKT-1086	2025-10-19T19:00:00Z	36.7	8.4	6.2	0.178	230	0
CKT-1086	2025-10-19T20:00:00Z	37.3	9.2	6.6	0.197	234	0
CKT-1086	2025-10-19T21:00:00Z	39.4	7.5	5.9	0.202	247	0
CKT-1086	2025-10-19T22:00:00Z	40.1	7.9	5.9	0.196	242	0
CKT-1086	2025-10-19T23:00:00Z	39.1	8.3	6	0.231	254	0
CKT-1086	2025-10-20T00:00:00Z	38.8	8.5	5.4	0.248	252	0
CKT-1086	2025-10-20T01:00:00Z	38.8	8.5	6.2	0.236	257	0
CKT-1086	2025-10-20T02:00:00Z	41.2	8.6	6.9	0.246	255	0
CKT-1086	2025-10-20T03:00:00Z	36.5	8.5	6.9	0.214	259	0
CKT-1086	2025-10-20T04:00:00Z	39.4	9	5.9	0.216	264	0
CKT-1086	2025-10-20T05:00:00Z	38.3	7.4	7.1	0.257	274	0
CKT-1086	2025-10-20T06:00:00Z	40.9	8.9	6.4	0.239	270	0
CKT-1086	2025-10-20T07:00:00Z	39	7.8	6.1	0.273	264	0
CKT-1086	2025-10-20T08:00:00Z	38.2	8.8	6.1	0.261	278	0
CKT-1086	2025-10-20T09:00:00Z	40.9	8.1	7	0.271	277	0
CKT-1086	2025-10-20T10:00:00Z	40.4	8.7	6.3	0.228	283	0
CKT-1086	2025-10-20T11:00:00Z	41.6	7.1	6.7	0.3	277	0
CKT-1086	2025-10-20T12:00:00Z	40.7	8.3	7.3	0.292	281	0
CKT-1086	2025-10-20T13:00:00Z	41.5	9.8	6.3	0.273	291	0
CKT-1086	2025-10-20T14:00:00Z	40.3	9.5	6.4	0.25	289	0
CKT-1086	2025-10-20T15:00:00Z	42.4	8	6.8	0.294	288	0
CKT-1086	2025-10-20T16:00:00Z	40.7	8.7	7.1	0.276	298	0
CKT-1086	2025-10-20T17:00:00Z	41.4	8.9	7	0.284	303	0
CKT-1086	2025-10-20T18:00:00Z	41.4	8.7	7	0.343	302	0
CKT-1086	2025-10-20T19:00:00Z	42	8.1	6.3	0.291	310	0
CKT-1086	2025-10-20T20:00:00Z	43.5	8.6	6.7	0.295	305	0
CKT-1086	2025-10-20T21:00:00Z	41.7	7.7	7.6	0.346	303	0
CKT-1086	2025-10-20T22:00:00Z	43.2	8.6	7.1	0.301	321	0
CKT-1086	2025-10-20T23:00:00Z	43.6	9.1	6.7	0.29	321	0
CKT-1086	2025-10-21T00:00:00Z	41.7	9.1	6	0.313	318	0
CKT-1086	2025-10-21T01:00:00Z	42.9	8.6	7.3	0.339	328	0
CKT-1086	2025-10-21T02:00:00Z	43.3	9.7	7.9	0.325	327	0
CKT-1086	2025-10-21T03:00:00Z	43.3	8.7	6.7	0.32	320	0
CKT-1086	2025-10-21T04:00:00Z	43.4	9.1	7.2	0.338	335	0
CKT-1086	2025-10-21T05:00:00Z	42.7	8.5	7.8	0.35	341	0
CKT-1086	2025-10-21T06:00:00Z	46.2	8.9	7	0.342	349	0
CKT-1086	2025-10-21T07:00:00Z	45	8.6	7	0.351	346	0
CKT-1086	2025-10-21T08:00:00Z	44.8	8.1	7.3	0.381	349	0
CKT-1086	2025-10-21T09:00:00Z	45.7	8.7	6.9	0.367	354	0
CKT-1086	2025-10-21T10:00:00Z	44.8	9	7.8	0.383	352	0
CKT-1086	2025-10-21T11:00:00Z	46.7	7.6	7.6	0.385	356	0
CKT-1087	2025-10-19T12:00:00Z	0.6	5.9	2.5	0.064	266	0
CKT-1087	2025-10-19T13:00:00Z	3.3	7.1	3	0.043	268	0
CKT-1087	2025-10-19T14:00:00Z	5.4	6.4	3.3	0.022	267	0
CKT-1087	2025-10-19T15:00:00Z	2.3	5.6	2.9	0.056	262	0
CKT-1087	2025-10-19T16:00:00Z	3.2	5.9	3.2	0.057	267	0
CKT-1087	2025-10-19T17:00:00Z	4.6	6.3	2.9	0.01	268	0
CKT-1087	2025-10-19T18:00:00Z	2	5.9	3.1	0.078	275	0
CKT-1087	2025-10-19T19:00:00Z	2.2	5.2	3.1	0.055	259	0
CKT-1087	2025-10-19T20:00:00Z	3.8	6.4	2.3	0.03	262	0
CKT-1087	2025-10-19T21:00:00Z	3.7	6.4	2.8	0.05	277	0
CKT-1087	2025-10-19T22:00:00Z	2.8	5.6	3.3	0.068	268	0
CKT-1087	2025-10-19T23:00:00Z	7.2	6.2	2	0.05	263	0
CKT-1087	2025-10-20T00:00:00Z	6.7	6.6	2.2	0.074	270	0
CKT-1087	2025-10-20T01:00:00Z	4.4	6	3.7	0.007	268	0
CKT-1087	2025-10-20T02:00:00Z	6.7	5.9	3.4	0.047	262	0
CKT-1087	2025-10-20T03:00:00Z	4.1	6.4	2.8	0.014	266	0
CKT-1087	2025-10-20T04:00:00Z	4.8	5.3	3.1	0.059	266	0
CKT-1087	2025-10-20T05:00:00Z	4.1	6.3	3.6	0.087	273	0
CKT-1087	2025-10-20T06:00:00Z	4.4	6.5	3.3	0.019	267	0
CKT-1087	2025-10-20T07:00:00Z	9	6.7	2.6	0.042	268	0
CKT-1087	2025-10-20T08:00:00Z	3.8	5	3.2	0.044	256	0
CKT-1087	2025-10-20T09:00:00Z	7.2	6.7	3.1	0.041	268	0
CKT-1087	2025-10-20T10:00:00Z	7.5	5	2.7	0.032	261	0
CKT-1087	2025-10-20T11:00:00Z	9.2	6.4	2.7	0.035	271	0
CKT-1087	2025-10-20T12:00:00Z	6.3	6.5	3.9	0.062	266	0
CKT-1087	2025-10-20T13:00:00Z	9.3	5.7	4.5	0.042	271	0
CKT-1087	2025-10-20T14:00:00Z	7.1	6.3	3.5	0.018	261	0
CKT-1087	2025-10-20T15:00:00Z	7.6	6.7	2.4	0.029	272	0
CKT-1087	2025-10-20T16:00:00Z	6.2	6.8	2.7	0.017	265	0
CKT-1087	2025-10-20T17:00:00Z	11.1	5.6	2.5	0.006	270	0
CKT-1087	2025-10-20T18:00:00Z	6.5	6.7	3.4	0.033	267	0
CKT-1087	2025-10-20T19:00:00Z	7.5	6.1	2.8	0.06	260	0
CKT-1087	2025-10-20T20:00:00Z	9.6	5.4	3.1	0.025	280	0
CKT-1087	2025-10-20T21:00:00Z	9.1	5.5	3.2	0.001	265	0
CKT-1087	2025-10-20T22:00:00Z	12.2	6.2	3.9	0.012	264	0
CKT-1087	2025-10-20T23:00:00Z	9.9	5.6	3.6	0.042	268	0
CKT-1087	2025-10-21T00:00:00Z	9.6	6.7	3.3	0.022	273	0
CKT-1087	2025-10-21T01:00:00Z	8.4	5	3	0.036	272	0
CKT-1087	2025-10-21T02:00:00Z	9.2	7.1	3.5	0.025	261	0
CKT-1087	2025-10-21T03:00:00Z	13.4	5.9	2.8	0.076	267	0
CKT-1087	2025-10-21T04:00:00Z	11.9	7	3.8	0.046	266	0
CKT-1087	2025-10-21T05:00:00Z	12	6	3.5	0.028	264	0
CKT-1087	2025-10-21T06:00:00Z	11.8	6.3	4	0.038	276	0
CKT-1087	2025-10-21T07:00:00Z	12.9	5.9	3.8	0.052	261	0
CKT-1087	2025-10-21T08:00:00Z	14.5	5.5	4	0.023	265	0
CKT-1087	2025-10-21T09:00:00Z	9.8	6.5	3	0	271	0
CKT-1087	2025-10-21T10:00:00Z	14.6	5.6	4.1	0.038	265	0
CKT-1087	2025-10-21T11:00:00Z	14.2	5.9	3.9	0	259	0
CKT-1088	2025-10-19T12:00:00Z	76.6	12.6	0.6	0	0	0
CKT-1088	2025-10-19T13:00:00Z	73.4	13	1.6	0	0	0
CKT-1088	2025-10-19T14:00:00Z	77.1	12.7	1.4	0	0	0
CKT-1088	2025-10-19T15:00:00Z	77.1	13.2	2.2	0	0	0
CKT-1088	2025-10-19T16:00:00Z	77	13.3	1.4	0	0	0
CKT-1088	2025-10-19T17:00:00Z	77.6	12.9	1.3	0	0	0
CKT-1088	2025-10-19T18:00:00Z	78.2	14.1	3	0	1	0
CKT-1088	2025-10-19T19:00:00Z	80.7	13	1.2	0.013	7	0
CKT-1088	2025-10-19T20:00:00Z	80	14	2.2	0	3	0
CKT-1088	2025-10-19T21:00:00Z	79.1	13.9	2.2	0	20	0
CKT-1088	2025-10-19T22:00:00Z	80	13.8	2.1	0.021	19	0
CKT-1088	2025-10-19T23:00:00Z	80.7	13.1	2	0	13	0
CKT-1088	2025-10-20T00:00:00Z	81.4	12.9	1.8	0	24	0
CKT-1088	2025-10-20T01:00:00Z	81.4	14.2	2.5	0.028	25	0
CKT-1088	2025-10-20T02:00:00Z	82.9	12.9	2	0.03	28	0
CKT-1088	2025-10-20T03:00:00Z	78.8	12.8	1.3	0	31	0
CKT-1088	2025-10-20T04:00:00Z	82.5	11.9	3	0	39	0
CKT-1088	2025-10-20T05:00:00Z	82.4	13.7	2.6	0.015	42	0
CKT-1088	2025-10-20T06:00:00Z	82.5	13.4	3	0.009	49	0
CKT-1088	2025-10-20T07:00:00Z	84	13.2	2.8	0.034	50	0
CKT-1088	2025-10-20T08:00:00Z	83.4	12.9	2.9	0	55	0
CKT-1088	2025-10-20T09:00:00Z	85.7	12.9	2.8	0.038	61	0
CKT-1088	2025-10-20T10:00:00Z	81.4	12.3	2.7	0	64	0
CKT-1088	2025-10-20T11:00:00Z	84.7	13.9	2.4	0	69	0
CKT-1088	2025-10-20T12:00:00Z	86	13.3	1.8	0.002	71	0
CKT-1088	2025-10-20T13:00:00Z	87.2	13.6	3.2	0.008	82	0
CKT-1088	2025-10-20T14:00:00Z	88	13.3	4.2	0	74	0
CKT-1088	2025-10-20T15:00:00Z	86.6	13	2	0	85	0
CKT-1088	2025-10-20T16:00:00Z	86.9	12.7	3.3	0.008	91	0
CKT-1088	2025-10-20T17:00:00Z	86.4	13.7	2.8	0	100	0
CKT-1088	2025-10-20T18:00:00Z	86.2	12.8	2.8	0	96	0
CKT-1088	2025-10-20T19:00:00Z	89.2	13.2	3.3	0	96	0
CKT-1088	2025-10-20T20:00:00Z	86.2	13.6	4	0.009	106	0
CKT-1088	2025-10-20T21:00:00Z	90.2	13.2	4.3	0	106	0
CKT-1088	2025-10-20T22:00:00Z	88.5	13.6	3	0.042	114	0
CKT-1088	2025-10-20T23:00:00Z	92.2	13.2	3.5	0.027	121	0
CKT-1088	2025-10-21T00:00:00Z	88.9	12	3	0.021	127	0
CKT-1088	2025-10-21T01:00:00Z	88.4	13	3.8	0.055	135	0
CKT-1088	2025-10-21T02:00:00Z	91.4	13.7	4.5	0	131	0
CKT-1088	2025-10-21T03:00:00Z	89.6	13.1	4.7	0.021	137	0
CKT-1088	2025-10-21T04:00:00Z	93.4	12.1	3.1	0.044	142	0
CKT-1088	2025-10-21T05:00:00Z	92.3	13.4	4.7	0.039	138	0
CKT-1088	2025-10-21T06:00:00Z	93.7	13	4.4	0.027	139	0
CKT-1088	2025-10-21T07:00:00Z	91.5	14.5	3.9	0.032	150	0
CKT-1088	2025-10-21T08:00:00Z	92.9	13.6	4.6	0.008	154	0
CKT-1088	2025-10-21T09:00:00Z	92.6	14.2	4.7	0.013	157	0
CKT-1088	2025-10-21T10:00:00Z	92.4	13.3	4.5	0.012	155	0
CKT-1088	2025-10-21T11:00:00Z	97.8	13.2	4.5	0.018	166	0
CKT-1089	2025-10-19T12:00:00Z	33.7	3.1	8.2	0.122	0	0
CKT-1089	2025-10-19T13:00:00Z	35.8	1.9	7.9	0.094	0	0
CKT-1089	2025-10-19T14:00:00Z	34.3	2.1	6.5	0.085	4	0
CKT-1089	2025-10-19T15:00:00Z	33.6	2	7	0.094	0	0
CKT-1089	2025-10-19T16:00:00Z	32.8	1.4	7.7	0.098	1	0
CKT-1089	2025-10-19T17:00:00Z	36.2	2	7.8	0.098	0	0
CKT-1089	2025-10-19T18:00:00Z	31.5	1.9	5.8	0.1	1	0
CKT-1089	2025-10-19T19:00:00Z	32.7	1.7	6.5	0.124	0	0
CKT-1089	2025-10-19T20:00:00Z	31.5	2.1	7.1	0.091	0	0
CKT-1089	2025-10-19T21:00:00Z	32.9	2.6	7.2	0.099	4	0
CKT-1089	2025-10-19T22:00:00Z	32.9	2	7	0.114	0	0
CKT-1089	2025-10-19T23:00:00Z	31.1	2.3	7.6	0.082	0	0
CKT-1089	2025-10-20T00:00:00Z	32.1	2.3	6.9	0.172	0	0
CKT-1089	2025-10-20T01:00:00Z	35	2.7	7	0.108	0	0
CKT-1089	2025-10-20T02:00:00Z	32.7	2.4	6.3	0.106	0	0
CKT-1089	2025-10-20T03:00:00Z	30	2.3	7.2	0.098	5	0
CKT-1089	2025-10-20T04:00:00Z	30.2	1.8	6.5	0.115	0	0
CKT-1089	2025-10-20T05:00:00Z	32.4	1.5	6.5	0.142	0	0
CKT-1089	2025-10-20T06:00:00Z	35.9	1.4	6.6	0.128	0	0
CKT-1089	2025-10-20T07:00:00Z	34.5	2.1	6.3	0.146	0	0
CKT-1089	2025-10-20T08:00:00Z	31.5	2.1	6.7	0.127	0	0
CKT-1089	2025-10-20T09:00:00Z	32	2.4	6.4	0.104	0	0
CKT-1089	2025-10-20T10:00:00Z	34.6	1.3	6.4	0.151	2	0
CKT-1089	2025-10-20T11:00:00Z	31.1	1.2	7.1	0.105	0	0
CKT-1089	2025-10-20T12:00:00Z	32.8	1.6	6.4	0.098	0	0
CKT-1089	2025-10-20T13:00:00Z	33.2	2.2	5.8	0.109	1	0
CKT-1089	2025-10-20T14:00:00Z	30.2	2.5	6.1	0.117	0	0
CKT-1089	2025-10-20T15:00:00Z	31.1	1	6.2	0.117	1	0
CKT-1089	2025-10-20T16:00:00Z	32.8	2.3	6	0.157	6	0
CKT-1089	2025-10-20T17:00:00Z	32.4	2	5.6	0.117	6	0
CKT-1089	2025-10-20T18:00:00Z	32.8	2.2	5.5	0.171	0	0
CKT-1089	2025-10-20T19:00:00Z	30.7	1.4	6.5	0.118	0	0
CKT-1089	2025-10-20T20:00:00Z	36.2	2.3	5.3	0.121	0	0
CKT-1089	2025-10-20T21:00:00Z	31.9	2.2	6.4	0.106	0	0
CKT-1089	2025-10-20T22:00:00Z	31.6	3.4	6	0.153	0	0
CKT-1089	2025-10-20T23:00:00Z	28.5	1.8	5.4	0.142	0	0
CKT-1089	2025-10-21T00:00:00Z	30.5	1.2	6.1	0.132	0	0
CKT-1089	2025-10-21T01:00:00Z	31.6	2.2	4.9	0.171	0	0
CKT-1089	2025-10-21T02:00:00Z	31.3	2.7	4.8	0.168	5	0
CKT-1089	2025-10-21T03:00:00Z	32	1.7	6.3	0.155	1	0
CKT-1089	2025-10-21T04:00:00Z	31	1.9	5.7	0.151	0	0
CKT-1089	2025-10-21T05:00:00Z	32.2	1.1	5.5	0.159	4	0
CKT-1089	2025-10-21T06:00:00Z	30	1.4	4.9	0.131	5	0
CKT-1089	2025-10-21T07:00:00Z	28.9	2.4	5.2	0.158	1	0
CKT-1089	2025-10-21T08:00:00Z	31.8	1.5	5.1	0.179	0	0
CKT-1089	2025-10-21T09:00:00Z	31.8	1	3.9	0.177	0	0
CKT-1089	2025-10-21T10:00:00Z	29.9	1.7	4.7	0.148	0	0
CKT-1089	2025-10-21T11:00:00Z	28.2	2.2	4.6	0.189	0	0
CKT-1090	2025-10-19T12:00:00Z	47.6	3.7	11.6	0	51	0
CKT-1090	2025-10-19T13:00:00Z	47	3.3	11.9	0	52	0
CKT-1090	2025-10-19T14:00:00Z	47.2	4.7	12.4	0.011	52	0
CKT-1090	2025-10-19T15:00:00Z	47	3.7	12.1	0	61	0
CKT-1090	2025-10-19T16:00:00Z	48.3	4.5	11.1	0	46	0
CKT-1090	2025-10-19T17:00:00Z	50.4	4.1	12.2	0	59	0
CKT-1090	2025-10-19T18:00:00Z	48.5	4.1	11.9	0.006	60	0
CKT-1090	2025-10-19T19:00:00Z	53.3	5.2	11.1	0	56	0
CKT-1090	2025-10-19T20:00:00Z	51.1	4	12.3	0	52	0
CKT-1090	2025-10-19T21:00:00Z	52.5	4.2	11.5	0.01	55	0
CKT-1090	2025-10-19T22:00:00Z	49	3.3	11.7	0	67	0
CKT-1090	2025-10-19T23:00:00Z	50.2	4.6	12.1	0.026	58	0
CKT-1090	2025-10-20T00:00:00Z	48.5	4.4	12	0.011	63	0
CKT-1090	2025-10-20T01:00:00Z	51.6	5	11.8	0	61	0
CKT-1090	2025-10-20T02:00:00Z	48.5	4.7	12.6	0	62	0
CKT-1090	2025-10-20T03:00:00Z	47.7	4.3	12.1	0.034	69	0
CKT-1090	2025-10-20T04:00:00Z	51	3.3	11.9	0.04	65	0
CKT-1090	2025-10-20T05:00:00Z	47.7	4.7	11.9	0.044	68	0
CKT-1090	2025-10-20T06:00:00Z	49.8	5	11.6	0.054	66	0
CKT-1090	2025-10-20T07:00:00Z	50.6	4.3	12	0.012	69	0
CKT-1090	2025-10-20T08:00:00Z	48.9	5.4	12	0.053	77	0
CKT-1090	2025-10-20T09:00:00Z	51.1	4.1	12.4	0.043	73	0
CKT-1090	2025-10-20T10:00:00Z	48.3	3.1	13.1	0	74	0
CKT-1090	2025-10-20T11:00:00Z	50.4	4.3	11.8	0.043	76	0
CKT-1090	2025-10-20T12:00:00Z	55	4.3	13	0.008	81	0
CKT-1090	2025-10-20T13:00:00Z	51.3	4.3	12.5	0.075	78	0
CKT-1090	2025-10-20T14:00:00Z	49.9	3.8	12.8	0.052	70	0
CKT-1090	2025-10-20T15:00:00Z	52	3.5	12.6	0.029	77	0
CKT-1090	2025-10-20T16:00:00Z	50.5	5.1	12.6	0.072	94	0
CKT-1090	2025-10-20T17:00:00Z	51.5	5.1	12.1	0.075	76	0
CKT-1090	2025-10-20T18:00:00Z	51.5	4.5	12.8	0.026	77	0
CKT-1090	2025-10-20T19:00:00Z	52.5	4	11.8	0.052	82	0
CKT-1090	2025-10-20T20:00:00Z	52	4.5	12.7	0.041	81	0
CKT-1090	2025-10-20T21:00:00Z	53.2	3.9	12.3	0.028	84	0
CKT-1090	2025-10-20T22:00:00Z	52.4	3	12	0.032	89	0
CKT-1090	2025-10-20T23:00:00Z	49.1	4.1	12.9	0.067	84	0
CKT-1090	2025-10-21T00:00:00Z	52.6	4.8	12.5	0.02	93	0
CKT-1090	2025-10-21T01:00:00Z	52.8	4.2	11.6	0.061	84	0
CKT-1090	2025-10-21T02:00:00Z	50.5	4.1	12.4	0.06	93	0
CKT-1090	2025-10-21T03:00:00Z	52.8	3.9	12.3	0.063	89	0
CKT-1090	2025-10-21T04:00:00Z	53.4	3.6	13.4	0.086	78	0
CKT-1090	2025-10-21T05:00:00Z	52.8	4.8	12.9	0.068	92	0
CKT-1090	2025-10-21T06:00:00Z	53	4.6	12	0.066	102	0
CKT-1090	2025-10-21T07:00:00Z	52.9	5.1	14.2	0.071	89	0
CKT-1090	2025-10-21T08:00:00Z	52.5	4.8	13.4	0.128	95	0
CKT-1090	2025-10-21T09:00:00Z	53.8	3.8	11.5	0.084	91	0
CKT-1090	2025-10-21T10:00:00Z	54.1	3.1	12.4	0.093	99	0
CKT-1090	2025-10-21T11:00:00Z	53.2	5.3	13.6	0.076	107	0
CKT-1091	2025-10-19T12:00:00Z	20	10.7	0	0.343	152	0
CKT-1091	2025-10-19T13:00:00Z	23.1	11.3	0	0.347	161	0
CKT-1091	2025-10-19T14:00:00Z	20	10.5	0	0.336	163	0
CKT-1091	2025-10-19T15:00:00Z	22.5	12.2	0	0.32	155	0
CKT-1091	2025-10-19T16:00:00Z	21.5	11.9	0	0.323	162	0
CKT-1091	2025-10-19T17:00:00Z	22.5	11.8	0.9	0.337	162	0
CKT-1091	2025-10-19T18:00:00Z	26.9	11.4	0	0.356	162	0
CKT-1091	2025-10-19T19:00:00Z	23.6	10.9	0.7	0.335	162	0
CKT-1091	2025-10-19T20:00:00Z	24.3	12.3	0	0.325	161	0
CKT-1091	2025-10-19T21:00:00Z	22.6	11.2	0.7	0.309	159	0
CKT-1091	2025-10-19T22:00:00Z	26.4	11.2	0	0.342	152	0
CKT-1091	2025-10-19T23:00:00Z	25	11	0	0.358	164	0
CKT-1091	2025-10-20T00:00:00Z	25.7	12	0.8	0.34	158	0
CKT-1091	2025-10-20T01:00:00Z	24.9	10.3	0.2	0.332	159	0
CKT-1091	2025-10-20T02:00:00Z	23.5	11.3	0	0.369	155	0
CKT-1091	2025-10-20T03:00:00Z	25.4	11.9	0	0.36	156	0
CKT-1091	2025-10-20T04:00:00Z	27.2	11.8	0.5	0.351	163	0
CKT-1091	2025-10-20T05:00:00Z	25.4	10.7	0	0.383	151	0
CKT-1091	2025-10-20T06:00:00Z	28.4	11.1	0	0.387	152	0
CKT-1091	2025-10-20T07:00:00Z	30.8	11.1	0.2	0.398	157	0
CKT-1091	2025-10-20T08:00:00Z	29.5	10	0	0.377	162	0
CKT-1091	2025-10-20T09:00:00Z	29.2	11.6	0.7	0.381	146	0
CKT-1091	2025-10-20T10:00:00Z	30.5	10.7	0.3	0.377	157	0
CKT-1091	2025-10-20T11:00:00Z	27	10	0	0.392	149	0
CKT-1091	2025-10-20T12:00:00Z	27.7	11.4	0	0.367	157	0
CKT-1091	2025-10-20T13:00:00Z	29.7	10.5	0.3	0.388	150	0
CKT-1091	2025-10-20T14:00:00Z	29.9	10.7	0.3	0.397	156	0
CKT-1091	2025-10-20T15:00:00Z	31.3	11.6	0.7	0.393	162	0
CKT-1091	2025-10-20T16:00:00Z	30.8	10.2	0	0.383	156	0
CKT-1091	2025-10-20T17:00:00Z	31.1	10.7	1.3	0.387	156	0
CKT-1091	2025-10-20T18:00:00Z	29.9	10.6	0.3	0.392	156	0
CKT-1091	2025-10-20T19:00:00Z	33.7	11.1	0.3	0.41	156	0
CKT-1091	2025-10-20T20:00:00Z	32.3	10.4	0	0.398	155	0
CKT-1091	2025-10-20T21:00:00Z	30.6	11.2	0.5	0.384	154	0
CKT-1091	2025-10-20T22:00:00Z	32.4	10.6	0.1	0.411	156	0
CKT-1091	2025-10-20T23:00:00Z	31.7	10.6	0	0.4	167	0
CKT-1091	2025-10-21T00:00:00Z	33.6	10.4	0.8	0.39	156	0
CKT-1091	2025-10-21T01:00:00Z	32.2	12.4	0	0.413	153	0
CKT-1091	2025-10-21T02:00:00Z	34.5	11.4	1.1	0.424	153	0
CKT-1091	2025-10-21T03:00:00Z	38.1	11.5	0.2	0.415	160	0
CKT-1091	2025-10-21T04:00:00Z	34.9	11.5	1	0.431	152	0
CKT-1091	2025-10-21T05:00:00Z	37.5	12.4	1	0.417	157	0
CKT-1091	2025-10-21T06:00:00Z	34.1	11.1	0	0.449	162	0
CKT-1091	2025-10-21T07:00:00Z	32.4	11.7	0.6	0.416	159	0
CKT-1091	2025-10-21T08:00:00Z	32.6	11.2	0.7	0.424	150	0
CKT-1091	2025-10-21T09:00:00Z	36.2	11.8	0.8	0.42	170	0
CKT-1091	2025-10-21T10:00:00Z	34.5	11.6	0.8	0.467	158	0
CKT-1091	2025-10-21T11:00:00Z	37.1	11.5	0.1	0.412	155	0
CKT-1092	2025-10-19T12:00:00Z	53.9	3.4	9.6	0	99	0
CKT-1092	2025-10-19T13:00:00Z	53.2	3.6	9.9	0	101	0
CKT-1092	2025-10-19T14:00:00Z	53.4	3.4	8.9	0	114	0
CKT-1092	2025-10-19T15:00:00Z	53.4	4.9	9.5	0	114	0
CKT-1092	2025-10-19T16:00:00Z	54	4.2	8.7	0	118	0
CKT-1092	2025-10-19T17:00:00Z	55.4	3.6	9.6	0	114	0
CKT-1092	2025-10-19T18:00:00Z	54.9	4.2	9.4	0	125	0
CKT-1092	2025-10-19T19:00:00Z	55.7	4.5	8.4	0	127	0
CKT-1092	2025-10-19T20:00:00Z	56	3.8	9.3	0	142	0
CKT-1092	2025-10-19T21:00:00Z	55.3	2.6	10.2	0.002	144	0
CKT-1092	2025-10-19T22:00:00Z	54.8	4	10.5	0	147	0
CKT-1092	2025-10-19T23:00:00Z	54.6	3	9	0	150	0
CKT-1092	2025-10-20T00:00:00Z	57.1	2.9	9.5	0	157	0
CKT-1092	2025-10-20T01:00:00Z	54.5	3.5	9.5	0	153	0
CKT-1092	2025-10-20T02:00:00Z	58.2	3.2	9.8	0	160	0
CKT-1092	2025-10-20T03:00:00Z	57	4.2	10	0	167	0
CKT-1092	2025-10-20T04:00:00Z	56.3	3.6	10.2	0	185	0
CKT-1092	2025-10-20T05:00:00Z	57.3	3.5	9	0	189	0
CKT-1092	2025-10-20T06:00:00Z	57.1	3.9	10.6	0	189	0
CKT-1092	2025-10-20T07:00:00Z	61.3	3.6	10.4	0	194	0
CKT-1092	2025-10-20T08:00:00Z	60.1	2.6	9.5	0.008	195	0
CKT-1092	2025-10-20T09:00:00Z	61.3	3.6	10.1	0	203	0
CKT-1092	2025-10-20T10:00:00Z	61.2	3.7	9.9	0.023	210	0
CKT-1092	2025-10-20T11:00:00Z	60.9	3.5	10.4	0	213	0
CKT-1092	2025-10-20T12:00:00Z	63.1	3.5	10.3	0	219	0
CKT-1092	2025-10-20T13:00:00Z	60.7	4.2	9.8	0	218	0
CKT-1092	2025-10-20T14:00:00Z	64.1	3.3	10	0	222	0
CKT-1092	2025-10-20T15:00:00Z	62.5	3.7	10	0	241	0
CKT-1092	2025-10-20T16:00:00Z	66.1	4.1	11.2	0.039	248	0
CKT-1092	2025-10-20T17:00:00Z	62	2.9	11.4	0	236	0
CKT-1092	2025-10-20T18:00:00Z	61.2	3.3	9.5	0	243	0
CKT-1092	2025-10-20T19:00:00Z	61.3	4.1	10.6	0.018	254	0
CKT-1092	2025-10-20T20:00:00Z	63.1	4	10.8	0.001	248	0
CKT-1092	2025-10-20T21:00:00Z	64.6	2.7	10.8	0.01	255	0
CKT-1092	2025-10-20T22:00:00Z	64.5	3.5	10.8	0.013	263	0
CKT-1092	2025-10-20T23:00:00Z	65.4	3	10.2	0.024	276	0
CKT-1092	2025-10-21T00:00:00Z	65.7	3.3	9.8	0.041	267	0
CKT-1092	2025-10-21T01:00:00Z	66	4.7	10.9	0.018	283	0
CKT-1092	2025-10-21T02:00:00Z	65.8	4.8	10.5	0	285	0
CKT-1092	2025-10-21T03:00:00Z	68.5	3.1	11.2	0.036	295	0
CKT-1092	2025-10-21T04:00:00Z	67.7	4.3	11.1	0.006	297	0
CKT-1092	2025-10-21T05:00:00Z	66	4.9	10.8	0.026	294	0
CKT-1092	2025-10-21T06:00:00Z	67.1	3.2	11.4	0.031	314	0
CKT-1092	2025-10-21T07:00:00Z	69.2	3.4	10.7	0.002	313	0
CKT-1092	2025-10-21T08:00:00Z	67.8	3.6	10.9	0.048	309	0
CKT-1092	2025-10-21T09:00:00Z	67	2.8	11.1	0.045	320	0
CKT-1092	2025-10-21T10:00:00Z	68.4	3.8	11.1	0.029	328	0
CKT-1092	2025-10-21T11:00:00Z	66.9	3.1	11.5	0.048	338	0
CKT-1093	2025-10-19T12:00:00Z	49.3	12.9	11	0.501	49	0
CKT-1093	2025-10-19T13:00:00Z	47.5	15.1	11	0.446	48	0
CKT-1093	2025-10-19T14:00:00Z	45.7	13.5	11.6	0.484	48	0
CKT-1093	2025-10-19T15:00:00Z	47	14.5	10.5	0.528	43	0
CKT-1093	2025-10-19T16:00:00Z	51.4	13.5	12.4	0.49	37	0
CKT-1093	2025-10-19T17:00:00Z	49.6	14.7	11.9	0.541	50	0
CKT-1093	2025-10-19T18:00:00Z	48.6	14.4	11.6	0.511	46	0
CKT-1093	2025-10-19T19:00:00Z	50.2	14.8	11.4	0.522	42	0
CKT-1093	2025-10-19T20:00:00Z	53.4	13.6	12.3	0.521	48	0
CKT-1093	2025-10-19T21:00:00Z	51.4	14.7	12.3	0.551	43	0
CKT-1093	2025-10-19T22:00:00Z	53.8	13.6	10.7	0.52	37	0
CKT-1093	2025-10-19T23:00:00Z	52.6	15.3	10.9	0.549	46	0
CKT-1093	2025-10-20T00:00:00Z	54.4	13.5	12.3	0.568	59	0
CKT-1093	2025-10-20T01:00:00Z	52.6	14.2	12.1	0.573	50	0
CKT-1093	2025-10-20T02:00:00Z	51	12.8	12	0.605	43	0
CKT-1093	2025-10-20T03:00:00Z	53.4	13.2	12.7	0.61	46	0
CKT-1093	2025-10-20T04:00:00Z	53.8	13.1	11.6	0.602	48	0
CKT-1093	2025-10-20T05:00:00Z	54.7	13.7	12.7	0.641	45	0
CKT-1093	2025-10-20T06:00:00Z	54.7	13.8	12.3	0.624	54	0
CKT-1093	2025-10-20T07:00:00Z	56	14.5	12.2	0.611	47	0
CKT-1093	2025-10-20T08:00:00Z	56.8	15	11.3	0.685	48	0
CKT-1093	2025-10-20T09:00:00Z	56.7	12.9	12.5	0.661	40	0
CKT-1093	2025-10-20T10:00:00Z	51.4	14.2	12.6	0.681	45	0
CKT-1093	2025-10-20T11:00:00Z	55.9	14.4	13.2	0.646	50	0
CKT-1093	2025-10-20T12:00:00Z	55.6	14	13.1	0.685	47	0
CKT-1093	2025-10-20T13:00:00Z	55.2	12.8	12.8	0.696	48	0
CKT-1093	2025-10-20T14:00:00Z	57.5	14	13.1	0.664	49	0
CKT-1093	2025-10-20T15:00:00Z	58.8	13.7	13.2	0.658	46	0
CKT-1093	2025-10-20T16:00:00Z	57.7	14.7	13	0.717	44	0
CKT-1093	2025-10-20T17:00:00Z	54.8	13.8	13.2	0.711	46	0
CKT-1093	2025-10-20T18:00:00Z	57.9	13.8	12.6	0.676	45	0
CKT-1093	2025-10-20T19:00:00Z	57.9	14.6	12.2	0.73	56	0
CKT-1093	2025-10-20T20:00:00Z	59.1	14	13.5	0.742	43	0
CKT-1093	2025-10-20T21:00:00Z	58.2	14.4	12.4	0.756	44	0
CKT-1093	2025-10-20T22:00:00Z	60.1	13.6	14.2	0.752	44	0
CKT-1093	2025-10-20T23:00:00Z	59.9	13.9	14.7	0.729	51	0
CKT-1093	2025-10-21T00:00:00Z	61.7	14.9	13.9	0.763	51	0
CKT-1093	2025-10-21T01:00:00Z	61.5	14.4	14.4	0.773	43	0
CKT-1093	2025-10-21T02:00:00Z	60.6	14.2	13.3	0.772	41	0
CKT-1093	2025-10-21T03:00:00Z	62.7	13.5	13.2	0.765	43	0
CKT-1093	2025-10-21T04:00:00Z	61.5	14.1	13.8	0.802	48	0
CKT-1093	2025-10-21T05:00:00Z	63.7	12.8	13.4	0.814	47	1
CKT-1093	2025-10-21T06:00:00Z	64.5	13	13.8	0.805	46	1
CKT-1093	2025-10-21T07:00:00Z	63.4	14.2	14	0.846	54	1
CKT-1093	2025-10-21T08:00:00Z	62	14	14.6	0.839	43	1
CKT-1093	2025-10-21T09:00:00Z	64.5	13	14.2	0.806	48	1
CKT-1093	2025-10-21T10:00:00Z	62.8	14.1	14.5	0.844	42	1
CKT-1093	2025-10-21T11:00:00Z	64.5	14.7	14.2	0.851	43	1
CKT-1094	2025-10-19T12:00:00Z	31.3	14.8	19.5	0.49	16	0
CKT-1094	2025-10-19T13:00:00Z	28.8	14.3	20	0.483	22	0
CKT-1094	2025-10-19T14:00:00Z	27.3	13.6	19.7	0.52	19	0
CKT-1094	2025-10-19T15:00:00Z	30.6	13.6	19.8	0.505	19	0
CKT-1094	2025-10-19T16:00:00Z	29.7	13	20.8	0.502	17	0
CKT-1094	2025-10-19T17:00:00Z	31.4	12.7	20.8	0.533	17	0
CKT-1094	2025-10-19T18:00:00Z	29.2	14.8	21.8	0.554	32	0
CKT-1094	2025-10-19T19:00:00Z	29	13.1	20.9	0.555	14	0
CKT-1094	2025-10-19T20:00:00Z	28.9	13.5	21.2	0.549	21	0
CKT-1094	2025-10-19T21:00:00Z	30.7	13.3	21	0.526	25	0
CKT-1094	2025-10-19T22:00:00Z	29.5	14.4	21.3	0.553	35	0
CKT-1094	2025-10-19T23:00:00Z	31.4	13.8	21.2	0.54	27	0
CKT-1094	2025-10-20T00:00:00Z	31.5	12.9	20.9	0.559	23	0
CKT-1094	2025-10-20T01:00:00Z	31.3	14.1	21.6	0.587	27	0
CKT-1094	2025-10-20T02:00:00Z	31.4	13.4	22	0.583	25	0
CKT-1094	2025-10-20T03:00:00Z	31.4	14	22.1	0.595	28	0
CKT-1094	2025-10-20T04:00:00Z	33	14.3	21.7	0.571	29	0
CKT-1094	2025-10-20T05:00:00Z	29.9	14.2	22.8	0.629	28	0
CKT-1094	2025-10-20T06:00:00Z	33.5	14.1	21.1	0.6	32	0
CKT-1094	2025-10-20T07:00:00Z	34.3	13.5	22.7	0.611	28	0
CKT-1094	2025-10-20T08:00:00Z	31.9	15	22.5	0.637	41	0
CKT-1094	2025-10-20T09:00:00Z	32.2	13.3	22.1	0.654	38	0
CKT-1094	2025-10-20T10:00:00Z	30.5	14.5	21.9	0.615	39	0
CKT-1094	2025-10-20T11:00:00Z	37.1	14.5	22.7	0.638	44	0
CKT-1094	2025-10-20T12:00:00Z	35.6	13.9	23	0.627	44	0
CKT-1094	2025-10-20T13:00:00Z	35.2	12.9	23	0.626	42	0
CKT-1094	2025-10-20T14:00:00Z	32	13.2	23.9	0.653	42	0
CKT-1094	2025-10-20T15:00:00Z	34.8	14.6	23.3	0.654	42	0
CKT-1094	2025-10-20T16:00:00Z	35.9	14	23.4	0.676	54	0
CKT-1094	2025-10-20T17:00:00Z	34.6	13.9	24.7	0.701	51	0
CKT-1094	2025-10-20T18:00:00Z	34	13.7	22.9	0.7	47	0
CKT-1094	2025-10-20T19:00:00Z	32.2	14.8	23.8	0.683	40	0
CKT-1094	2025-10-20T20:00:00Z	35.9	14.3	24.1	0.685	62	0
CKT-1094	2025-10-20T21:00:00Z	33.5	13.6	24.6	0.679	44	0
CKT-1094	2025-10-20T22:00:00Z	37.2	14.4	24.6	0.709	47	0
CKT-1094	2025-10-20T23:00:00Z	35.3	14	24.9	0.72	47	0
CKT-1094	2025-10-21T00:00:00Z	37.1	13	24.4	0.695	48	0
CKT-1094	2025-10-21T01:00:00Z	39	13.2	24.3	0.734	51	0
CKT-1094	2025-10-21T02:00:00Z	36.6	14.9	25.2	0.721	54	0
CKT-1094	2025-10-21T03:00:00Z	37.3	14.4	25	0.744	57	0
CKT-1094	2025-10-21T04:00:00Z	36.6	13.7	25.5	0.748	46	0
CKT-1094	2025-10-21T05:00:00Z	35.7	13.7	25.1	0.773	74	1
CKT-1094	2025-10-21T06:00:00Z	33.5	14.2	25.4	0.751	61	1
CKT-1094	2025-10-21T07:00:00Z	37.6	13.8	25.5	0.772	62	1
CKT-1094	2025-10-21T08:00:00Z	37.8	13.7	27	0.775	64	1
CKT-1094	2025-10-21T09:00:00Z	37	14.1	25.8	0.735	58	1
CKT-1094	2025-10-21T10:00:00Z	36.9	13.7	25.3	0.781	69	1
CKT-1094	2025-10-21T11:00:00Z	38.4	13.3	25.5	0.778	56	1
CKT-1095	2025-10-19T12:00:00Z	69.5	12.5	7.8	0.43	112	0
CKT-1095	2025-10-19T13:00:00Z	71.2	13	6.8	0.429	114	0
CKT-1095	2025-10-19T14:00:00Z	73.2	13.5	7.2	0.411	102	0
CKT-1095	2025-10-19T15:00:00Z	72.7	12.6	7.7	0.403	105	0
CKT-1095	2025-10-19T16:00:00Z	73.5	12.4	7.2	0.374	106	0
CKT-1095	2025-10-19T17:00:00Z	71.1	12	7.7	0.408	106	0
CKT-1095	2025-10-19T18:00:00Z	76.7	11.7	8.7	0.407	107	0
CKT-1095	2025-10-19T19:00:00Z	74.6	12.2	7.8	0.445	101	0
CKT-1095	2025-10-19T20:00:00Z	73.6	12.6	9	0.401	126	0
CKT-1095	2025-10-19T21:00:00Z	75.3	11.1	7.7	0.412	108	0
CKT-1095	2025-10-19T22:00:00Z	75.2	12.2	8	0.388	119	0
CKT-1095	2025-10-19T23:00:00Z	71.6	13.1	9.3	0.399	108	0
CKT-1095	2025-10-20T00:00:00Z	75.7	12.2	8.1	0.443	112	0
CKT-1095	2025-10-20T01:00:00Z	72.9	12.6	9	0.434	116	0
CKT-1095	2025-10-20T02:00:00Z	74.8	12.7	9.3	0.408	120	0
CKT-1095	2025-10-20T03:00:00Z	75.9	12.2	9.7	0.395	124	0
CKT-1095	2025-10-20T04:00:00Z	78	12.1	10.6	0.387	117	0
CKT-1095	2025-10-20T05:00:00Z	76.9	12.7	9.6	0.417	123	0
CKT-1095	2025-10-20T06:00:00Z	79.5	12.4	9.3	0.389	125	0
CKT-1095	2025-10-20T07:00:00Z	77.4	12.6	9.4	0.421	133	0
CKT-1095	2025-10-20T08:00:00Z	76.9	13.6	10.4	0.442	127	0
CKT-1095	2025-10-20T09:00:00Z	77.3	13	9.9	0.405	132	0
CKT-1095	2025-10-20T10:00:00Z	78.6	12.5	10.4	0.411	130	0
CKT-1095	2025-10-20T11:00:00Z	78.7	12.7	10	0.382	130	0
CKT-1095	2025-10-20T12:00:00Z	79.1	12.9	10.2	0.391	123	0
CKT-1095	2025-10-20T13:00:00Z	76	12.5	11.4	0.396	139	0
CKT-1095	2025-10-20T14:00:00Z	78.1	12.5	10.3	0.386	125	0
CKT-1095	2025-10-20T15:00:00Z	76.3	11.8	11	0.377	129	0
CKT-1095	2025-10-20T16:00:00Z	79.5	11.5	11.1	0.408	137	0
CKT-1095	2025-10-20T17:00:00Z	79.9	12.4	10.9	0.388	142	0
CKT-1095	2025-10-20T18:00:00Z	79.7	12.4	11.7	0.39	136	0
CKT-1095	2025-10-20T19:00:00Z	79.2	12.2	12	0.349	138	0
CKT-1095	2025-10-20T20:00:00Z	79.1	11.3	11.2	0.387	137	0
CKT-1095	2025-10-20T21:00:00Z	81.2	13	11	0.394	141	0
CKT-1095	2025-10-20T22:00:00Z	80.6	12.8	11	0.366	145	0
CKT-1095	2025-10-20T23:00:00Z	80.1	13.8	11.4	0.416	136	0
CKT-1095	2025-10-21T00:00:00Z	82.1	12.3	12.3	0.396	137	0
CKT-1095	2025-10-21T01:00:00Z	82.3	12.3	12.4	0.33	140	0
CKT-1095	2025-10-21T02:00:00Z	83.2	12.9	12.9	0.383	151	0
CKT-1095	2025-10-21T03:00:00Z	82	12.1	13	0.4	147	0
CKT-1095	2025-10-21T04:00:00Z	81.2	12.6	13.4	0.39	137	0
CKT-1095	2025-10-21T05:00:00Z	81.1	12.1	12.5	0.337	155	0
CKT-1095	2025-10-21T06:00:00Z	81	12	12.1	0.396	146	0
CKT-1095	2025-10-21T07:00:00Z	82	12.3	13.5	0.368	138	0
CKT-1095	2025-10-21T08:00:00Z	80.8	11.7	13.4	0.395	156	0
CKT-1095	2025-10-21T09:00:00Z	80.6	12.8	13.1	0.434	156	0
CKT-1095	2025-10-21T10:00:00Z	85.8	13	13.8	0.367	148	0
CKT-1095	2025-10-21T11:00:00Z	82.3	12.8	14.5	0.367	148	0
CKT-1096	2025-10-19T12:00:00Z	39.8	21.8	15	0.248	42	0
CKT-1096	2025-10-19T13:00:00Z	40.4	21.5	16.5	0.275	48	0
CKT-1096	2025-10-19T14:00:00Z	38.7	20.7	17.1	0.32	38	0
CKT-1096	2025-10-19T15:00:00Z	39.9	20.8	16.2	0.323	57	0
CKT-1096	2025-10-19T16:00:00Z	39.8	21.4	16.5	0.313	42	0
CKT-1096	2025-10-19T17:00:00Z	41.1	21.1	16.5	0.31	63	0
CKT-1096	2025-10-19T18:00:00Z	39.6	20.1	15.8	0.359	60	0
CKT-1096	2025-10-19T19:00:00Z	38.5	21	16.9	0.365	56	0
CKT-1096	2025-10-19T20:00:00Z	40.5	21.3	17	0.361	56	0
CKT-1096	2025-10-19T21:00:00Z	39	21.3	17.4	0.406	63	0
CKT-1096	2025-10-19T22:00:00Z	37.5	20.8	17	0.433	66	0
CKT-1096	2025-10-19T23:00:00Z	37.9	22	17.9	0.409	79	0
CKT-1096	2025-10-20T00:00:00Z	36.7	20.5	17.1	0.441	78	0
CKT-1096	2025-10-20T01:00:00Z	38.3	21.1	17.2	0.466	78	0
CKT-1096	2025-10-20T02:00:00Z	35.9	21.1	17.6	0.461	78	0
CKT-1096	2025-10-20T03:00:00Z	37.2	20.6	18.6	0.533	70	0
CKT-1096	2025-10-20T04:00:00Z	38.4	21.3	17.7	0.526	95	0
CKT-1096	2025-10-20T05:00:00Z	35.4	20.8	18.9	0.499	89	0
CKT-1096	2025-10-20T06:00:00Z	36.7	21.4	18.7	0.543	93	0
CKT-1096	2025-10-20T07:00:00Z	34.6	21.6	18.1	0.553	100	0
CKT-1096	2025-10-20T08:00:00Z	37.3	21.4	18.7	0.576	100	0
CKT-1096	2025-10-20T09:00:00Z	35.1	20.7	19.1	0.57	98	0
CKT-1096	2025-10-20T10:00:00Z	35.3	20.9	19.4	0.615	94	0
CKT-1096	2025-10-20T11:00:00Z	37.4	20.5	19	0.617	103	0
CKT-1096	2025-10-20T12:00:00Z	36.2	20.5	19.1	0.619	105	0
CKT-1096	2025-10-20T13:00:00Z	37.2	21.4	19.4	0.64	110	0
CKT-1096	2025-10-20T14:00:00Z	34.9	21.3	18.8	0.686	120	0
CKT-1096	2025-10-20T15:00:00Z	37.6	21.4	19.6	0.656	123	0
CKT-1096	2025-10-20T16:00:00Z	35.8	20.5	20.2	0.698	120	0
CKT-1096	2025-10-20T17:00:00Z	37.1	20.5	19.3	0.695	121	0
CKT-1096	2025-10-20T18:00:00Z	34.2	21.1	19.3	0.696	130	0
CKT-1096	2025-10-20T19:00:00Z	34.1	20.8	20.5	0.751	139	0
CKT-1096	2025-10-20T20:00:00Z	34.8	21.4	19.8	0.768	130	0
CKT-1096	2025-10-20T21:00:00Z	33.5	20.6	19.5	0.785	136	0
CKT-1096	2025-10-20T22:00:00Z	34.9	20	20.7	0.832	148	0
CKT-1096	2025-10-20T23:00:00Z	37.3	20.8	20.3	0.824	142	0
CKT-1096	2025-10-21T00:00:00Z	31.6	21.3	20.5	0.801	144	0
CKT-1096	2025-10-21T01:00:00Z	33.7	20.8	20.8	0.874	143	0
CKT-1096	2025-10-21T02:00:00Z	33.6	20.2	21.5	0.851	151	0
CKT-1096	2025-10-21T03:00:00Z	35.3	21.6	21.8	0.846	158	0
CKT-1096	2025-10-21T04:00:00Z	33.9	20.7	21.2	0.921	164	0
CKT-1096	2025-10-21T05:00:00Z	34.7	20.9	22.4	0.903	153	1
CKT-1096	2025-10-21T06:00:00Z	32.8	20.8	22.1	0.917	167	1
CKT-1096	2025-10-21T07:00:00Z	30.8	21.4	21.6	0.938	178	1
CKT-1096	2025-10-21T08:00:00Z	34.4	20.1	21.7	1.014	180	1
CKT-1096	2025-10-21T09:00:00Z	34.1	19.7	22.5	0.963	180	1
CKT-1096	2025-10-21T10:00:00Z	31.4	21.1	21.7	0.984	180	1
CKT-1096	2025-10-21T11:00:00Z	30.3	22.2	21.6	0.986	183	1
CKT-1097	2025-10-19T12:00:00Z	23.3	2.8	10.5	0.295	123	0
CKT-1097	2025-10-19T13:00:00Z	22.7	2.6	11.2	0.265	121	0
CKT-1097	2025-10-19T14:00:00Z	24.3	2.4	11.5	0.257	116	0
CKT-1097	2025-10-19T15:00:00Z	20.6	3.1	11.3	0.308	130	0
CKT-1097	2025-10-19T16:00:00Z	24.4	2.6	10.5	0.294	131	0
CKT-1097	2025-10-19T17:00:00Z	21.8	3.8	10	0.283	123	0
CKT-1097	2025-10-19T18:00:00Z	23.3	3.1	10.5	0.281	124	0
CKT-1097	2025-10-19T19:00:00Z	25.2	4	11	0.252	118	0
CKT-1097	2025-10-19T20:00:00Z	26.6	4	11.4	0.266	128	0
CKT-1097	2025-10-19T21:00:00Z	26.2	2.7	11	0.24	123	0
CKT-1097	2025-10-19T22:00:00Z	26.9	3.7	11	0.205	120	0
CKT-1097	2025-10-19T23:00:00Z	24.9	2.9	11	0.26	121	0
CKT-1097	2025-10-20T00:00:00Z	25	3	10.6	0.289	121	0
CKT-1097	2025-10-20T01:00:00Z	21.9	4.1	10.5	0.266	120	0
CKT-1097	2025-10-20T02:00:00Z	26.4	3	11.5	0.241	120	0
CKT-1097	2025-10-20T03:00:00Z	26.1	2.8	10	0.23	138	0
CKT-1097	2025-10-20T04:00:00Z	23.3	3.2	10.9	0.275	118	0
CKT-1097	2025-10-20T05:00:00Z	26.4	3.5	10.9	0.22	123	0
CKT-1097	2025-10-20T06:00:00Z	26	2.9	11.5	0.24	126	0
CKT-1097	2025-10-20T07:00:00Z	27.2	3.6	11.6	0.223	128	0
CKT-1097	2025-10-20T08:00:00Z	25	1.7	11.9	0.218	125	0
CKT-1097	2025-10-20T09:00:00Z	25.4	2.3	10.6	0.234	121	0
CKT-1097	2025-10-20T10:00:00Z	27	2.6	11.6	0.236	121	0
CKT-1097	2025-10-20T11:00:00Z	28.7	2.9	10.8	0.214	127	0
CKT-1097	2025-10-20T12:00:00Z	26.6	3.4	12.3	0.215	124	0
CKT-1097	2025-10-20T13:00:00Z	28.1	3.3	10.2	0.242	128	0
CKT-1097	2025-10-20T14:00:00Z	27.5	3.1	10.7	0.211	124	0
CKT-1097	2025-10-20T15:00:00Z	29	2.4	10.8	0.224	121	0
CKT-1097	2025-10-20T16:00:00Z	25	3	12.2	0.215	121	0
CKT-1097	2025-10-20T17:00:00Z	29.1	3.5	10.2	0.178	125	0
CKT-1097	2025-10-20T18:00:00Z	31.8	2.8	11.8	0.176	107	0
CKT-1097	2025-10-20T19:00:00Z	30.8	3.4	11.4	0.202	124	0
CKT-1097	2025-10-20T20:00:00Z	29.5	2.9	10.8	0.177	114	0
CKT-1097	2025-10-20T21:00:00Z	28.3	3	9.9	0.141	122	0
CKT-1097	2025-10-20T22:00:00Z	30.2	2.9	9.9	0.209	116	0
CKT-1097	2025-10-20T23:00:00Z	29.4	2.3	11.7	0.183	121	0
CKT-1097	2025-10-21T00:00:00Z	30.1	3.2	10.4	0.179	121	0
CKT-1097	2025-10-21T01:00:00Z	31.9	3.3	10.8	0.127	122	0
CKT-1097	2025-10-21T02:00:00Z	29.2	3.1	10.9	0.153	117	0
CKT-1097	2025-10-21T03:00:00Z	33.4	2.8	12.3	0.162	125	0
CKT-1097	2025-10-21T04:00:00Z	31.9	3.3	11.6	0.18	115	0
CKT-1097	2025-10-21T05:00:00Z	33.4	3.3	11.1	0.189	132	0
CKT-1097	2025-10-21T06:00:00Z	33.7	2.7	10.5	0.166	130	0
CKT-1097	2025-10-21T07:00:00Z	29.5	3.7	11	0.112	126	0
CKT-1097	2025-10-21T08:00:00Z	34.2	2.8	10.6	0.179	120	0
CKT-1097	2025-10-21T09:00:00Z	34.8	2.1	11.3	0.149	128	0
CKT-1097	2025-10-21T10:00:00Z	35.6	2.6	11.4	0.11	117	0
CKT-1097	2025-10-21T11:00:00Z	32.7	3.3	11.9	0.171	122	0
CKT-1098	2025-10-19T12:00:00Z	52.7	7.4	7.2	0.071	16	0
CKT-1098	2025-10-19T13:00:00Z	53.9	7.9	6.5	0.068	9	0
CKT-1098	2025-10-19T14:00:00Z	53.1	7.2	6.6	0.073	10	0
CKT-1098	2025-10-19T15:00:00Z	51.3	8.3	7.2	0.069	4	0
CKT-1098	2025-10-19T16:00:00Z	52.6	8.2	7.7	0.108	1	0
CKT-1098	2025-10-19T17:00:00Z	53.5	6.8	7.3	0.102	14	0
CKT-1098	2025-10-19T18:00:00Z	51.2	7.5	7.5	0.063	7	0
CKT-1098	2025-10-19T19:00:00Z	54.9	7.3	7.6	0.077	13	0
CKT-1098	2025-10-19T20:00:00Z	54.4	7.7	7	0.115	13	0
CKT-1098	2025-10-19T21:00:00Z	53	7.9	7.3	0.144	0	0
CKT-1098	2025-10-19T22:00:00Z	56.2	7.9	7.8	0.112	8	0
CKT-1098	2025-10-19T23:00:00Z	53.2	8.8	8.5	0.105	10	0
CKT-1098	2025-10-20T00:00:00Z	53.9	8.1	8.8	0.117	11	0
CKT-1098	2025-10-20T01:00:00Z	55.2	8	8.3	0.141	1	0
CKT-1098	2025-10-20T02:00:00Z	53.7	7.5	8.1	0.169	9	0
CKT-1098	2025-10-20T03:00:00Z	52.6	8	8.4	0.163	3	0
CKT-1098	2025-10-20T04:00:00Z	53	8.1	8.7	0.159	2	0
CKT-1098	2025-10-20T05:00:00Z	57.5	8.1	8.6	0.147	12	0
CKT-1098	2025-10-20T06:00:00Z	55.9	8.3	8.1	0.188	10	0
CKT-1098	2025-10-20T07:00:00Z	56.6	8.1	8.7	0.168	18	0
CKT-1098	2025-10-20T08:00:00Z	54.4	7.4	8.7	0.167	13	0
CKT-1098	2025-10-20T09:00:00Z	53.3	7.8	9.1	0.208	10	0
CKT-1098	2025-10-20T10:00:00Z	57.8	8.3	9	0.206	0	0
CKT-1098	2025-10-20T11:00:00Z	52.9	8.7	9.3	0.214	2	0
CKT-1098	2025-10-20T12:00:00Z	57.5	8.5	9.3	0.205	8	0
CKT-1098	2025-10-20T13:00:00Z	54.4	7.9	9.6	0.198	0	0
CKT-1098	2025-10-20T14:00:00Z	56.2	8.6	10	0.223	11	0
CKT-1098	2025-10-20T15:00:00Z	57.3	8.2	8.5	0.241	2	0
CKT-1098	2025-10-20T16:00:00Z	54.3	7.5	10.9	0.233	1	0
CKT-1098	2025-10-20T17:00:00Z	55	8.1	10.1	0.235	2	0
CKT-1098	2025-10-20T18:00:00Z	56.6	7.8	10.4	0.237	3	0
CKT-1098	2025-10-20T19:00:00Z	57.3	8.3	9.8	0.256	10	0
CKT-1098	2025-10-20T20:00:00Z	58.1	8.5	10	0.213	7	0
CKT-1098	2025-10-20T21:00:00Z	57	8.1	8.7	0.267	2	0
CKT-1098	2025-10-20T22:00:00Z	57.6	9.1	10.2	0.268	7	0
CKT-1098	2025-10-20T23:00:00Z	57.4	8.2	10.2	0.247	14	0
CKT-1098	2025-10-21T00:00:00Z	57.4	8.6	10.7	0.29	2	0
CKT-1098	2025-10-21T01:00:00Z	57	8.4	11.3	0.33	9	0
CKT-1098	2025-10-21T02:00:00Z	55.9	7.4	10.3	0.267	0	0
CKT-1098	2025-10-21T03:00:00Z	56	8.5	10.9	0.283	0	0
CKT-1098	2025-10-21T04:00:00Z	58.7	8.4	11	0.25	4	0
CKT-1098	2025-10-21T05:00:00Z	57.9	8.1	11.2	0.313	7	0
CKT-1098	2025-10-21T06:00:00Z	58.3	7.6	10.6	0.315	10	0
CKT-1098	2025-10-21T07:00:00Z	58.2	8.2	11.1	0.316	8	0
CKT-1098	2025-10-21T08:00:00Z	58.2	9.7	10.9	0.382	0	0
CKT-1098	2025-10-21T09:00:00Z	58.2	7.4	11.6	0.343	7	0
CKT-1098	2025-10-21T10:00:00Z	59.1	7.9	10.6	0.341	7	0
CKT-1098	2025-10-21T11:00:00Z	57.1	7.9	11.9	0.318	8	0
CKT-1099	2025-10-19T12:00:00Z	61.6	10.5	5.5	0	142	0
CKT-1099	2025-10-19T13:00:00Z	60.2	10.6	5.7	0	132	0
CKT-1099	2025-10-19T14:00:00Z	59.9	11.6	5.6	0	139	0
CKT-1099	2025-10-19T15:00:00Z	62.7	11.8	5.4	0	150	0
CKT-1099	2025-10-19T16:00:00Z	65.2	10.4	5.3	0	153	0
CKT-1099	2025-10-19T17:00:00Z	61.8	11.2	5.9	0	152	0
CKT-1099	2025-10-19T18:00:00Z	63.9	10.5	5.9	0	156	0
CKT-1099	2025-10-19T19:00:00Z	62.3	11.7	6.2	0	156	0
CKT-1099	2025-10-19T20:00:00Z	65.4	10.1	6.1	0	157	0
CKT-1099	2025-10-19T21:00:00Z	63.8	11	6.7	0	163	0
CKT-1099	2025-10-19T22:00:00Z	61.4	11.1	5.9	0	169	0
CKT-1099	2025-10-19T23:00:00Z	65.3	12.5	6.8	0	172	0
CKT-1099	2025-10-20T00:00:00Z	66.6	12	6.6	0	177	0
CKT-1099	2025-10-20T01:00:00Z	65.4	11.4	7.1	0	180	0
CKT-1099	2025-10-20T02:00:00Z	62.8	11.8	8	0	183	0
CKT-1099	2025-10-20T03:00:00Z	65.7	11.6	8.5	0	183	0
CKT-1099	2025-10-20T04:00:00Z	60.7	11.7	8.5	0	180	0
CKT-1099	2025-10-20T05:00:00Z	66.3	11.7	7.8	0	190	0
CKT-1099	2025-10-20T06:00:00Z	62.6	11.4	7.9	0	192	0
CKT-1099	2025-10-20T07:00:00Z	65.2	11.9	8.6	0	196	0
CKT-1099	2025-10-20T08:00:00Z	67.1	10.5	8.8	0	200	0
CKT-1099	2025-10-20T09:00:00Z	66.2	10.7	8.7	0.006	191	0
CKT-1099	2025-10-20T10:00:00Z	67.1	11.8	9.4	0.021	207	0
CKT-1099	2025-10-20T11:00:00Z	66.8	10.8	9.5	0.005	206	0
CKT-1099	2025-10-20T12:00:00Z	65.4	10.3	9.6	0	206	0
CKT-1099	2025-10-20T13:00:00Z	63.1	11.5	10.3	0.011	221	0
CKT-1099	2025-10-20T14:00:00Z	69	11.3	9.8	0.011	217	0
CKT-1099	2025-10-20T15:00:00Z	67	11.4	10.4	0.022	223	0
CKT-1099	2025-10-20T16:00:00Z	67.1	11.1	9.8	0.031	231	0
CKT-1099	2025-10-20T17:00:00Z	66.3	11.3	10.2	0.001	226	0
CKT-1099	2025-10-20T18:00:00Z	67	11.2	11.2	0.059	228	0
CKT-1099	2025-10-20T19:00:00Z	66.8	11.5	10.8	0.023	234	0
CKT-1099	2025-10-20T20:00:00Z	70	11.9	12.1	0.088	235	0
CKT-1099	2025-10-20T21:00:00Z	70.2	10.5	10.4	0.072	242	0
CKT-1099	2025-10-20T22:00:00Z	67.8	11.3	11.7	0.095	232	0
CKT-1099	2025-10-20T23:00:00Z	69.5	10.8	12.5	0.122	240	0
CKT-1099	2025-10-21T00:00:00Z	71.9	11.3	11	0.107	253	0
CKT-1099	2025-10-21T01:00:00Z	68.2	11	11.4	0.093	243	0
CKT-1099	2025-10-21T02:00:00Z	67.8	10.7	13.1	0.126	254	0
CKT-1099	2025-10-21T03:00:00Z	71.6	10.4	12	0.151	250	0
CKT-1099	2025-10-21T04:00:00Z	71.2	12.1	11.9	0.137	256	0
CKT-1099	2025-10-21T05:00:00Z	69.6	10.7	12.6	0.153	260	0
CKT-1099	2025-10-21T06:00:00Z	72	11	13.6	0.151	256	0
CKT-1099	2025-10-21T07:00:00Z	70.4	11.3	13.6	0.201	267	0
CKT-1099	2025-10-21T08:00:00Z	72.2	11.9	13	0.176	282	0
CKT-1099	2025-10-21T09:00:00Z	72.6	11.4	14	0.163	268	0
CKT-1099	2025-10-21T10:00:00Z	70	11.3	13.6	0.2	273	0
CKT-1099	2025-10-21T11:00:00Z	69.3	11.6	13.1	0.193	271	0
CKT-1100	2025-10-19T12:00:00Z	34.1	12.8	0	0.035	271	0
CKT-1100	2025-10-19T13:00:00Z	38.1	12.4	0	0.066	267	0
CKT-1100	2025-10-19T14:00:00Z	38	13.1	0	0.075	276	0
CKT-1100	2025-10-19T15:00:00Z	35.5	13.5	0	0.043	277	0
CKT-1100	2025-10-19T16:00:00Z	35.9	12.5	0	0.139	280	0
CKT-1100	2025-10-19T17:00:00Z	39.2	12.5	0	0.099	276	0
CKT-1100	2025-10-19T18:00:00Z	36.2	13.4	0	0.102	268	0
CKT-1100	2025-10-19T19:00:00Z	37	12.2	0	0.107	274	0
CKT-1100	2025-10-19T20:00:00Z	38.9	12.5	0.4	0.147	281	0
CKT-1100	2025-10-19T21:00:00Z	36.5	11.4	0	0.121	266	0
CKT-1100	2025-10-19T22:00:00Z	33.2	13.1	0	0.16	281	0
CKT-1100	2025-10-19T23:00:00Z	35.2	12.7	0	0.166	265	0
CKT-1100	2025-10-20T00:00:00Z	36.1	13.1	0	0.125	277	0
CKT-1100	2025-10-20T01:00:00Z	34.3	12.5	0	0.168	283	0
CKT-1100	2025-10-20T02:00:00Z	37.2	12.3	0	0.178	271	0
CKT-1100	2025-10-20T03:00:00Z	36.4	12.2	0	0.172	261	0
CKT-1100	2025-10-20T04:00:00Z	37.7	12.1	0	0.175	267	0
CKT-1100	2025-10-20T05:00:00Z	34.3	13	0.3	0.199	268	0
CKT-1100	2025-10-20T06:00:00Z	33.3	12.9	0	0.184	271	0
CKT-1100	2025-10-20T07:00:00Z	35.2	11.5	0	0.222	267	0
CKT-1100	2025-10-20T08:00:00Z	36.4	12.5	0.3	0.206	272	0
CKT-1100	2025-10-20T09:00:00Z	36.5	12.1	0.4	0.198	266	0
CKT-1100	2025-10-20T10:00:00Z	32.9	12	0	0.256	270	0
CKT-1100	2025-10-20T11:00:00Z	34.5	11.5	0	0.254	275	0
CKT-1100	2025-10-20T12:00:00Z	34.7	13.2	0	0.248	269	0
CKT-1100	2025-10-20T13:00:00Z	37.5	12.5	0	0.283	280	0
CKT-1100	2025-10-20T14:00:00Z	34.8	11.9	0.5	0.311	275	0
CKT-1100	2025-10-20T15:00:00Z	32.6	12.9	0.3	0.261	277	0
CKT-1100	2025-10-20T16:00:00Z	35.6	13.2	0	0.296	266	0
CKT-1100	2025-10-20T17:00:00Z	35.3	13.3	0	0.269	275	0
CKT-1100	2025-10-20T18:00:00Z	34.8	13.1	0	0.306	274	0
CKT-1100	2025-10-20T19:00:00Z	35.1	11.4	1.7	0.317	264	0
CKT-1100	2025-10-20T20:00:00Z	35.1	12.7	0.9	0.34	269	0
CKT-1100	2025-10-20T21:00:00Z	32	12.7	0	0.354	267	0
CKT-1100	2025-10-20T22:00:00Z	35.4	12.1	0.2	0.321	274	0
CKT-1100	2025-10-20T23:00:00Z	33.5	12.9	0.2	0.341	271	0
CKT-1100	2025-10-21T00:00:00Z	34.6	11.9	0.9	0.348	273	0
CKT-1100	2025-10-21T01:00:00Z	34.2	12.8	0.4	0.346	273	0
CKT-1100	2025-10-21T02:00:00Z	33.4	13.3	0.7	0.343	268	0
CKT-1100	2025-10-21T03:00:00Z	32.6	13.1	1.1	0.377	272	0
CKT-1100	2025-10-21T04:00:00Z	33.9	13	1	0.401	270	0
CKT-1100	2025-10-21T05:00:00Z	33	12.8	1.6	0.417	278	0
CKT-1100	2025-10-21T06:00:00Z	34.1	11.9	0.4	0.43	261	0
CKT-1100	2025-10-21T07:00:00Z	36	12	1.8	0.41	274	0
CKT-1100	2025-10-21T08:00:00Z	37.3	12.2	0.7	0.405	265	0
CKT-1100	2025-10-21T09:00:00Z	33.1	12.1	0.3	0.423	273	0
CKT-1100	2025-10-21T10:00:00Z	32.2	12.3	1.7	0.407	280	0
CKT-1100	2025-10-21T11:00:00Z	32.4	12.6	1.7	0.475	273	0
CKT-1101	2025-10-19T12:00:00Z	47.5	4	10	0.116	56	0
CKT-1101	2025-10-19T13:00:00Z	46.7	4.7	9	0.101	43	0
CKT-1101	2025-10-19T14:00:00Z	49.7	4.7	10.1	0.122	63	0
CKT-1101	2025-10-19T15:00:00Z	49.9	3.9	9.5	0.097	64	0
CKT-1101	2025-10-19T16:00:00Z	50.9	4.2	10.3	0.162	67	0
CKT-1101	2025-10-19T17:00:00Z	45.9	4.1	11.1	0.112	72	0
CKT-1101	2025-10-19T18:00:00Z	45.3	3.3	10.2	0.107	74	0
CKT-1101	2025-10-19T19:00:00Z	48.6	5.7	10.1	0.105	73	0
CKT-1101	2025-10-19T20:00:00Z	49.2	4.9	10.2	0.152	77	0
CKT-1101	2025-10-19T21:00:00Z	49	5.1	9.8	0.121	71	0
CKT-1101	2025-10-19T22:00:00Z	48.7	3.5	10.7	0.124	94	0
CKT-1101	2025-10-19T23:00:00Z	48.7	4.2	10.2	0.107	87	0
CKT-1101	2025-10-20T00:00:00Z	47	4	9.9	0.072	90	0
CKT-1101	2025-10-20T01:00:00Z	42.6	4	10.5	0.053	102	0
CKT-1101	2025-10-20T02:00:00Z	47	3.5	10.1	0.127	100	0
CKT-1101	2025-10-20T03:00:00Z	47.3	4.4	9.8	0.125	111	0
CKT-1101	2025-10-20T04:00:00Z	46.7	5.6	10.7	0.07	111	0
CKT-1101	2025-10-20T05:00:00Z	50.8	3.6	10.2	0.128	120	0
CKT-1101	2025-10-20T06:00:00Z	48.2	4.6	10.2	0.086	123	0
CKT-1101	2025-10-20T07:00:00Z	46.4	3.9	10.9	0.094	133	0
CKT-1101	2025-10-20T08:00:00Z	47.3	4.1	9.2	0.143	128	0
CKT-1101	2025-10-20T09:00:00Z	43.4	4.8	10	0.081	137	0
CKT-1101	2025-10-20T10:00:00Z	43	3.8	9.9	0.116	148	0
CKT-1101	2025-10-20T11:00:00Z	46.4	4.5	11.4	0.098	143	0
CKT-1101	2025-10-20T12:00:00Z	44.8	5.4	9.6	0.102	146	0
CKT-1101	2025-10-20T13:00:00Z	46.8	3.9	10	0.131	160	0
CKT-1101	2025-10-20T14:00:00Z	46.3	3.9	9.5	0.149	153	0
CKT-1101	2025-10-20T15:00:00Z	48.2	4.6	11	0.089	151	0
CKT-1101	2025-10-20T16:00:00Z	49.3	4.7	10	0.124	163	0
CKT-1101	2025-10-20T17:00:00Z	48.8	4.3	10.2	0.103	163	0
CKT-1101	2025-10-20T18:00:00Z	46.1	4	9.9	0.082	171	0
CKT-1101	2025-10-20T19:00:00Z	46.9	4.3	9.8	0.079	171	0
CKT-1101	2025-10-20T20:00:00Z	43.7	4.1	9.2	0.092	173	0
CKT-1101	2025-10-20T21:00:00Z	43.1	5.5	9.5	0.118	178	0
CKT-1101	2025-10-20T22:00:00Z	48.7	3.5	9.7	0.066	198	0
CKT-1101	2025-10-20T23:00:00Z	45.7	4.7	9.8	0.087	191	0
CKT-1101	2025-10-21T00:00:00Z	48.1	4.6	9.6	0.097	202	0
CKT-1101	2025-10-21T01:00:00Z	45.4	3.1	9	0.065	192	0
CKT-1101	2025-10-21T02:00:00Z	44.7	4.2	9.6	0.089	197	0
CKT-1101	2025-10-21T03:00:00Z	47.4	4.5	10.2	0.101	203	0
CKT-1101	2025-10-21T04:00:00Z	47.8	4.4	9.8	0.097	208	0
CKT-1101	2025-10-21T05:00:00Z	45.9	4.1	9	0.039	209	0
CKT-1101	2025-10-21T06:00:00Z	46	4.8	9.8	0.075	213	0
CKT-1101	2025-10-21T07:00:00Z	45.4	3.6	8.3	0.049	227	0
CKT-1101	2025-10-21T08:00:00Z	48.4	4.6	9.3	0.051	224	0
CKT-1101	2025-10-21T09:00:00Z	46.5	4.7	9.6	0.103	238	0
CKT-1101	2025-10-21T10:00:00Z	44.9	5.9	8.2	0.062	234	0
CKT-1101	2025-10-21T11:00:00Z	46.3	4.1	8.9	0.121	234	0
CKT-1102	2025-10-19T12:00:00Z	51.4	1.6	2.7	0.137	1	0
CKT-1102	2025-10-19T13:00:00Z	51.8	1.4	2.5	0.139	14	0
CKT-1102	2025-10-19T14:00:00Z	50.4	1	3.2	0.146	7	0
CKT-1102	2025-10-19T15:00:00Z	48.6	1.3	3.7	0.184	18	0
CKT-1102	2025-10-19T16:00:00Z	48.2	2.2	4	0.107	12	0
CKT-1102	2025-10-19T17:00:00Z	49.2	1.5	2.4	0.151	24	0
CKT-1102	2025-10-19T18:00:00Z	45.6	1.4	4.2	0.143	18	0
CKT-1102	2025-10-19T19:00:00Z	48.4	1	3.8	0.17	20	0
CKT-1102	2025-10-19T20:00:00Z	51.1	1.1	4.2	0.164	33	0
CKT-1102	2025-10-19T21:00:00Z	51.5	1	4.6	0.194	35	0
CKT-1102	2025-10-19T22:00:00Z	51.9	1	4.2	0.169	39	0
CKT-1102	2025-10-19T23:00:00Z	48.9	1	5.4	0.227	37	0
CKT-1102	2025-10-20T00:00:00Z	47.2	2.1	5	0.206	42	0
CKT-1102	2025-10-20T01:00:00Z	47.9	1	5.3	0.195	47	0
CKT-1102	2025-10-20T02:00:00Z	49	1	5.9	0.222	49	0
CKT-1102	2025-10-20T03:00:00Z	49.7	1	5	0.185	51	0
CKT-1102	2025-10-20T04:00:00Z	49.3	1.1	6	0.192	50	0
CKT-1102	2025-10-20T05:00:00Z	49.3	1.2	4.9	0.252	64	0
CKT-1102	2025-10-20T06:00:00Z	49.2	1	5.8	0.242	58	0
CKT-1102	2025-10-20T07:00:00Z	50.5	1	7	0.257	64	0
CKT-1102	2025-10-20T08:00:00Z	49.8	1.9	6.5	0.246	62	0
CKT-1102	2025-10-20T09:00:00Z	46.6	1	6.3	0.246	67	0
CKT-1102	2025-10-20T10:00:00Z	49.7	1	7.4	0.248	67	0
CKT-1102	2025-10-20T11:00:00Z	46.2	1.4	7.2	0.254	69	0
CKT-1102	2025-10-20T12:00:00Z	50.3	1	7.3	0.261	79	0
CKT-1102	2025-10-20T13:00:00Z	49.5	1.3	6.8	0.306	82	0
CKT-1102	2025-10-20T14:00:00Z	53.3	1	6.2	0.305	83	0
CKT-1102	2025-10-20T15:00:00Z	48.9	1	7.3	0.3	84	0
CKT-1102	2025-10-20T16:00:00Z	47.9	1	7.6	0.326	83	0
CKT-1102	2025-10-20T17:00:00Z	45.5	1.7	6.9	0.32	93	0
CKT-1102	2025-10-20T18:00:00Z	46.7	1.9	8.2	0.315	85	0
CKT-1102	2025-10-20T19:00:00Z	48.3	1	7.8	0.316	108	0
CKT-1102	2025-10-20T20:00:00Z	46.8	1	8.8	0.337	105	0
CKT-1102	2025-10-20T21:00:00Z	49.3	2	7.8	0.301	109	0
CKT-1102	2025-10-20T22:00:00Z	46.6	1	7.8	0.346	110	0
CKT-1102	2025-10-20T23:00:00Z	46.6	1	9.2	0.346	116	0
CKT-1102	2025-10-21T00:00:00Z	43.6	1	8.4	0.348	118	0
CKT-1102	2025-10-21T01:00:00Z	47.2	1	8.9	0.322	112	0
CKT-1102	2025-10-21T02:00:00Z	48.2	1	9.6	0.376	124	0
CKT-1102	2025-10-21T03:00:00Z	46.9	1	9.2	0.379	112	0
CKT-1102	2025-10-21T04:00:00Z	48.2	1	9.3	0.371	125	0
CKT-1102	2025-10-21T05:00:00Z	44.3	1.1	9.9	0.338	122	0
CKT-1102	2025-10-21T06:00:00Z	47.5	1.4	9.9	0.371	135	0
CKT-1102	2025-10-21T07:00:00Z	44.2	1	9.2	0.388	129	0
CKT-1102	2025-10-21T08:00:00Z	47.1	1.3	9.8	0.419	133	0
CKT-1102	2025-10-21T09:00:00Z	45.8	1	10.6	0.416	147	0
CKT-1102	2025-10-21T10:00:00Z	45.8	1	10.2	0.441	142	0
CKT-1102	2025-10-21T11:00:00Z	42.7	1.3	10.8	0.401	145	0
CKT-1103	2025-10-19T12:00:00Z	33.7	12.6	0	0.033	126	0
CKT-1103	2025-10-19T13:00:00Z	32.8	13	0	0.026	116	0
CKT-1103	2025-10-19T14:00:00Z	33.8	11.8	0	0.033	113	0
CKT-1103	2025-10-19T15:00:00Z	32.9	11.8	0	0.038	117	0
CKT-1103	2025-10-19T16:00:00Z	35.2	11.8	0	0.009	119	0
CKT-1103	2025-10-19T17:00:00Z	33.3	12.4	0	0.072	121	0
CKT-1103	2025-10-19T18:00:00Z	31.7	11.3	0	0.012	121	0
CKT-1103	2025-10-19T19:00:00Z	34.4	12.5	0	0.053	120	0
CKT-1103	2025-10-19T20:00:00Z	32.1	11.9	0	0.023	120	0
CKT-1103	2025-10-19T21:00:00Z	35.1	12.6	0	0.043	116	0
CKT-1103	2025-10-19T22:00:00Z	32.1	11.1	0	0.055	118	0
CKT-1103	2025-10-19T23:00:00Z	31.4	12	0	0.061	118	0
CKT-1103	2025-10-20T00:00:00Z	35.7	13.6	0	0.041	122	0
CKT-1103	2025-10-20T01:00:00Z	31.2	12.5	0	0.055	116	0
CKT-1103	2025-10-20T02:00:00Z	31.3	10.8	0	0.069	122	0
CKT-1103	2025-10-20T03:00:00Z	33	10.6	0	0.047	113	0
CKT-1103	2025-10-20T04:00:00Z	29.8	11.4	0	0.056	123	0
CKT-1103	2025-10-20T05:00:00Z	35.4	12.4	0	0.093	111	0
CKT-1103	2025-10-20T06:00:00Z	29.1	11.5	0	0.063	113	0
CKT-1103	2025-10-20T07:00:00Z	31	11.2	0	0.093	118	0
CKT-1103	2025-10-20T08:00:00Z	34.7	11.5	0	0.068	123	0
CKT-1103	2025-10-20T09:00:00Z	32.4	12.6	0.1	0.044	122	0
CKT-1103	2025-10-20T10:00:00Z	31.8	11.5	0.2	0.087	116	0
CKT-1103	2025-10-20T11:00:00Z	31.3	11.2	0	0.066	122	0
CKT-1103	2025-10-20T12:00:00Z	30.9	12.8	0	0.069	117	0
CKT-1103	2025-10-20T13:00:00Z	33.1	11.4	0	0.064	116	0
CKT-1103	2025-10-20T14:00:00Z	31.7	11.9	0.7	0.077	121	0
CKT-1103	2025-10-20T15:00:00Z	31.8	12.8	0.1	0.074	122	0
CKT-1103	2025-10-20T16:00:00Z	31	12.3	1.5	0.063	126	0
CKT-1103	2025-10-20T17:00:00Z	30.6	12.8	0.7	0.096	118	0
CKT-1103	2025-10-20T18:00:00Z	30.9	11.6	0.4	0.083	119	0
CKT-1103	2025-10-20T19:00:00Z	29.1	12	1.1	0.108	119	0
CKT-1103	2025-10-20T20:00:00Z	35	11.6	0.5	0.062	116	0
CKT-1103	2025-10-20T21:00:00Z	33.7	11.8	0	0.111	120	0
CKT-1103	2025-10-20T22:00:00Z	32.2	11.8	0.2	0.092	121	0
CKT-1103	2025-10-20T23:00:00Z	30.8	12.2	0.5	0.107	118	0
CKT-1103	2025-10-21T00:00:00Z	29.8	12.1	0.7	0.113	123	0
CKT-1103	2025-10-21T01:00:00Z	31.5	11	0.5	0.09	115	0
CKT-1103	2025-10-21T02:00:00Z	29.9	12.5	1.4	0.097	121	0
CKT-1103	2025-10-21T03:00:00Z	31.1	12	1.7	0.094	119	0
CKT-1103	2025-10-21T04:00:00Z	28.9	11.4	0.5	0.09	119	0
CKT-1103	2025-10-21T05:00:00Z	30	11.8	1.1	0.147	113	0
CKT-1103	2025-10-21T06:00:00Z	28.5	11.5	1.3	0.124	122	0
CKT-1103	2025-10-21T07:00:00Z	31.7	11.9	1.2	0.149	105	0
CKT-1103	2025-10-21T08:00:00Z	30.3	12.2	2.4	0.086	116	0
CKT-1103	2025-10-21T09:00:00Z	28.1	10.9	1.4	0.138	125	0
CKT-1103	2025-10-21T10:00:00Z	29.3	12.4	1.5	0.134	124	0
CKT-1103	2025-10-21T11:00:00Z	29.7	12.6	1	0.139	124	0
CKT-1104	2025-10-19T12:00:00Z	58	5.5	17.3	0.115	17	0
CKT-1104	2025-10-19T13:00:00Z	61.3	5.3	16.9	0.052	14	0
CKT-1104	2025-10-19T14:00:00Z	58	5.2	17.1	0.085	13	0
CKT-1104	2025-10-19T15:00:00Z	60	5.3	17.1	0.048	8	0
CKT-1104	2025-10-19T16:00:00Z	61.1	4.8	17	0.067	12	0
CKT-1104	2025-10-19T17:00:00Z	61.2	5.4	17	0.105	18	0
CKT-1104	2025-10-19T18:00:00Z	59.8	4.6	16.7	0.037	20	0
CKT-1104	2025-10-19T19:00:00Z	60.2	4.9	17.8	0.045	22	0
CKT-1104	2025-10-19T20:00:00Z	59.6	4.9	16.8	0.062	14	0
CKT-1104	2025-10-19T21:00:00Z	65.4	4.1	17.8	0.074	22	0
CKT-1104	2025-10-19T22:00:00Z	62.5	6.2	18.5	0.054	22	0
CKT-1104	2025-10-19T23:00:00Z	61.8	4.4	17.5	0.064	14	0
CKT-1104	2025-10-20T00:00:00Z	63.5	5.3	17	0.046	26	0
CKT-1104	2025-10-20T01:00:00Z	65.4	5.3	17.7	0.044	22	0
CKT-1104	2025-10-20T02:00:00Z	64.1	4.3	17.5	0.072	25	0
CKT-1104	2025-10-20T03:00:00Z	63.9	5.1	17.1	0.039	26	0
CKT-1104	2025-10-20T04:00:00Z	65.6	5.7	17.3	0.056	25	0
CKT-1104	2025-10-20T05:00:00Z	63.1	5.3	18	0.11	24	0
CKT-1104	2025-10-20T06:00:00Z	65	5.4	17.3	0.045	31	0
CKT-1104	2025-10-20T07:00:00Z	67.3	5.3	17.1	0.063	25	0
CKT-1104	2025-10-20T08:00:00Z	64.4	5.5	17.2	0.002	33	0
CKT-1104	2025-10-20T09:00:00Z	63.8	4.7	17.2	0.077	30	0
CKT-1104	2025-10-20T10:00:00Z	66.1	5.7	17.4	0.059	34	0
CKT-1104	2025-10-20T11:00:00Z	64.7	4.1	18.6	0.085	32	0
CKT-1104	2025-10-20T12:00:00Z	62.2	5	17.3	0.07	25	0
CKT-1104	2025-10-20T13:00:00Z	64.6	4.9	17.6	0.068	37	0
CKT-1104	2025-10-20T14:00:00Z	67.8	4.8	17.2	0.039	35	0
CKT-1104	2025-10-20T15:00:00Z	63.6	5.7	17.7	0.093	46	0
CKT-1104	2025-10-20T16:00:00Z	64.6	4.9	18.4	0.079	42	0
CKT-1104	2025-10-20T17:00:00Z	67.6	5.6	18	0.104	40	0
CKT-1104	2025-10-20T18:00:00Z	67	5	18.3	0.063	33	0
CKT-1104	2025-10-20T19:00:00Z	67.4	4.5	17.2	0.104	47	0
CKT-1104	2025-10-20T20:00:00Z	66.1	3.3	18.1	0.092	46	0
CKT-1104	2025-10-20T21:00:00Z	67.5	5	17.7	0.058	41	0
CKT-1104	2025-10-20T22:00:00Z	67.5	5.3	18.3	0.053	37	0
CKT-1104	2025-10-20T23:00:00Z	66.6	4.5	18	0.056	52	0
CKT-1104	2025-10-21T00:00:00Z	66.2	6.1	18.2	0.062	58	0
CKT-1104	2025-10-21T01:00:00Z	68	5.2	17.9	0.093	51	0
CKT-1104	2025-10-21T02:00:00Z	66.5	5	18	0.097	52	0
CKT-1104	2025-10-21T03:00:00Z	68.2	4.8	17.7	0.062	53	0
CKT-1104	2025-10-21T04:00:00Z	67.2	5	18.2	0.087	51	0
CKT-1104	2025-10-21T05:00:00Z	67	5.3	17.9	0.086	58	0
CKT-1104	2025-10-21T06:00:00Z	69.3	4.8	18	0.121	52	0
CKT-1104	2025-10-21T07:00:00Z	68.8	5.5	18.2	0.082	51	0
CKT-1104	2025-10-21T08:00:00Z	68.9	5.5	18.8	0.062	64	0
CKT-1104	2025-10-21T09:00:00Z	68.7	5.7	17.8	0.06	50	0
CKT-1104	2025-10-21T10:00:00Z	68.8	5.4	18.2	0.088	63	0
CKT-1104	2025-10-21T11:00:00Z	69.5	5.3	19.8	0.094	55	0
CKT-1105	2025-10-19T12:00:00Z	91.6	9.4	6.8	0.447	242	0
CKT-1105	2025-10-19T13:00:00Z	91.2	8.6	5.7	0.363	238	0
CKT-1105	2025-10-19T14:00:00Z	91.3	9.9	7.3	0.412	239	0
CKT-1105	2025-10-19T15:00:00Z	95.6	9.9	6.4	0.407	242	0
CKT-1105	2025-10-19T16:00:00Z	94.3	8.6	7.2	0.479	239	0
CKT-1105	2025-10-19T17:00:00Z	93.3	8.1	6.6	0.446	246	0
CKT-1105	2025-10-19T18:00:00Z	95	9	7.3	0.457	251	0
CKT-1105	2025-10-19T19:00:00Z	94	8.8	7.4	0.436	257	0
CKT-1105	2025-10-19T20:00:00Z	93.5	8.7	6.5	0.479	260	0
CKT-1105	2025-10-19T21:00:00Z	95.7	8.2	7.6	0.52	259	0
CKT-1105	2025-10-19T22:00:00Z	95.3	7.7	7	0.514	269	0
CKT-1105	2025-10-19T23:00:00Z	94.7	10.5	7.7	0.495	274	0
CKT-1105	2025-10-20T00:00:00Z	94	9.1	7.2	0.505	275	0
CKT-1105	2025-10-20T01:00:00Z	95.7	9.9	7.2	0.512	271	0
CKT-1105	2025-10-20T02:00:00Z	100	9.4	8.1	0.567	274	0
CKT-1105	2025-10-20T03:00:00Z	100	9.2	8.1	0.586	273	0
CKT-1105	2025-10-20T04:00:00Z	95.6	8.8	8.5	0.552	282	0
CKT-1105	2025-10-20T05:00:00Z	96.9	8	7.8	0.6	278	0
CKT-1105	2025-10-20T06:00:00Z	99.6	9.2	8.4	0.601	283	0
CKT-1105	2025-10-20T07:00:00Z	96.8	9.1	7.9	0.616	287	0
CKT-1105	2025-10-20T08:00:00Z	98.7	9.2	7.5	0.625	287	0
CKT-1105	2025-10-20T09:00:00Z	95.5	8.6	9.8	0.651	304	0
CKT-1105	2025-10-20T10:00:00Z	99.5	9	9	0.634	303	0
CKT-1105	2025-10-20T11:00:00Z	100	9.3	9.2	0.662	312	0
CKT-1105	2025-10-20T12:00:00Z	98.8	10.2	9	0.662	301	0
CKT-1105	2025-10-20T13:00:00Z	98.2	8.3	8.8	0.656	316	0
CKT-1105	2025-10-20T14:00:00Z	99.8	9	8.3	0.678	301	0
CKT-1105	2025-10-20T15:00:00Z	100	8.1	8.3	0.733	317	0
CKT-1105	2025-10-20T16:00:00Z	100	9.1	9.5	0.718	311	0
CKT-1105	2025-10-20T17:00:00Z	100	9.2	9.7	0.703	318	0
CKT-1105	2025-10-20T18:00:00Z	100	8.3	8.1	0.743	329	0
CKT-1105	2025-10-20T19:00:00Z	100	9.2	9.5	0.751	328	0
CKT-1105	2025-10-20T20:00:00Z	100	8.3	9.8	0.739	327	0
CKT-1105	2025-10-20T21:00:00Z	100	8.2	9.4	0.821	339	0
CKT-1105	2025-10-20T22:00:00Z	100	8.6	9.5	0.811	331	0
CKT-1105	2025-10-20T23:00:00Z	100	9.3	8.8	0.778	339	0
CKT-1105	2025-10-21T00:00:00Z	100	8.1	10	0.819	339	0
CKT-1105	2025-10-21T01:00:00Z	100	9.1	9.4	0.852	343	0
CKT-1105	2025-10-21T02:00:00Z	100	8.6	10.3	0.822	346	0
CKT-1105	2025-10-21T03:00:00Z	100	8.6	10.6	0.818	351	0
CKT-1105	2025-10-21T04:00:00Z	100	8.8	10.6	0.824	357	0
CKT-1105	2025-10-21T05:00:00Z	100	8.6	9.5	0.859	355	1
CKT-1105	2025-10-21T06:00:00Z	100	9.1	10.5	0.855	364	1
CKT-1105	2025-10-21T07:00:00Z	100	9.4	9.7	0.879	364	1
CKT-1105	2025-10-21T08:00:00Z	100	10.4	10.2	0.899	363	1
CKT-1105	2025-10-21T09:00:00Z	100	9.7	10.6	0.907	364	1
CKT-1105	2025-10-21T10:00:00Z	100	8.8	10.6	0.876	372	1
CKT-1105	2025-10-21T11:00:00Z	100	7.8	11.3	0.924	385	1
CKT-1106	2025-10-19T12:00:00Z	87.9	16.2	11.3	0	0	0
CKT-1106	2025-10-19T13:00:00Z	86.9	16.1	11.7	0	0	0
CKT-1106	2025-10-19T14:00:00Z	89.8	16.5	12.4	0	0	0
CKT-1106	2025-10-19T15:00:00Z	87.8	16.9	11.6	0	0	0
CKT-1106	2025-10-19T16:00:00Z	87.9	16.9	11.9	0	0	0
CKT-1106	2025-10-19T17:00:00Z	88.8	16.2	11.3	0	0	0
CKT-1106	2025-10-19T18:00:00Z	88.6	16.8	11.6	0	0	0
CKT-1106	2025-10-19T19:00:00Z	90.3	16.4	11.9	0	0	0
CKT-1106	2025-10-19T20:00:00Z	88.7	17	11.2	0	0	0
CKT-1106	2025-10-19T21:00:00Z	89.2	16.3	12.2	0	0	0
CKT-1106	2025-10-19T22:00:00Z	92	15.9	11.8	0	0	0
CKT-1106	2025-10-19T23:00:00Z	93.6	16.9	10.8	0	0	0
CKT-1106	2025-10-20T00:00:00Z	96.2	16	12	0	0	0
CKT-1106	2025-10-20T01:00:00Z	92.7	16.4	11.7	0	6	0
CKT-1106	2025-10-20T02:00:00Z	90.9	15.8	10.2	0	12	0
CKT-1106	2025-10-20T03:00:00Z	91.8	15.8	11.3	0	15	0
CKT-1106	2025-10-20T04:00:00Z	93.4	16.7	11	0	11	0
CKT-1106	2025-10-20T05:00:00Z	94.2	16.6	11.1	0	25	0
CKT-1106	2025-10-20T06:00:00Z	94.5	16.9	12.3	0	17	0
CKT-1106	2025-10-20T07:00:00Z	95.8	16	10.2	0	40	0
CKT-1106	2025-10-20T08:00:00Z	94.2	16	11.2	0	36	0
CKT-1106	2025-10-20T09:00:00Z	94.9	16.3	10.4	0	47	0
CKT-1106	2025-10-20T10:00:00Z	96.2	16.5	11.4	0	53	0
CKT-1106	2025-10-20T11:00:00Z	94.8	17.1	11	0	60	0
CKT-1106	2025-10-20T12:00:00Z	100	16.4	11.3	0	51	0
CKT-1106	2025-10-20T13:00:00Z	95.9	15.8	11.9	0.008	57	0
CKT-1106	2025-10-20T14:00:00Z	96.8	16.7	10.2	0.002	55	0
CKT-1106	2025-10-20T15:00:00Z	100	15.6	10.4	0	60	0
CKT-1106	2025-10-20T16:00:00Z	98.2	17.1	10.8	0.027	70	0
CKT-1106	2025-10-20T17:00:00Z	98.6	18	10.6	0.053	77	0
CKT-1106	2025-10-20T18:00:00Z	98.7	16.7	10.6	0.059	77	0
CKT-1106	2025-10-20T19:00:00Z	99.9	15.9	11.8	0.074	73	0
CKT-1106	2025-10-20T20:00:00Z	99.9	15.6	11.2	0.07	85	0
CKT-1106	2025-10-20T21:00:00Z	99.7	16.4	11.2	0.101	93	0
CKT-1106	2025-10-20T22:00:00Z	99	16.4	10.9	0.074	84	0
CKT-1106	2025-10-20T23:00:00Z	99.8	17.5	10.1	0.098	96	0
CKT-1106	2025-10-21T00:00:00Z	100	16.4	11.1	0.107	97	0
CKT-1106	2025-10-21T01:00:00Z	100	15.8	10.9	0.101	101	0
CKT-1106	2025-10-21T02:00:00Z	100	16.3	10.5	0.147	104	0
CKT-1106	2025-10-21T03:00:00Z	100	17.1	11.2	0.176	109	0
CKT-1106	2025-10-21T04:00:00Z	100	17.1	11.1	0.126	119	0
CKT-1106	2025-10-21T05:00:00Z	100	16.6	11	0.182	133	0
CKT-1106	2025-10-21T06:00:00Z	100	17.3	10.1	0.16	122	0
CKT-1106	2025-10-21T07:00:00Z	100	15.6	10.7	0.177	123	0
CKT-1106	2025-10-21T08:00:00Z	100	15.9	10.6	0.169	133	0
CKT-1106	2025-10-21T09:00:00Z	100	17	10.8	0.197	130	0
CKT-1106	2025-10-21T10:00:00Z	100	15.9	10.4	0.188	142	0
CKT-1106	2025-10-21T11:00:00Z	100	16.5	11.2	0.178	144	0
CKT-1107	2025-10-19T12:00:00Z	54.9	12.4	8.8	0.292	0	0
CKT-1107	2025-10-19T13:00:00Z	55.4	12.1	8.6	0.336	4	0
CKT-1107	2025-10-19T14:00:00Z	59.3	12.8	8.9	0.323	3	0
CKT-1107	2025-10-19T15:00:00Z	57	13.3	9.4	0.332	10	0
CKT-1107	2025-10-19T16:00:00Z	56.4	12.4	8.8	0.318	0	0
CKT-1107	2025-10-19T17:00:00Z	55.3	12.1	9.3	0.326	0	0
CKT-1107	2025-10-19T18:00:00Z	55.1	13.9	9.5	0.326	2	0
CKT-1107	2025-10-19T19:00:00Z	56.4	12.8	8.9	0.306	4	0
CKT-1107	2025-10-19T20:00:00Z	53.6	12	9.2	0.297	6	0
CKT-1107	2025-10-19T21:00:00Z	53.3	13.3	10.5	0.333	14	0
CKT-1107	2025-10-19T22:00:00Z	56.6	12.9	9.6	0.292	13	0
CKT-1107	2025-10-19T23:00:00Z	56.4	12.5	9.9	0.295	7	0
CKT-1107	2025-10-20T00:00:00Z	56.5	13	9.6	0.3	12	0
CKT-1107	2025-10-20T01:00:00Z	52.5	12.3	9.1	0.306	18	0
CKT-1107	2025-10-20T02:00:00Z	55.9	12.5	9.5	0.289	23	0
CKT-1107	2025-10-20T03:00:00Z	55.1	12.9	8.9	0.279	14	0
CKT-1107	2025-10-20T04:00:00Z	54.2	12.9	10.1	0.313	6	0
CKT-1107	2025-10-20T05:00:00Z	53.1	12.7	9.8	0.293	17	0
CKT-1107	2025-10-20T06:00:00Z	53.6	12.9	10.5	0.299	21	0
CKT-1107	2025-10-20T07:00:00Z	51.3	12.4	10.7	0.279	13	0
CKT-1107	2025-10-20T08:00:00Z	54.3	12.8	10.1	0.331	21	0
CKT-1107	2025-10-20T09:00:00Z	53	11.9	10.6	0.274	31	0
CKT-1107	2025-10-20T10:00:00Z	54.9	13.1	10.6	0.313	10	0
CKT-1107	2025-10-20T11:00:00Z	52.3	13.4	11.3	0.265	13	0
CKT-1107	2025-10-20T12:00:00Z	54.2	13.1	10.8	0.286	14	0
CKT-1107	2025-10-20T13:00:00Z	53.3	12.6	10.5	0.248	27	0
CKT-1107	2025-10-20T14:00:00Z	55	12.3	10.8	0.274	23	0
CKT-1107	2025-10-20T15:00:00Z	54.4	13.1	11.5	0.304	26	0
CKT-1107	2025-10-20T16:00:00Z	57.8	13.7	10.7	0.284	18	0
CKT-1107	2025-10-20T17:00:00Z	53.4	13.8	12.5	0.277	30	0
CKT-1107	2025-10-20T18:00:00Z	54.2	14	10.7	0.331	28	0
CKT-1107	2025-10-20T19:00:00Z	51.4	12.6	10.9	0.285	22	0
CKT-1107	2025-10-20T20:00:00Z	53.3	13.2	12.1	0.288	39	0
CKT-1107	2025-10-20T21:00:00Z	52	13	10.3	0.271	34	0
CKT-1107	2025-10-20T22:00:00Z	53.5	11.8	11.3	0.266	31	0
CKT-1107	2025-10-20T23:00:00Z	53.8	12.6	11.7	0.26	40	0
CKT-1107	2025-10-21T00:00:00Z	54.3	12.6	13.1	0.253	41	0
CKT-1107	2025-10-21T01:00:00Z	51	13.2	12.1	0.246	36	0
CKT-1107	2025-10-21T02:00:00Z	55.1	12.3	12.1	0.271	37	0
CKT-1107	2025-10-21T03:00:00Z	49.6	13.3	11.9	0.285	40	0
CKT-1107	2025-10-21T04:00:00Z	52.2	13	11.5	0.293	38	0
CKT-1107	2025-10-21T05:00:00Z	51.4	13.6	12.2	0.255	43	0
CKT-1107	2025-10-21T06:00:00Z	52.8	12.7	12.7	0.233	43	0
CKT-1107	2025-10-21T07:00:00Z	53	13.1	11.2	0.254	36	0
CKT-1107	2025-10-21T08:00:00Z	53.6	12.5	12.9	0.231	45	0
CKT-1107	2025-10-21T09:00:00Z	51.5	14.4	13	0.276	55	0
CKT-1107	2025-10-21T10:00:00Z	51.8	12.7	12.4	0.258	32	0
CKT-1107	2025-10-21T11:00:00Z	51.3	12.9	12.5	0.219	46	0
CKT-1108	2025-10-19T12:00:00Z	56.7	12.9	5.5	0.017	0	0
CKT-1108	2025-10-19T13:00:00Z	58.3	13.8	5.8	0.005	0	0
CKT-1108	2025-10-19T14:00:00Z	56.7	13.3	6.7	0.029	7	0
CKT-1108	2025-10-19T15:00:00Z	56.6	12.4	5.9	0.054	2	0
CKT-1108	2025-10-19T16:00:00Z	56.7	13.4	6.9	0.03	0	0
CKT-1108	2025-10-19T17:00:00Z	57.8	12.9	6.6	0	0	0
CKT-1108	2025-10-19T18:00:00Z	57.9	12.9	6.5	0.029	0	0
CKT-1108	2025-10-19T19:00:00Z	58.2	13.8	6.7	0.02	0	0
CKT-1108	2025-10-19T20:00:00Z	53.9	13.1	7.9	0.023	0	0
CKT-1108	2025-10-19T21:00:00Z	52.2	12.8	8	0	6	0
CKT-1108	2025-10-19T22:00:00Z	54.4	13.3	7.7	0.002	2	0
CKT-1108	2025-10-19T23:00:00Z	54.2	12.7	6.9	0.053	0	0
CKT-1108	2025-10-20T00:00:00Z	56.6	13.5	8.8	0.016	0	0
CKT-1108	2025-10-20T01:00:00Z	55.9	13.3	8.2	0.043	1	0
CKT-1108	2025-10-20T02:00:00Z	55.5	12.6	9.1	0.029	5	0
CKT-1108	2025-10-20T03:00:00Z	55.8	13.6	8.7	0.044	5	0
CKT-1108	2025-10-20T04:00:00Z	55.1	13.3	9.3	0.02	7	0
CKT-1108	2025-10-20T05:00:00Z	51.5	13.2	8.9	0.018	1	0
CKT-1108	2025-10-20T06:00:00Z	52.2	14.5	8.6	0.012	0	0
CKT-1108	2025-10-20T07:00:00Z	54	13.8	9.7	0.062	0	0
CKT-1108	2025-10-20T08:00:00Z	54.5	13	9.7	0.055	0	0
CKT-1108	2025-10-20T09:00:00Z	56.3	13.1	9	0.02	0	0
CKT-1108	2025-10-20T10:00:00Z	52.1	11.9	10	0.02	3	0
CKT-1108	2025-10-20T11:00:00Z	51.3	14.5	10.4	0.039	3	0
CKT-1108	2025-10-20T12:00:00Z	50	12.9	11.2	0.029	0	0
CKT-1108	2025-10-20T13:00:00Z	51.9	14.1	10.3	0.011	12	0
CKT-1108	2025-10-20T14:00:00Z	50.3	13.1	10.2	0.023	0	0
CKT-1108	2025-10-20T15:00:00Z	51.4	13.8	9.9	0.063	5	0
CKT-1108	2025-10-20T16:00:00Z	52.8	13.2	11.1	0.067	0	0
CKT-1108	2025-10-20T17:00:00Z	53	12.7	11.6	0.027	3	0
CKT-1108	2025-10-20T18:00:00Z	49.4	12.2	11.3	0.069	2	0
CKT-1108	2025-10-20T19:00:00Z	52.3	13.7	11.3	0.053	0	0
CKT-1108	2025-10-20T20:00:00Z	50.9	13.1	11.4	0.04	0	0
CKT-1108	2025-10-20T21:00:00Z	50.1	13.1	11.9	0.02	2	0
CKT-1108	2025-10-20T22:00:00Z	50.2	13.3	11.7	0.064	4	0
CKT-1108	2025-10-20T23:00:00Z	49.2	13.5	12.9	0.025	0	0
CKT-1108	2025-10-21T00:00:00Z	51.7	12.4	12	0.024	3	0
CKT-1108	2025-10-21T01:00:00Z	49.4	13	12.2	0.068	0	0
CKT-1108	2025-10-21T02:00:00Z	48.1	12.3	13	0.061	6	0
CKT-1108	2025-10-21T03:00:00Z	48.2	13	14.1	0.04	0	0
CKT-1108	2025-10-21T04:00:00Z	49.9	13.5	13.3	0.035	0	0
CKT-1108	2025-10-21T05:00:00Z	49.3	12.7	12.6	0.084	0	0
CKT-1108	2025-10-21T06:00:00Z	49	13	13.3	0.057	0	0
CKT-1108	2025-10-21T07:00:00Z	51.1	13.5	13.5	0.036	5	0
CKT-1108	2025-10-21T08:00:00Z	48.9	12.4	14.2	0.036	4	0
CKT-1108	2025-10-21T09:00:00Z	45.2	13	14.5	0.051	2	0
CKT-1108	2025-10-21T10:00:00Z	47.5	13.4	14.1	0.056	10	0
CKT-1108	2025-10-21T11:00:00Z	50.6	13.6	14.6	0.034	0	0
CKT-1109	2025-10-19T12:00:00Z	56.8	8.8	2.5	0.429	39	0
CKT-1109	2025-10-19T13:00:00Z	57.6	9.2	3.4	0.407	47	0
CKT-1109	2025-10-19T14:00:00Z	57.9	8.2	3	0.41	41	0
CKT-1109	2025-10-19T15:00:00Z	59.5	8	2.9	0.428	45	0
CKT-1109	2025-10-19T16:00:00Z	58.9	7.8	3.3	0.43	39	0
CKT-1109	2025-10-19T17:00:00Z	59.2	8.1	2.7	0.397	44	0
CKT-1109	2025-10-19T18:00:00Z	56.9	8.6	3.1	0.423	40	0
CKT-1109	2025-10-19T19:00:00Z	57.5	8.9	3.1	0.404	40	0
CKT-1109	2025-10-19T20:00:00Z	57.3	9	2.4	0.411	36	0
CKT-1109	2025-10-19T21:00:00Z	56.6	8.3	2.2	0.401	46	0
CKT-1109	2025-10-19T22:00:00Z	57.2	8.3	2.4	0.413	41	0
CKT-1109	2025-10-19T23:00:00Z	57.9	6.7	2.7	0.407	51	0
CKT-1109	2025-10-20T00:00:00Z	56.8	8.2	3	0.428	43	0
CKT-1109	2025-10-20T01:00:00Z	54.3	7.2	3	0.405	43	0
CKT-1109	2025-10-20T02:00:00Z	55.4	8.2	2.7	0.407	39	0
CKT-1109	2025-10-20T03:00:00Z	53.4	7.6	1.9	0.367	52	0
CKT-1109	2025-10-20T04:00:00Z	52.5	8.4	2.9	0.413	46	0
CKT-1109	2025-10-20T05:00:00Z	57.7	9.2	2.3	0.399	51	0
CKT-1109	2025-10-20T06:00:00Z	54.3	8	2	0.397	35	0
CKT-1109	2025-10-20T07:00:00Z	57.5	8.5	2.6	0.338	39	0
CKT-1109	2025-10-20T08:00:00Z	57.4	8	1.3	0.387	48	0
CKT-1109	2025-10-20T09:00:00Z	55.8	8	2.7	0.367	47	0
CKT-1109	2025-10-20T10:00:00Z	55	8.1	1.9	0.371	45	0
CKT-1109	2025-10-20T11:00:00Z	54.2	8.6	1.7	0.407	42	0
CKT-1109	2025-10-20T12:00:00Z	55.9	8.7	2	0.375	41	0
CKT-1109	2025-10-20T13:00:00Z	53.5	8.3	1.8	0.395	42	0
CKT-1109	2025-10-20T14:00:00Z	53.5	7.1	2.1	0.379	49	0
CKT-1109	2025-10-20T15:00:00Z	55.5	8.6	2.1	0.378	48	0
CKT-1109	2025-10-20T16:00:00Z	51	7.5	1	0.389	41	0
CKT-1109	2025-10-20T17:00:00Z	52.6	8.1	0.9	0.369	34	0
CKT-1109	2025-10-20T18:00:00Z	51.6	8.3	0.9	0.385	45	0
CKT-1109	2025-10-20T19:00:00Z	54.9	8.3	1.4	0.336	49	0
CKT-1109	2025-10-20T20:00:00Z	53.7	9.4	1.8	0.346	46	0
CKT-1109	2025-10-20T21:00:00Z	53.5	8.8	1.9	0.348	38	0
CKT-1109	2025-10-20T22:00:00Z	49.9	7.4	0.9	0.379	52	0
CKT-1109	2025-10-20T23:00:00Z	53.9	8.9	0.8	0.316	39	0
CKT-1109	2025-10-21T00:00:00Z	49.3	7.5	0.8	0.347	45	0
CKT-1109	2025-10-21T01:00:00Z	51.1	8.5	0.7	0.342	39	0
CKT-1109	2025-10-21T02:00:00Z	53.6	8.1	1.3	0.315	45	0
CKT-1109	2025-10-21T03:00:00Z	52.6	6.9	1.4	0.312	46	0
CKT-1109	2025-10-21T04:00:00Z	54.3	8.7	0	0.331	51	0
CKT-1109	2025-10-21T05:00:00Z	50.2	7.9	0.5	0.343	37	0
CKT-1109	2025-10-21T06:00:00Z	52.2	7.8	0.6	0.325	47	0
CKT-1109	2025-10-21T07:00:00Z	51	9	1.1	0.311	51	0
CKT-1109	2025-10-21T08:00:00Z	51.4	8.2	0.9	0.304	38	0
CKT-1109	2025-10-21T09:00:00Z	50.7	7.8	1.5	0.307	45	0
CKT-1109	2025-10-21T10:00:00Z	50.8	8.9	0	0.288	51	0
CKT-1109	2025-10-21T11:00:00Z	50.5	8.6	0.7	0.338	43	0
CKT-1110	2025-10-19T12:00:00Z	48.8	19.1	8.2	0.359	0	0
CKT-1110	2025-10-19T13:00:00Z	50.6	19.3	7.8	0.306	0	0
CKT-1110	2025-10-19T14:00:00Z	50.2	20	7.9	0.298	0	0
CKT-1110	2025-10-19T15:00:00Z	50.7	18.7	7.9	0.321	0	0
CKT-1110	2025-10-19T16:00:00Z	50.4	18.6	9.1	0.304	0	0
CKT-1110	2025-10-19T17:00:00Z	49.6	18.1	7.1	0.318	0	0
CKT-1110	2025-10-19T18:00:00Z	50	18.5	8	0.286	0	0
CKT-1110	2025-10-19T19:00:00Z	51	17.4	8.5	0.284	0	0
CKT-1110	2025-10-19T20:00:00Z	50.5	18.7	8	0.317	0	0
CKT-1110	2025-10-19T21:00:00Z	50.3	18.2	7.6	0.305	0	0
CKT-1110	2025-10-19T22:00:00Z	49.5	17.3	7.7	0.306	0	0
CKT-1110	2025-10-19T23:00:00Z	51.2	18.4	6.7	0.277	0	0
CKT-1110	2025-10-20T00:00:00Z	48.6	17.9	7.9	0.302	4	0
CKT-1110	2025-10-20T01:00:00Z	50.3	18.7	6.5	0.288	0	0
CKT-1110	2025-10-20T02:00:00Z	50.8	18.4	7	0.295	0	0
CKT-1110	2025-10-20T03:00:00Z	49.2	18	7.2	0.279	0	0
CKT-1110	2025-10-20T04:00:00Z	49.5	19	5.6	0.288	0	0
CKT-1110	2025-10-20T05:00:00Z	50.3	18.3	5.7	0.286	0	0
CKT-1110	2025-10-20T06:00:00Z	49.3	18.3	6.4	0.3	0	0
CKT-1110	2025-10-20T07:00:00Z	51.1	18.4	6.8	0.269	0	0
CKT-1110	2025-10-20T08:00:00Z	47.9	18.4	5.6	0.299	0	0
CKT-1110	2025-10-20T09:00:00Z	48.5	18.7	6.5	0.282	8	0
CKT-1110	2025-10-20T10:00:00Z	49.4	18.3	6.8	0.298	7	0
CKT-1110	2025-10-20T11:00:00Z	51.1	18.9	5	0.261	12	0
CKT-1110	2025-10-20T12:00:00Z	50.5	18.3	6.3	0.266	9	0
CKT-1110	2025-10-20T13:00:00Z	49.9	18.7	5.7	0.282	14	0
CKT-1110	2025-10-20T14:00:00Z	48.6	18.6	5.9	0.25	1	0
CKT-1110	2025-10-20T15:00:00Z	47.9	17.9	4.9	0.235	14	0
CKT-1110	2025-10-20T16:00:00Z	48.8	19.1	4.4	0.24	10	0
CKT-1110	2025-10-20T17:00:00Z	50.4	19.1	4.6	0.264	2	0
CKT-1110	2025-10-20T18:00:00Z	50.4	17.6	5	0.263	16	0
CKT-1110	2025-10-20T19:00:00Z	46.6	18.1	5	0.251	14	0
CKT-1110	2025-10-20T20:00:00Z	45.7	19.1	5.2	0.238	15	0
CKT-1110	2025-10-20T21:00:00Z	49.7	19.3	4.5	0.228	16	0
CKT-1110	2025-10-20T22:00:00Z	48.9	18.4	3.3	0.239	21	0
CKT-1110	2025-10-20T23:00:00Z	50.4	19	4.1	0.229	22	0
CKT-1110	2025-10-21T00:00:00Z	50.1	19.3	3.6	0.209	16	0
CKT-1110	2025-10-21T01:00:00Z	47.4	17.6	4.1	0.228	20	0
CKT-1110	2025-10-21T02:00:00Z	49.3	17.5	3.5	0.211	20	0
CKT-1110	2025-10-21T03:00:00Z	46.5	17.8	3.4	0.235	22	0
CKT-1110	2025-10-21T04:00:00Z	50.2	18.3	3.4	0.221	21	0
CKT-1110	2025-10-21T05:00:00Z	47.7	17.5	3	0.225	29	0
CKT-1110	2025-10-21T06:00:00Z	47.4	17.3	3.6	0.206	17	0
CKT-1110	2025-10-21T07:00:00Z	43.8	17.8	2.8	0.179	28	0
CKT-1110	2025-10-21T08:00:00Z	47.2	18.4	4.1	0.201	25	0
CKT-1110	2025-10-21T09:00:00Z	48.3	18.8	3.1	0.176	24	0
CKT-1110	2025-10-21T10:00:00Z	47.4	18.2	3.6	0.205	27	0
CKT-1110	2025-10-21T11:00:00Z	50.2	18.5	1.7	0.223	28	0
CKT-1111	2025-10-19T12:00:00Z	90.4	1	7.4	0	41	0
CKT-1111	2025-10-19T13:00:00Z	91.2	1.1	8	0	45	0
CKT-1111	2025-10-19T14:00:00Z	88.9	1.4	7.2	0	49	0
CKT-1111	2025-10-19T15:00:00Z	88	1	7.1	0	56	0
CKT-1111	2025-10-19T16:00:00Z	90.2	1.3	8.2	0	45	0
CKT-1111	2025-10-19T17:00:00Z	90.3	1	7.2	0	50	0
CKT-1111	2025-10-19T18:00:00Z	86.5	1	7.3	0	56	0
CKT-1111	2025-10-19T19:00:00Z	90.9	1	7.3	0	50	0
CKT-1111	2025-10-19T20:00:00Z	88.3	1.5	7	0	48	0
CKT-1111	2025-10-19T21:00:00Z	88	1.5	7.1	0	41	0
CKT-1111	2025-10-19T22:00:00Z	88.1	1.5	6.5	0	52	0
CKT-1111	2025-10-19T23:00:00Z	88.1	1.8	6.7	0	49	0
CKT-1111	2025-10-20T00:00:00Z	88.4	1.5	6	0	51	0
CKT-1111	2025-10-20T01:00:00Z	89	2.4	6.4	0	51	0
CKT-1111	2025-10-20T02:00:00Z	88.6	1.5	6.3	0	43	0
CKT-1111	2025-10-20T03:00:00Z	85.8	1	6.4	0.008	42	0
CKT-1111	2025-10-20T04:00:00Z	88.3	1	6.5	0	56	0
CKT-1111	2025-10-20T05:00:00Z	89.2	1	7	0	57	0
CKT-1111	2025-10-20T06:00:00Z	87.4	1.6	5.8	0	61	0
CKT-1111	2025-10-20T07:00:00Z	85.7	1	5.1	0	46	0
CKT-1111	2025-10-20T08:00:00Z	86.2	1.2	6.2	0	47	0
CKT-1111	2025-10-20T09:00:00Z	88.7	2	6.5	0	56	0
CKT-1111	2025-10-20T10:00:00Z	89.7	1	6.3	0.025	49	0
CKT-1111	2025-10-20T11:00:00Z	86.9	1.3	6.2	0.05	43	0
CKT-1111	2025-10-20T12:00:00Z	85.7	1.1	6.3	0	47	0
CKT-1111	2025-10-20T13:00:00Z	84.2	1	6	0.033	39	0
CKT-1111	2025-10-20T14:00:00Z	86.1	2.2	4.5	0.062	58	0
CKT-1111	2025-10-20T15:00:00Z	86.2	2.2	4.9	0.088	57	0
CKT-1111	2025-10-20T16:00:00Z	86	1	4.7	0.019	53	0
CKT-1111	2025-10-20T17:00:00Z	86.7	1	5	0.101	52	0
CKT-1111	2025-10-20T18:00:00Z	85	1.1	6	0.094	49	0
CKT-1111	2025-10-20T19:00:00Z	85.6	1.3	4.7	0.079	50	0
CKT-1111	2025-10-20T20:00:00Z	87.8	1.5	4.6	0.114	51	0
CKT-1111	2025-10-20T21:00:00Z	85.9	1.2	3.6	0.043	52	0
CKT-1111	2025-10-20T22:00:00Z	84	1	4.2	0.131	52	0
CKT-1111	2025-10-20T23:00:00Z	86.3	1.3	4	0.135	53	0
CKT-1111	2025-10-21T00:00:00Z	84.8	1	4.8	0.112	56	0
CKT-1111	2025-10-21T01:00:00Z	85.7	1	5.1	0.109	48	0
CKT-1111	2025-10-21T02:00:00Z	83.7	1.2	4.8	0.123	67	0
CKT-1111	2025-10-21T03:00:00Z	83.6	1.2	4.1	0.151	47	0
CKT-1111	2025-10-21T04:00:00Z	86	1	3.1	0.135	58	0
CKT-1111	2025-10-21T05:00:00Z	86.2	1	4.3	0.126	50	0
CKT-1111	2025-10-21T06:00:00Z	82.3	1.5	4.1	0.193	49	0
CKT-1111	2025-10-21T07:00:00Z	83.7	1	3.2	0.2	52	0
CKT-1111	2025-10-21T08:00:00Z	84	1.8	3	0.203	45	0
CKT-1111	2025-10-21T09:00:00Z	86	1.3	4	0.182	61	0
CKT-1111	2025-10-21T10:00:00Z	86.6	1.3	4	0.198	44	0
CKT-1111	2025-10-21T11:00:00Z	84.7	1	4	0.232	52	0
CKT-1112	2025-10-19T12:00:00Z	39.8	10.5	13.9	0	163	0
CKT-1112	2025-10-19T13:00:00Z	40.7	10.1	14.1	0	166	0
CKT-1112	2025-10-19T14:00:00Z	41.3	10.2	13.1	0	159	0
CKT-1112	2025-10-19T15:00:00Z	36.4	10.2	14	0	158	0
CKT-1112	2025-10-19T16:00:00Z	39.8	11	13.7	0	171	0
CKT-1112	2025-10-19T17:00:00Z	37	10.5	14.7	0	170	0
CKT-1112	2025-10-19T18:00:00Z	40.8	11.4	14.5	0.026	165	0
CKT-1112	2025-10-19T19:00:00Z	37.9	9.9	14.9	0.012	162	0
CKT-1112	2025-10-19T20:00:00Z	42.7	10.1	14.7	0.004	157	0
CKT-1112	2025-10-19T21:00:00Z	39.9	11.7	14.1	0.011	158	0
CKT-1112	2025-10-19T22:00:00Z	38.8	9.5	15.2	0	170	0
CKT-1112	2025-10-19T23:00:00Z	39.4	10.4	15	0	165	0
CKT-1112	2025-10-20T00:00:00Z	40.8	11	14.4	0	167	0
CKT-1112	2025-10-20T01:00:00Z	42.5	10	14.4	0.006	158	0
CKT-1112	2025-10-20T02:00:00Z	41.1	9.7	15.6	0.02	169	0
CKT-1112	2025-10-20T03:00:00Z	36.9	9.3	15.9	0.005	156	0
CKT-1112	2025-10-20T04:00:00Z	40.3	10.5	15.3	0.032	165	0
CKT-1112	2025-10-20T05:00:00Z	41.1	11.1	15.4	0.025	168	0
CKT-1112	2025-10-20T06:00:00Z	41.6	9.8	15.5	0.038	161	0
CKT-1112	2025-10-20T07:00:00Z	40	9.5	14.2	0.025	164	0
CKT-1112	2025-10-20T08:00:00Z	39.3	11.1	15.3	0.054	166	0
CKT-1112	2025-10-20T09:00:00Z	44.3	10.6	15.2	0.06	172	0
CKT-1112	2025-10-20T10:00:00Z	38.4	10.7	16.4	0.038	151	0
CKT-1112	2025-10-20T11:00:00Z	40.7	10	16.9	0.044	161	0
CKT-1112	2025-10-20T12:00:00Z	40.3	10.5	16.2	0.034	165	0
CKT-1112	2025-10-20T13:00:00Z	40.5	8.8	16.7	0.064	164	0
CKT-1112	2025-10-20T14:00:00Z	40.7	10.3	16.8	0.043	168	0
CKT-1112	2025-10-20T15:00:00Z	39.2	10.4	16.6	0.079	159	0
CKT-1112	2025-10-20T16:00:00Z	40.3	9.5	16.4	0.068	155	0
CKT-1112	2025-10-20T17:00:00Z	40.9	10.7	16.7	0.068	156	0
CKT-1112	2025-10-20T18:00:00Z	41.5	10.3	16.8	0.073	162	0
CKT-1112	2025-10-20T19:00:00Z	41.1	9.7	17.5	0.048	164	0
CKT-1112	2025-10-20T20:00:00Z	44.6	11	17.3	0.081	163	0
CKT-1112	2025-10-20T21:00:00Z	40.6	10.2	17.5	0.087	167	0
CKT-1112	2025-10-20T22:00:00Z	43.8	10.2	17.4	0.045	175	0
CKT-1112	2025-10-20T23:00:00Z	41.5	10.7	17.2	0.078	162	0
CKT-1112	2025-10-21T00:00:00Z	40.3	8.8	18.1	0.101	159	0
CKT-1112	2025-10-21T01:00:00Z	42.9	10.8	17.3	0.101	169	0
CKT-1112	2025-10-21T02:00:00Z	40.1	10.6	17.9	0.134	166	0
CKT-1112	2025-10-21T03:00:00Z	41.8	10.1	18.9	0.093	166	0
CKT-1112	2025-10-21T04:00:00Z	42.1	11	18.5	0.103	161	0
CKT-1112	2025-10-21T05:00:00Z	41.9	9.3	18.1	0.108	159	0
CKT-1112	2025-10-21T06:00:00Z	39.9	10.4	18.3	0.118	159	0
CKT-1112	2025-10-21T07:00:00Z	43.3	10.2	18.7	0.094	169	0
CKT-1112	2025-10-21T08:00:00Z	45	10.4	18.6	0.132	158	0
CKT-1112	2025-10-21T09:00:00Z	42.1	10.4	19.5	0.096	172	0
CKT-1112	2025-10-21T10:00:00Z	42.6	10.3	19.2	0.164	166	0
CKT-1112	2025-10-21T11:00:00Z	44.7	9.8	18.5	0.1	161	0
CKT-1113	2025-10-19T12:00:00Z	49.2	25.3	12.4	0	0	0
CKT-1113	2025-10-19T13:00:00Z	48	25.1	12.9	0	0	0
CKT-1113	2025-10-19T14:00:00Z	49.6	24.5	13	0	0	0
CKT-1113	2025-10-19T15:00:00Z	47.2	25.5	13.1	0	8	0
CKT-1113	2025-10-19T16:00:00Z	49.2	25.4	13.4	0	14	0
CKT-1113	2025-10-19T17:00:00Z	50.3	24.4	13.7	0	22	0
CKT-1113	2025-10-19T18:00:00Z	48.1	24.6	13	0	18	0
CKT-1113	2025-10-19T19:00:00Z	51.9	25.4	13.6	0	13	0
CKT-1113	2025-10-19T20:00:00Z	47.7	24.1	14.1	0	30	0
CKT-1113	2025-10-19T21:00:00Z	48	25	13.4	0	39	0
CKT-1113	2025-10-19T22:00:00Z	49	25.2	13.2	0	41	0
CKT-1113	2025-10-19T23:00:00Z	51.2	24.8	15.4	0	41	0
CKT-1113	2025-10-20T00:00:00Z	50	25.2	14.2	0	53	0
CKT-1113	2025-10-20T01:00:00Z	50.1	24.7	14.9	0	54	0
CKT-1113	2025-10-20T02:00:00Z	49.8	24.4	14.3	0	60	0
CKT-1113	2025-10-20T03:00:00Z	47.4	25.5	14.9	0	73	0
CKT-1113	2025-10-20T04:00:00Z	50.4	24.1	15.8	0.044	65	0
CKT-1113	2025-10-20T05:00:00Z	50	24.7	14.2	0.034	79	0
CKT-1113	2025-10-20T06:00:00Z	51.6	24.9	15.8	0.015	89	0
CKT-1113	2025-10-20T07:00:00Z	49.6	24.5	15.2	0.036	84	0
CKT-1113	2025-10-20T08:00:00Z	50.5	25	15.2	0.063	84	0
CKT-1113	2025-10-20T09:00:00Z	52.1	25.4	15.7	0.057	96	0
CKT-1113	2025-10-20T10:00:00Z	49.8	24.9	15.8	0.133	93	0
CKT-1113	2025-10-20T11:00:00Z	47.3	24.5	15.1	0.077	98	0
CKT-1113	2025-10-20T12:00:00Z	50.1	24.3	16.6	0.101	115	0
CKT-1113	2025-10-20T13:00:00Z	51.6	25.5	16.1	0.145	117	0
CKT-1113	2025-10-20T14:00:00Z	50.5	25.3	16.4	0.119	120	0
CKT-1113	2025-10-20T15:00:00Z	52.9	23.7	16.4	0.148	126	0
CKT-1113	2025-10-20T16:00:00Z	50.3	23.5	17.5	0.141	137	0
CKT-1113	2025-10-20T17:00:00Z	53.3	24.5	15.6	0.146	134	0
CKT-1113	2025-10-20T18:00:00Z	52.9	24.3	17.1	0.169	144	0
CKT-1113	2025-10-20T19:00:00Z	51.9	25.2	17.2	0.194	140	0
CKT-1113	2025-10-20T20:00:00Z	47.9	24.8	17.1	0.164	142	0
CKT-1113	2025-10-20T21:00:00Z	51.8	24.9	17.4	0.152	146	0
CKT-1113	2025-10-20T22:00:00Z	54.5	24.8	17.5	0.182	159	0
CKT-1113	2025-10-20T23:00:00Z	52.3	24.6	16.9	0.202	174	0
CKT-1113	2025-10-21T00:00:00Z	52.5	25.4	17.7	0.223	166	0
CKT-1113	2025-10-21T01:00:00Z	55.2	25.2	17.5	0.232	180	0
CKT-1113	2025-10-21T02:00:00Z	49	25.1	18.3	0.236	180	0
CKT-1113	2025-10-21T03:00:00Z	54.2	24.2	18.6	0.267	184	0
CKT-1113	2025-10-21T04:00:00Z	53.7	25.4	19.5	0.284	194	0
CKT-1113	2025-10-21T05:00:00Z	54	26.1	17.7	0.248	195	0
CKT-1113	2025-10-21T06:00:00Z	54.8	23.4	18.6	0.29	203	0
CKT-1113	2025-10-21T07:00:00Z	54.6	23.8	18.2	0.288	208	0
CKT-1113	2025-10-21T08:00:00Z	54.7	24.6	19	0.294	220	0
CKT-1113	2025-10-21T09:00:00Z	55.1	25.4	19.7	0.346	215	0
CKT-1113	2025-10-21T10:00:00Z	54.1	25.7	19.2	0.321	229	0
CKT-1113	2025-10-21T11:00:00Z	53.1	23.9	19.8	0.332	227	0
CKT-1114	2025-10-19T12:00:00Z	38.1	6.7	12.6	0.397	115	0
CKT-1114	2025-10-19T13:00:00Z	36.2	5.7	12	0.421	123	0
CKT-1114	2025-10-19T14:00:00Z	36.9	5.6	11.3	0.418	112	0
CKT-1114	2025-10-19T15:00:00Z	35.6	6	11.5	0.435	120	0
CKT-1114	2025-10-19T16:00:00Z	33.3	5.1	11.6	0.411	122	0
CKT-1114	2025-10-19T17:00:00Z	40.2	6.6	11.5	0.429	132	0
CKT-1114	2025-10-19T18:00:00Z	35.7	6.7	11.9	0.387	140	0
CKT-1114	2025-10-19T19:00:00Z	38.4	5.9	12.4	0.468	142	0
CKT-1114	2025-10-19T20:00:00Z	37.9	5.9	11	0.411	151	0
CKT-1114	2025-10-19T21:00:00Z	41.5	7	11.6	0.383	144	0
CKT-1114	2025-10-19T22:00:00Z	40.5	7.1	11.4	0.427	165	0
CKT-1114	2025-10-19T23:00:00Z	40.3	6.8	10.2	0.442	172	0
CKT-1114	2025-10-20T00:00:00Z	40.3	6.7	11	0.439	176	0
CKT-1114	2025-10-20T01:00:00Z	38.9	5.6	10.7	0.439	165	0
CKT-1114	2025-10-20T02:00:00Z	41.3	6	11.3	0.398	183	0
CKT-1114	2025-10-20T03:00:00Z	42.5	6.4	10.8	0.46	190	0
CKT-1114	2025-10-20T04:00:00Z	41.6	6.5	11.5	0.459	184	0
CKT-1114	2025-10-20T05:00:00Z	43.1	6	10.6	0.448	198	0
CKT-1114	2025-10-20T06:00:00Z	44.1	6.1	11.4	0.451	206	0
CKT-1114	2025-10-20T07:00:00Z	42.1	5.8	11.4	0.438	200	0
CKT-1114	2025-10-20T08:00:00Z	40.2	6.9	11.1	0.459	204	0
CKT-1114	2025-10-20T09:00:00Z	42.4	5.9	9.8	0.443	216	0
CKT-1114	2025-10-20T10:00:00Z	41.9	6.3	9.3	0.488	217	0
CKT-1114	2025-10-20T11:00:00Z	44.4	6.2	10.3	0.434	220	0
CKT-1114	2025-10-20T12:00:00Z	42.3	6.1	10.7	0.467	224	0
CKT-1114	2025-10-20T13:00:00Z	43.9	6.1	9.8	0.46	237	0
CKT-1114	2025-10-20T14:00:00Z	43	5.9	10.4	0.471	245	0
CKT-1114	2025-10-20T15:00:00Z	46.5	5.3	9.9	0.454	238	0
CKT-1114	2025-10-20T16:00:00Z	43.5	5.9	9.6	0.454	248	0
CKT-1114	2025-10-20T17:00:00Z	48.7	5.1	10.2	0.467	251	0
CKT-1114	2025-10-20T18:00:00Z	42.3	6.6	8.8	0.486	267	0
CKT-1114	2025-10-20T19:00:00Z	43.7	6.8	9.5	0.429	257	0
CKT-1114	2025-10-20T20:00:00Z	46.3	6.4	8.6	0.473	273	0
CKT-1114	2025-10-20T21:00:00Z	47.8	5.9	9.5	0.496	278	0
CKT-1114	2025-10-20T22:00:00Z	48	6.2	9.2	0.482	275	0
CKT-1114	2025-10-20T23:00:00Z	48.6	5.2	8.9	0.477	286	0
CKT-1114	2025-10-21T00:00:00Z	48.3	7	9.1	0.466	288	0
CKT-1114	2025-10-21T01:00:00Z	47.1	6.4	8.5	0.478	302	0
CKT-1114	2025-10-21T02:00:00Z	48.2	5.5	8.8	0.439	298	0
CKT-1114	2025-10-21T03:00:00Z	50.7	5.4	8.1	0.472	308	0
CKT-1114	2025-10-21T04:00:00Z	51.1	6.4	8.1	0.487	317	0
CKT-1114	2025-10-21T05:00:00Z	48.4	6.2	8.8	0.458	318	0
CKT-1114	2025-10-21T06:00:00Z	50.5	4.9	7.9	0.471	322	0
CKT-1114	2025-10-21T07:00:00Z	48.4	6.4	8.4	0.494	326	0
CKT-1114	2025-10-21T08:00:00Z	50.3	6.1	8.6	0.499	327	0
CKT-1114	2025-10-21T09:00:00Z	49.5	7.2	8.1	0.524	330	0
CKT-1114	2025-10-21T10:00:00Z	51.7	7.2	8.1	0.485	336	0
CKT-1114	2025-10-21T11:00:00Z	50.8	6.3	8.2	0.491	353	0
CKT-1115	2025-10-19T12:00:00Z	70.8	7.6	17.8	0	0	0
CKT-1115	2025-10-19T13:00:00Z	73.4	7.4	18.9	0	0	0
CKT-1115	2025-10-19T14:00:00Z	75.5	9.1	18.9	0	0	0
CKT-1115	2025-10-19T15:00:00Z	74.6	7	19.3	0	0	0
CKT-1115	2025-10-19T16:00:00Z	71.1	6.7	18.5	0	0	0
CKT-1115	2025-10-19T17:00:00Z	74.7	7.2	18.2	0	0	0
CKT-1115	2025-10-19T18:00:00Z	72.6	7.6	19.6	0	0	0
CKT-1115	2025-10-19T19:00:00Z	70.6	8.3	18.6	0	0	0
CKT-1115	2025-10-19T20:00:00Z	75.4	7.7	18.9	0	0	0
CKT-1115	2025-10-19T21:00:00Z	71.8	7.3	19.5	0	0	0
CKT-1115	2025-10-19T22:00:00Z	72.2	7.3	19.7	0	0	0
CKT-1115	2025-10-19T23:00:00Z	72.5	8.4	19.3	0	0	0
CKT-1115	2025-10-20T00:00:00Z	74.1	7.7	19.7	0	0	0
CKT-1115	2025-10-20T01:00:00Z	72.6	8.1	19.8	0	0	0
CKT-1115	2025-10-20T02:00:00Z	74.8	7.1	18.6	0	0	0
CKT-1115	2025-10-20T03:00:00Z	70.9	6.6	18.6	0	0	0
CKT-1115	2025-10-20T04:00:00Z	73.3	7.3	19.1	0	0	0
CKT-1115	2025-10-20T05:00:00Z	71.4	7.5	19.8	0	0	0
CKT-1115	2025-10-20T06:00:00Z	72.8	6.9	19.9	0	0	0
CKT-1115	2025-10-20T07:00:00Z	72.1	9	19.1	0	0	0
CKT-1115	2025-10-20T08:00:00Z	72.1	7.4	19.6	0	0	0
CKT-1115	2025-10-20T09:00:00Z	72.3	9.4	19.6	0.026	0	0
CKT-1115	2025-10-20T10:00:00Z	72.8	8.4	19.1	0.014	0	0
CKT-1115	2025-10-20T11:00:00Z	72	7.2	19.5	0	0	0
CKT-1115	2025-10-20T12:00:00Z	72.6	7.3	20.4	0.026	0	0
CKT-1115	2025-10-20T13:00:00Z	77.3	8.1	21.3	0.015	3	0
CKT-1115	2025-10-20T14:00:00Z	70.8	7.3	19.9	0.09	0	0
CKT-1115	2025-10-20T15:00:00Z	72.4	6.7	20.5	0.018	10	0
CKT-1115	2025-10-20T16:00:00Z	70.1	7.5	19.4	0.032	6	0
CKT-1115	2025-10-20T17:00:00Z	71.9	7.2	20.9	0.092	11	0
CKT-1115	2025-10-20T18:00:00Z	71.5	7.6	20.3	0.072	13	0
CKT-1115	2025-10-20T19:00:00Z	70.4	8.2	21	0.09	11	0
CKT-1115	2025-10-20T20:00:00Z	73.3	6.8	20.6	0.074	12	0
CKT-1115	2025-10-20T21:00:00Z	73.4	7.6	20.5	0.101	16	0
CKT-1115	2025-10-20T22:00:00Z	73.1	6.6	21	0.069	24	0
CKT-1115	2025-10-20T23:00:00Z	70.9	7.8	19.7	0.097	21	0
CKT-1115	2025-10-21T00:00:00Z	73.5	7.2	20.4	0.082	24	0
CKT-1115	2025-10-21T01:00:00Z	73.8	7.7	20.5	0.134	27	0
CKT-1115	2025-10-21T02:00:00Z	72	7.8	21.2	0.1	26	0
CKT-1115	2025-10-21T03:00:00Z	74.4	8.6	20.1	0.134	30	0
CKT-1115	2025-10-21T04:00:00Z	73.3	8.3	19.9	0.132	38	0
CKT-1115	2025-10-21T05:00:00Z	72	6.7	22.1	0.087	36	0
CKT-1115	2025-10-21T06:00:00Z	74.6	7.8	21.6	0.123	38	0
CKT-1115	2025-10-21T07:00:00Z	72	7.2	21.4	0.103	40	0
CKT-1115	2025-10-21T08:00:00Z	69.3	7.7	21.7	0.124	33	0
CKT-1115	2025-10-21T09:00:00Z	72.5	7.9	21.7	0.124	42	0
CKT-1115	2025-10-21T10:00:00Z	73.5	7.7	21.1	0.156	48	0
CKT-1115	2025-10-21T11:00:00Z	73.9	7.8	22.5	0.162	41	0
CKT-1116	2025-10-19T12:00:00Z	93.2	8.9	8.3	0.378	130	0
CKT-1116	2025-10-19T13:00:00Z	96.4	8.8	8.1	0.326	121	0
CKT-1116	2025-10-19T14:00:00Z	94.4	9.3	8.7	0.327	120	0
CKT-1116	2025-10-19T15:00:00Z	96.3	8.3	9.1	0.343	120	0
CKT-1116	2025-10-19T16:00:00Z	91.7	8.4	8.7	0.311	131	0
CKT-1116	2025-10-19T17:00:00Z	93.2	9.2	8.8	0.357	121	0
CKT-1116	2025-10-19T18:00:00Z	93.7	8	8.6	0.342	125	0
CKT-1116	2025-10-19T19:00:00Z	97.1	9.1	8.3	0.323	116	0
CKT-1116	2025-10-19T20:00:00Z	92.5	8.1	8.6	0.308	130	0
CKT-1116	2025-10-19T21:00:00Z	93.7	8.2	9.5	0.245	124	0
CKT-1116	2025-10-19T22:00:00Z	94.2	8.8	9	0.301	126	0
CKT-1116	2025-10-19T23:00:00Z	93.1	7.9	8.7	0.273	120	0
CKT-1116	2025-10-20T00:00:00Z	95.8	9.7	9.4	0.307	124	0
CKT-1116	2025-10-20T01:00:00Z	95.6	9	9.8	0.265	127	0
CKT-1116	2025-10-20T02:00:00Z	92.3	9.2	8	0.253	117	0
CKT-1116	2025-10-20T03:00:00Z	94.6	9	10.2	0.271	127	0
CKT-1116	2025-10-20T04:00:00Z	94.6	9.2	9.1	0.289	118	0
CKT-1116	2025-10-20T05:00:00Z	90.7	9	8.1	0.288	121	0
CKT-1116	2025-10-20T06:00:00Z	92.9	10.4	9.1	0.253	127	0
CKT-1116	2025-10-20T07:00:00Z	95.8	9.5	8.5	0.262	122	0
CKT-1116	2025-10-20T08:00:00Z	93.2	8.8	8.3	0.265	122	0
CKT-1116	2025-10-20T09:00:00Z	94	8.7	9.1	0.264	118	0
CKT-1116	2025-10-20T10:00:00Z	94.2	8.7	8.7	0.239	120	0
CKT-1116	2025-10-20T11:00:00Z	92.7	9.1	10.1	0.232	123	0
CKT-1116	2025-10-20T12:00:00Z	94.7	8.5	9.9	0.228	113	0
CKT-1116	2025-10-20T13:00:00Z	96.8	9.4	9.7	0.166	123	0
CKT-1116	2025-10-20T14:00:00Z	96.4	9	9.5	0.233	124	0
CKT-1116	2025-10-20T15:00:00Z	96.9	8.9	9.5	0.228	122	0
CKT-1116	2025-10-20T16:00:00Z	93.6	8.8	9.8	0.224	128	0
CKT-1116	2025-10-20T17:00:00Z	95.2	8.7	9.3	0.205	115	0
CKT-1116	2025-10-20T18:00:00Z	95.4	10.5	8.9	0.198	125	0
CKT-1116	2025-10-20T19:00:00Z	96.2	8.2	9.9	0.179	116	0
CKT-1116	2025-10-20T20:00:00Z	96.9	9.2	9.2	0.173	121	0
CKT-1116	2025-10-20T21:00:00Z	93.1	9.3	10.1	0.172	123	0
CKT-1116	2025-10-20T22:00:00Z	95.8	8.9	9.1	0.184	118	0
CKT-1116	2025-10-20T23:00:00Z	96.8	8.2	9.2	0.168	123	0
CKT-1116	2025-10-21T00:00:00Z	96	8.3	10	0.169	129	0
CKT-1116	2025-10-21T01:00:00Z	96.2	8.4	9.2	0.128	125	0
CKT-1116	2025-10-21T02:00:00Z	97.1	8.3	10.1	0.15	127	0
CKT-1116	2025-10-21T03:00:00Z	97.3	7.4	10.5	0.153	121	0
CKT-1116	2025-10-21T04:00:00Z	95.4	8.8	9.8	0.124	120	0
CKT-1116	2025-10-21T05:00:00Z	94.6	9.6	10.1	0.183	125	0
CKT-1116	2025-10-21T06:00:00Z	97.1	8.2	10	0.134	120	0
CKT-1116	2025-10-21T07:00:00Z	95.6	9.1	10.4	0.1	125	0
CKT-1116	2025-10-21T08:00:00Z	97.2	8.4	9.9	0.131	111	0
CKT-1116	2025-10-21T09:00:00Z	96.5	9.8	9	0.133	126	0
CKT-1116	2025-10-21T10:00:00Z	94.4	9.1	10.8	0.088	120	0
CKT-1116	2025-10-21T11:00:00Z	96.7	9.4	10.1	0.106	120	0
CKT-1117	2025-10-19T12:00:00Z	80.2	5.9	6	0.212	157	0
CKT-1117	2025-10-19T13:00:00Z	82.2	6.6	6.5	0.221	152	0
CKT-1117	2025-10-19T14:00:00Z	84.4	5.8	6.4	0.22	163	0
CKT-1117	2025-10-19T15:00:00Z	82.4	5.9	5.9	0.282	162	0
CKT-1117	2025-10-19T16:00:00Z	83.2	5.6	6	0.224	169	0
CKT-1117	2025-10-19T17:00:00Z	86.3	5.4	6.5	0.29	166	0
CKT-1117	2025-10-19T18:00:00Z	83.6	5.5	5.4	0.267	166	0
CKT-1117	2025-10-19T19:00:00Z	86.1	5.9	6.5	0.234	161	0
CKT-1117	2025-10-19T20:00:00Z	83.5	5.8	6.1	0.267	166	0
CKT-1117	2025-10-19T21:00:00Z	85.2	5.7	7	0.295	159	0
CKT-1117	2025-10-19T22:00:00Z	85.7	6.4	7	0.222	156	0
CKT-1117	2025-10-19T23:00:00Z	86.2	5.3	7.5	0.302	157	0
CKT-1117	2025-10-20T00:00:00Z	83.7	5.3	6.7	0.298	154	0
CKT-1117	2025-10-20T01:00:00Z	86.6	6.3	7.5	0.278	159	0
CKT-1117	2025-10-20T02:00:00Z	88.5	5.4	7.6	0.269	150	0
CKT-1117	2025-10-20T03:00:00Z	85.5	5.4	7.2	0.261	163	0
CKT-1117	2025-10-20T04:00:00Z	87.2	5.3	7.2	0.256	161	0
CKT-1117	2025-10-20T05:00:00Z	88.4	6.3	7.2	0.319	158	0
CKT-1117	2025-10-20T06:00:00Z	85	4.7	7.1	0.289	158	0
CKT-1117	2025-10-20T07:00:00Z	85.8	5	7.2	0.267	165	0
CKT-1117	2025-10-20T08:00:00Z	89.6	6.6	8.2	0.277	156	0
CKT-1117	2025-10-20T09:00:00Z	88.3	5.4	8.2	0.328	161	0
CKT-1117	2025-10-20T10:00:00Z	90.7	4.8	8.3	0.298	155	0
CKT-1117	2025-10-20T11:00:00Z	88.7	6.4	9.3	0.303	150	0
CKT-1117	2025-10-20T12:00:00Z	88.5	6	8.2	0.302	157	0
CKT-1117	2025-10-20T13:00:00Z	87.7	6.1	9.1	0.274	157	0
CKT-1117	2025-10-20T14:00:00Z	85.8	6.6	9	0.262	159	0
CKT-1117	2025-10-20T15:00:00Z	87.9	5.1	9.2	0.325	161	0
CKT-1117	2025-10-20T16:00:00Z	87.6	5.1	8.8	0.298	159	0
CKT-1117	2025-10-20T17:00:00Z	89.6	4.6	8.5	0.309	167	0
CKT-1117	2025-10-20T18:00:00Z	90.2	5.5	9.2	0.31	165	0
CKT-1117	2025-10-20T19:00:00Z	89.8	6.3	8.4	0.299	161	0
CKT-1117	2025-10-20T20:00:00Z	90.1	6.9	8.3	0.317	159	0
CKT-1117	2025-10-20T21:00:00Z	89.9	6.5	9.8	0.288	167	0
CKT-1117	2025-10-20T22:00:00Z	92	5.7	8.6	0.32	162	0
CKT-1117	2025-10-20T23:00:00Z	91.5	4.4	9.2	0.347	167	0
CKT-1117	2025-10-21T00:00:00Z	90.8	6.2	9.9	0.347	160	0
CKT-1117	2025-10-21T01:00:00Z	91.1	4.8	10.1	0.305	163	0
CKT-1117	2025-10-21T02:00:00Z	89.9	5.7	9.4	0.323	161	0
CKT-1117	2025-10-21T03:00:00Z	91.9	6.2	9.4	0.305	155	0
CKT-1117	2025-10-21T04:00:00Z	89.4	6.4	10.8	0.318	168	0
CKT-1117	2025-10-21T05:00:00Z	93.1	4.5	9.7	0.307	159	0
CKT-1117	2025-10-21T06:00:00Z	91.4	5.5	9.3	0.314	161	0
CKT-1117	2025-10-21T07:00:00Z	92.5	4.3	9.8	0.366	153	0
CKT-1117	2025-10-21T08:00:00Z	91.8	4.7	11	0.308	158	0
CKT-1117	2025-10-21T09:00:00Z	93.4	5.9	10.5	0.336	158	0
CKT-1117	2025-10-21T10:00:00Z	90.3	5.4	10.8	0.345	165	0
CKT-1117	2025-10-21T11:00:00Z	90.8	4.5	10.7	0.358	159	0
CKT-1118	2025-10-19T12:00:00Z	66.3	9.8	12.9	0.557	118	0
CKT-1118	2025-10-19T13:00:00Z	67.1	9.6	14.8	0.593	122	0
CKT-1118	2025-10-19T14:00:00Z	67.4	11.4	14.7	0.586	114	0
CKT-1118	2025-10-19T15:00:00Z	67.4	9.8	14.3	0.585	123	0
CKT-1118	2025-10-19T16:00:00Z	65.6	11.2	14.2	0.591	111	0
CKT-1118	2025-10-19T17:00:00Z	67.6	10.6	13.6	0.565	122	0
CKT-1118	2025-10-19T18:00:00Z	65.1	9.7	14.4	0.532	123	0
CKT-1118	2025-10-19T19:00:00Z	69.2	11.3	14.1	0.596	122	0
CKT-1118	2025-10-19T20:00:00Z	66.2	11.5	13.6	0.556	107	0
CKT-1118	2025-10-19T21:00:00Z	67.4	10.5	13.8	0.554	113	0
CKT-1118	2025-10-19T22:00:00Z	67.4	11.4	13.4	0.571	117	0
CKT-1118	2025-10-19T23:00:00Z	68.1	10.6	13.5	0.56	118	0
CKT-1118	2025-10-20T00:00:00Z	66.5	9.8	13.9	0.563	121	0
CKT-1118	2025-10-20T01:00:00Z	69.7	10.9	13.6	0.545	109	0
CKT-1118	2025-10-20T02:00:00Z	67.1	10.6	13.6	0.544	109	0
CKT-1118	2025-10-20T03:00:00Z	66.5	11.1	13.2	0.526	116	0
CKT-1118	2025-10-20T04:00:00Z	67	11.3	12.9	0.537	112	0
CKT-1118	2025-10-20T05:00:00Z	68.9	10.3	13.5	0.558	112	0
CKT-1118	2025-10-20T06:00:00Z	67.8	10.4	14.2	0.529	122	0
CKT-1118	2025-10-20T07:00:00Z	68.7	11.3	13.6	0.539	108	0
CKT-1118	2025-10-20T08:00:00Z	66.8	11.3	13.9	0.573	108	0
CKT-1118	2025-10-20T09:00:00Z	70.1	10	12.9	0.512	117	0
CKT-1118	2025-10-20T10:00:00Z	68.5	10.7	13.6	0.542	119	0
CKT-1118	2025-10-20T11:00:00Z	70.4	10.5	12.9	0.527	110	0
CKT-1118	2025-10-20T12:00:00Z	70	10	13.1	0.492	113	0
CKT-1118	2025-10-20T13:00:00Z	69	10.2	13	0.462	106	0
CKT-1118	2025-10-20T14:00:00Z	71.4	10.7	12.6	0.527	112	0
CKT-1118	2025-10-20T15:00:00Z	69.5	10.2	13.9	0.509	116	0
CKT-1118	2025-10-20T16:00:00Z	71.3	9.5	12.6	0.511	115	0
CKT-1118	2025-10-20T17:00:00Z	74.1	10.3	13.3	0.515	116	0
CKT-1118	2025-10-20T18:00:00Z	71.4	10.5	11.7	0.503	118	0
CKT-1118	2025-10-20T19:00:00Z	72	10.7	13.2	0.475	123	0
CKT-1118	2025-10-20T20:00:00Z	69.8	10.6	13	0.48	119	0
CKT-1118	2025-10-20T21:00:00Z	70.9	10.7	12.5	0.475	127	0
CKT-1118	2025-10-20T22:00:00Z	70.4	9.3	12.1	0.487	114	0
CKT-1118	2025-10-20T23:00:00Z	73.3	11.2	12.3	0.448	109	0
CKT-1118	2025-10-21T00:00:00Z	71.9	9.7	12.2	0.507	117	0
CKT-1118	2025-10-21T01:00:00Z	72.2	10	12.4	0.47	117	0
CKT-1118	2025-10-21T02:00:00Z	73.4	11.2	12.3	0.483	113	0
CKT-1118	2025-10-21T03:00:00Z	74.2	10.1	12.1	0.494	113	0
CKT-1118	2025-10-21T04:00:00Z	70.7	10.4	12.8	0.421	116	0
CKT-1118	2025-10-21T05:00:00Z	71.9	10.5	11.9	0.483	116	0
CKT-1118	2025-10-21T06:00:00Z	74.6	11.4	12	0.454	117	0
CKT-1118	2025-10-21T07:00:00Z	74.1	9.9	12.1	0.453	113	0
CKT-1118	2025-10-21T08:00:00Z	72.4	10.3	12.5	0.448	121	0
CKT-1118	2025-10-21T09:00:00Z	73.8	10	11.9	0.428	119	0
CKT-1118	2025-10-21T10:00:00Z	73.5	11.1	12.5	0.414	113	0
CKT-1118	2025-10-21T11:00:00Z	72.1	11.9	11.5	0.42	127	0
CKT-1119	2025-10-19T12:00:00Z	2.1	12.7	2.3	0.395	26	0
CKT-1119	2025-10-19T13:00:00Z	0	13.7	2.1	0.343	9	0
CKT-1119	2025-10-19T14:00:00Z	3.5	13.9	1.9	0.368	11	0
CKT-1119	2025-10-19T15:00:00Z	2.6	13	1.3	0.372	14	0
CKT-1119	2025-10-19T16:00:00Z	2.2	12.4	2.2	0.352	10	0
CKT-1119	2025-10-19T17:00:00Z	2.8	13.6	1.6	0.366	25	0
CKT-1119	2025-10-19T18:00:00Z	2	14	2	0.35	26	0
CKT-1119	2025-10-19T19:00:00Z	0.6	12.4	2.3	0.364	15	0
CKT-1119	2025-10-19T20:00:00Z	0.1	13.5	0.8	0.334	39	0
CKT-1119	2025-10-19T21:00:00Z	0.6	13.7	2.2	0.327	28	0
CKT-1119	2025-10-19T22:00:00Z	4.1	13.3	2.6	0.329	36	0
CKT-1119	2025-10-19T23:00:00Z	1	12.8	1.6	0.336	28	0
CKT-1119	2025-10-20T00:00:00Z	1.7	11.9	0.8	0.349	34	0
CKT-1119	2025-10-20T01:00:00Z	1.4	13.2	1.3	0.35	23	0
CKT-1119	2025-10-20T02:00:00Z	0.1	13	1.1	0.284	25	0
CKT-1119	2025-10-20T03:00:00Z	0.7	13.6	0.7	0.31	35	0
CKT-1119	2025-10-20T04:00:00Z	0.2	13.5	0.7	0.297	41	0
CKT-1119	2025-10-20T05:00:00Z	2.5	12.4	0.9	0.309	38	0
CKT-1119	2025-10-20T06:00:00Z	0	13.5	1.2	0.293	36	0
CKT-1119	2025-10-20T07:00:00Z	2.3	12.4	0.2	0.321	36	0
CKT-1119	2025-10-20T08:00:00Z	0	12.8	1.3	0.345	34	0
CKT-1119	2025-10-20T09:00:00Z	0	12.7	1.2	0.317	46	0
CKT-1119	2025-10-20T10:00:00Z	1.8	12.2	0	0.282	37	0
CKT-1119	2025-10-20T11:00:00Z	0	12.7	0.4	0.295	47	0
CKT-1119	2025-10-20T12:00:00Z	0.6	12.6	0.1	0.259	30	0
CKT-1119	2025-10-20T13:00:00Z	1.1	13.6	0	0.277	36	0
CKT-1119	2025-10-20T14:00:00Z	1.9	13.3	0	0.281	41	0
CKT-1119	2025-10-20T15:00:00Z	0	13.2	0	0.269	53	0
CKT-1119	2025-10-20T16:00:00Z	0	11.5	0	0.254	45	0
CKT-1119	2025-10-20T17:00:00Z	0	13.3	0	0.26	47	0
CKT-1119	2025-10-20T18:00:00Z	0	12.9	0	0.266	49	0
CKT-1119	2025-10-20T19:00:00Z	0.1	13.7	0	0.267	61	0
CKT-1119	2025-10-20T20:00:00Z	0	13	0	0.244	49	0
CKT-1119	2025-10-20T21:00:00Z	0.5	13.4	0	0.271	46	0
CKT-1119	2025-10-20T22:00:00Z	0.4	13	0	0.244	47	0
CKT-1119	2025-10-20T23:00:00Z	0	13.2	0	0.244	52	0
CKT-1119	2025-10-21T00:00:00Z	0	13.3	0	0.236	58	0
CKT-1119	2025-10-21T01:00:00Z	0.4	12.1	0	0.22	55	0
CKT-1119	2025-10-21T02:00:00Z	0	13.1	0	0.233	50	0
CKT-1119	2025-10-21T03:00:00Z	2.3	13.7	0	0.227	47	0
CKT-1119	2025-10-21T04:00:00Z	0	12.2	0	0.249	57	0
CKT-1119	2025-10-21T05:00:00Z	0	13.8	0	0.226	54	0
CKT-1119	2025-10-21T06:00:00Z	0	12.9	0	0.247	68	0
CKT-1119	2025-10-21T07:00:00Z	0.6	13.5	0	0.196	55	0
CKT-1119	2025-10-21T08:00:00Z	0	13.2	0	0.193	62	0
CKT-1119	2025-10-21T09:00:00Z	0	13.5	0	0.171	64	0
CKT-1119	2025-10-21T10:00:00Z	1.3	13	0	0.195	66	0
CKT-1119	2025-10-21T11:00:00Z	0	12.9	0	0.211	60	0
CKT-1120	2025-10-19T12:00:00Z	64.2	11.5	8.7	0.337	0	0
CKT-1120	2025-10-19T13:00:00Z	60	10.3	8.9	0.34	0	0
CKT-1120	2025-10-19T14:00:00Z	62	9.8	8.1	0.37	0	0
CKT-1120	2025-10-19T15:00:00Z	66.1	9.6	8.2	0.348	0	0
CKT-1120	2025-10-19T16:00:00Z	61.6	9.8	9.1	0.36	0	0
CKT-1120	2025-10-19T17:00:00Z	64.9	10.3	9.3	0.36	0	0
CKT-1120	2025-10-19T18:00:00Z	63	10.2	9.5	0.379	0	0
CKT-1120	2025-10-19T19:00:00Z	62.4	9.8	8.3	0.402	0	0
CKT-1120	2025-10-19T20:00:00Z	64.6	9.5	9.3	0.449	0	0
CKT-1120	2025-10-19T21:00:00Z	62.6	10.4	9.2	0.437	0	0
CKT-1120	2025-10-19T22:00:00Z	63	9.9	9.1	0.451	1	0
CKT-1120	2025-10-19T23:00:00Z	64.8	9.7	9.1	0.43	5	0
CKT-1120	2025-10-20T00:00:00Z	61.8	9.9	9.2	0.474	0	0
CKT-1120	2025-10-20T01:00:00Z	63.3	10.5	9.6	0.471	0	0
CKT-1120	2025-10-20T02:00:00Z	61.2	10.6	9.6	0.481	4	0
CKT-1120	2025-10-20T03:00:00Z	59.7	9.7	9.5	0.485	0	0
CKT-1120	2025-10-20T04:00:00Z	63.4	10.9	10.6	0.53	6	0
CKT-1120	2025-10-20T05:00:00Z	60.6	9.9	10	0.56	7	0
CKT-1120	2025-10-20T06:00:00Z	59.4	10.3	9.2	0.539	13	0
CKT-1120	2025-10-20T07:00:00Z	58.7	11.4	9.9	0.548	6	0
CKT-1120	2025-10-20T08:00:00Z	59.3	9.8	9.8	0.563	2	0
CKT-1120	2025-10-20T09:00:00Z	59.8	9.3	9.2	0.556	16	0
CKT-1120	2025-10-20T10:00:00Z	60.6	10.5	9.9	0.604	14	0
CKT-1120	2025-10-20T11:00:00Z	60.4	11.1	9.9	0.618	13	0
CKT-1120	2025-10-20T12:00:00Z	58.3	10.1	9.1	0.615	9	0
CKT-1120	2025-10-20T13:00:00Z	59	9.9	10.3	0.613	21	0
CKT-1120	2025-10-20T14:00:00Z	60.2	9.6	10.5	0.662	14	0
CKT-1120	2025-10-20T15:00:00Z	57.6	11.4	10.5	0.63	15	0
CKT-1120	2025-10-20T16:00:00Z	58.7	10.1	9.7	0.668	10	0
CKT-1120	2025-10-20T17:00:00Z	58.3	10.3	10.1	0.673	20	0
CKT-1120	2025-10-20T18:00:00Z	57.3	9.7	9.8	0.675	17	0
CKT-1120	2025-10-20T19:00:00Z	59.4	9.6	10.8	0.705	11	0
CKT-1120	2025-10-20T20:00:00Z	58.6	10.8	9.6	0.755	15	0
CKT-1120	2025-10-20T21:00:00Z	55.7	10.2	11	0.722	21	0
CKT-1120	2025-10-20T22:00:00Z	61.1	10.2	12.2	0.765	21	0
CKT-1120	2025-10-20T23:00:00Z	58.2	9.9	10.9	0.763	19	0
CKT-1120	2025-10-21T00:00:00Z	55.6	10.9	11.3	0.736	23	0
CKT-1120	2025-10-21T01:00:00Z	59	10.7	10.5	0.796	24	0
CKT-1120	2025-10-21T02:00:00Z	57.9	9.5	8.8	0.773	27	0
CKT-1120	2025-10-21T03:00:00Z	56.8	10.5	11.6	0.794	23	0
CKT-1120	2025-10-21T04:00:00Z	53.7	9.2	10.4	0.824	25	0
CKT-1120	2025-10-21T05:00:00Z	56	9.7	10.8	0.843	28	1
CKT-1120	2025-10-21T06:00:00Z	58.1	8.8	11.5	0.827	27	1
CKT-1120	2025-10-21T07:00:00Z	58.5	9.9	11.5	0.829	30	1
CKT-1120	2025-10-21T08:00:00Z	53.9	10.1	11.5	0.883	26	1
CKT-1120	2025-10-21T09:00:00Z	55.3	9.7	11.3	0.854	21	1
CKT-1120	2025-10-21T10:00:00Z	54.4	10.1	11.4	0.897	37	1
CKT-1120	2025-10-21T11:00:00Z	55.1	9.1	11.8	0.898	32	1
CKT-1121	2025-10-19T12:00:00Z	48.5	9.8	0.5	0.317	39	0
CKT-1121	2025-10-19T13:00:00Z	50.2	9.7	0.6	0.354	29	0
CKT-1121	2025-10-19T14:00:00Z	47.6	9.9	0.9	0.339	37	0
CKT-1121	2025-10-19T15:00:00Z	48.2	8.9	0.4	0.344	29	0
CKT-1121	2025-10-19T16:00:00Z	46.6	9.8	0.5	0.3	35	0
CKT-1121	2025-10-19T17:00:00Z	49.1	10.7	0.9	0.349	35	0
CKT-1121	2025-10-19T18:00:00Z	49.1	9.4	1.5	0.355	29	0
CKT-1121	2025-10-19T19:00:00Z	48.3	9	1.5	0.308	41	0
CKT-1121	2025-10-19T20:00:00Z	51	9.8	0.8	0.369	39	0
CKT-1121	2025-10-19T21:00:00Z	48.5	9	0.3	0.372	47	0
CKT-1121	2025-10-19T22:00:00Z	52.5	9.6	0.5	0.329	36	0
CKT-1121	2025-10-19T23:00:00Z	51.1	10.6	2	0.343	30	0
CKT-1121	2025-10-20T00:00:00Z	49.6	10.4	1.4	0.349	40	0
CKT-1121	2025-10-20T01:00:00Z	50.5	9	2.4	0.393	39	0
CKT-1121	2025-10-20T02:00:00Z	49.2	9.8	1.4	0.373	49	0
CKT-1121	2025-10-20T03:00:00Z	50.3	10.5	1.3	0.376	44	0
CKT-1121	2025-10-20T04:00:00Z	53.7	8.3	2	0.349	47	0
CKT-1121	2025-10-20T05:00:00Z	54.4	9.2	1.2	0.361	45	0
CKT-1121	2025-10-20T06:00:00Z	51.2	9.8	1.8	0.381	44	0
CKT-1121	2025-10-20T07:00:00Z	51.6	9.7	1.7	0.369	46	0
CKT-1121	2025-10-20T08:00:00Z	53.7	9.2	1.8	0.37	50	0
CKT-1121	2025-10-20T09:00:00Z	55.2	8.9	0.7	0.367	46	0
CKT-1121	2025-10-20T10:00:00Z	49.2	10.8	2.3	0.395	51	0
CKT-1121	2025-10-20T11:00:00Z	54.5	9.5	2.5	0.388	53	0
CKT-1121	2025-10-20T12:00:00Z	54.2	10.6	2.2	0.366	56	0
CKT-1121	2025-10-20T13:00:00Z	55.1	9.6	2.2	0.368	56	0
CKT-1121	2025-10-20T14:00:00Z	52.8	9.6	1.9	0.412	64	0
CKT-1121	2025-10-20T15:00:00Z	53.1	9.7	2.2	0.404	58	0
CKT-1121	2025-10-20T16:00:00Z	54.5	9.8	2.3	0.429	55	0
CKT-1121	2025-10-20T17:00:00Z	55.7	10	2.7	0.394	66	0
CKT-1121	2025-10-20T18:00:00Z	52.4	9.1	2.8	0.385	56	0
CKT-1121	2025-10-20T19:00:00Z	55.1	9.3	2.9	0.423	62	0
CKT-1121	2025-10-20T20:00:00Z	57.6	8.9	2.7	0.435	67	0
CKT-1121	2025-10-20T21:00:00Z	58.4	9.4	3.2	0.402	66	0
CKT-1121	2025-10-20T22:00:00Z	58.4	9.3	1.9	0.45	67	0
CKT-1121	2025-10-20T23:00:00Z	56.6	9.6	1.8	0.42	63	0
CKT-1121	2025-10-21T00:00:00Z	57	9.7	1.2	0.428	67	0
CKT-1121	2025-10-21T01:00:00Z	57.7	9.6	3	0.424	69	0
CKT-1121	2025-10-21T02:00:00Z	58.1	9.9	4	0.409	67	0
CKT-1121	2025-10-21T03:00:00Z	60.2	9.6	3.6	0.429	68	0
CKT-1121	2025-10-21T04:00:00Z	59.4	10	2.4	0.432	66	0
CKT-1121	2025-10-21T05:00:00Z	60	10.8	4.2	0.439	69	0
CKT-1121	2025-10-21T06:00:00Z	58.8	9.2	4.5	0.458	74	0
CKT-1121	2025-10-21T07:00:00Z	60.1	9.4	2.8	0.392	74	0
CKT-1121	2025-10-21T08:00:00Z	58.5	10	3.4	0.449	79	0
CKT-1121	2025-10-21T09:00:00Z	56.9	10.3	3.3	0.452	81	0
CKT-1121	2025-10-21T10:00:00Z	60.8	9.8	3.7	0.462	69	0
CKT-1121	2025-10-21T11:00:00Z	58.1	9.6	3	0.442	76	0
CKT-1122	2025-10-19T12:00:00Z	30.9	6.9	0	0.303	28	0
CKT-1122	2025-10-19T13:00:00Z	32.3	8	0.7	0.323	35	0
CKT-1122	2025-10-19T14:00:00Z	30.1	7.9	0	0.317	30	0
CKT-1122	2025-10-19T15:00:00Z	33.3	6.7	1.1	0.294	36	0
CKT-1122	2025-10-19T16:00:00Z	31.2	7.4	1.5	0.374	26	0
CKT-1122	2025-10-19T17:00:00Z	32.4	7.1	1.8	0.333	42	0
CKT-1122	2025-10-19T18:00:00Z	34	6.7	0	0.329	50	0
CKT-1122	2025-10-19T19:00:00Z	34	8.1	0	0.342	44	0
CKT-1122	2025-10-19T20:00:00Z	32	7.4	0.3	0.373	44	0
CKT-1122	2025-10-19T21:00:00Z	34.7	8	0.6	0.383	42	0
CKT-1122	2025-10-19T22:00:00Z	34.7	6.3	0.4	0.417	50	0
CKT-1122	2025-10-19T23:00:00Z	34.7	6.9	0.3	0.373	48	0
CKT-1122	2025-10-20T00:00:00Z	36.8	8.1	0.9	0.387	54	0
CKT-1122	2025-10-20T01:00:00Z	32	6.3	1.2	0.394	46	0
CKT-1122	2025-10-20T02:00:00Z	30.9	8	0.6	0.408	53	0
CKT-1122	2025-10-20T03:00:00Z	34	7.1	0.9	0.419	55	0
CKT-1122	2025-10-20T04:00:00Z	33.6	7.8	1.3	0.392	58	0
CKT-1122	2025-10-20T05:00:00Z	33.4	7.4	1.7	0.429	71	0
CKT-1122	2025-10-20T06:00:00Z	34.6	7.3	1	0.432	64	0
CKT-1122	2025-10-20T07:00:00Z	32.8	7.3	0.6	0.457	55	0
CKT-1122	2025-10-20T08:00:00Z	34.6	6.5	1.2	0.436	57	0
CKT-1122	2025-10-20T09:00:00Z	35.9	5.9	1	0.465	75	0
CKT-1122	2025-10-20T10:00:00Z	32.1	7.1	1.6	0.482	77	0
CKT-1122	2025-10-20T11:00:00Z	38.4	7.1	1.3	0.459	63	0
CKT-1122	2025-10-20T12:00:00Z	34.5	6.2	0.9	0.444	77	0
CKT-1122	2025-10-20T13:00:00Z	33.5	6.4	1.6	0.469	74	0
CKT-1122	2025-10-20T14:00:00Z	33.3	8.1	1.3	0.476	69	0
CKT-1122	2025-10-20T15:00:00Z	38.6	8.6	1.9	0.482	78	0
CKT-1122	2025-10-20T16:00:00Z	35.5	6.9	0.7	0.532	82	0
CKT-1122	2025-10-20T17:00:00Z	33.3	8	1	0.471	79	0
CKT-1122	2025-10-20T18:00:00Z	34.2	7.6	1.4	0.542	85	0
CKT-1122	2025-10-20T19:00:00Z	34.4	8.2	1.8	0.521	90	0
CKT-1122	2025-10-20T20:00:00Z	34.4	6.7	2.4	0.522	92	0
CKT-1122	2025-10-20T21:00:00Z	32.9	7.9	0.8	0.573	101	0
CKT-1122	2025-10-20T22:00:00Z	36.1	7.5	1.3	0.546	97	0
CKT-1122	2025-10-20T23:00:00Z	35.5	8	1	0.585	94	0
CKT-1122	2025-10-21T00:00:00Z	34.3	7.7	1.7	0.527	96	0
CKT-1122	2025-10-21T01:00:00Z	32.2	7	1.1	0.575	97	0
CKT-1122	2025-10-21T02:00:00Z	34.7	8.2	2.5	0.558	108	0
CKT-1122	2025-10-21T03:00:00Z	36.2	6.4	1.1	0.523	106	0
CKT-1122	2025-10-21T04:00:00Z	34	7.5	2.8	0.623	103	0
CKT-1122	2025-10-21T05:00:00Z	34.2	8.2	1.1	0.618	122	0
CKT-1122	2025-10-21T06:00:00Z	36.8	8.2	2.1	0.595	112	0
CKT-1122	2025-10-21T07:00:00Z	34.4	8.2	1.1	0.627	118	0
CKT-1122	2025-10-21T08:00:00Z	35.2	7	1.6	0.603	115	0
CKT-1122	2025-10-21T09:00:00Z	34.6	6.9	1.9	0.64	115	0
CKT-1122	2025-10-21T10:00:00Z	33.6	8.1	1.5	0.676	118	0
CKT-1122	2025-10-21T11:00:00Z	36.3	7.2	1.8	0.712	119	0
CKT-1123	2025-10-19T12:00:00Z	61.8	14.2	13.1	0.087	0	0
CKT-1123	2025-10-19T13:00:00Z	63	16.5	12	0.113	2	0
CKT-1123	2025-10-19T14:00:00Z	62.1	16.1	12.8	0.094	3	0
CKT-1123	2025-10-19T15:00:00Z	64.4	15.9	13.3	0.109	2	0
CKT-1123	2025-10-19T16:00:00Z	64.2	15	11.5	0.126	6	0
CKT-1123	2025-10-19T17:00:00Z	64.7	15.6	11.9	0.136	4	0
CKT-1123	2025-10-19T18:00:00Z	65.7	15.8	12.6	0.165	6	0
CKT-1123	2025-10-19T19:00:00Z	65.9	14.6	13	0.141	4	0
CKT-1123	2025-10-19T20:00:00Z	63.6	16.9	11.2	0.184	6	0
CKT-1123	2025-10-19T21:00:00Z	62.8	16.8	12.8	0.115	1	0
CKT-1123	2025-10-19T22:00:00Z	66.7	16.6	12.4	0.118	11	0
CKT-1123	2025-10-19T23:00:00Z	66.9	14.3	12.8	0.187	2	0
CKT-1123	2025-10-20T00:00:00Z	65.2	15.2	12.5	0.193	7	0
CKT-1123	2025-10-20T01:00:00Z	63.4	15.8	12.9	0.197	1	0
CKT-1123	2025-10-20T02:00:00Z	69	16.4	12.5	0.2	7	0
CKT-1123	2025-10-20T03:00:00Z	69.1	15.1	12.2	0.215	0	0
CKT-1123	2025-10-20T04:00:00Z	64.5	15.1	13	0.249	0	0
CKT-1123	2025-10-20T05:00:00Z	67.4	15.7	12.5	0.211	5	0
CKT-1123	2025-10-20T06:00:00Z	66.1	15.1	12.8	0.24	0	0
CKT-1123	2025-10-20T07:00:00Z	67.9	14.8	12.6	0.257	3	0
CKT-1123	2025-10-20T08:00:00Z	70.9	15.6	13.4	0.265	3	0
CKT-1123	2025-10-20T09:00:00Z	66.6	15.5	12.7	0.246	4	0
CKT-1123	2025-10-20T10:00:00Z	66.7	15.1	12.5	0.26	0	0
CKT-1123	2025-10-20T11:00:00Z	68	15.7	12.8	0.273	0	0
CKT-1123	2025-10-20T12:00:00Z	68.1	16.8	12.7	0.238	5	0
CKT-1123	2025-10-20T13:00:00Z	68.5	15.8	13.1	0.299	3	0
CKT-1123	2025-10-20T14:00:00Z	69.5	16.3	12	0.27	0	0
CKT-1123	2025-10-20T15:00:00Z	67.5	15.3	12.9	0.324	3	0
CKT-1123	2025-10-20T16:00:00Z	70	15.4	12.7	0.33	10	0
CKT-1123	2025-10-20T17:00:00Z	68.7	16.6	12.9	0.305	6	0
CKT-1123	2025-10-20T18:00:00Z	71.6	15.6	13.1	0.351	0	0
CKT-1123	2025-10-20T19:00:00Z	70.9	16.6	12.7	0.327	9	0
CKT-1123	2025-10-20T20:00:00Z	72	16.1	12.7	0.35	2	0
CKT-1123	2025-10-20T21:00:00Z	74.9	16.1	13.4	0.357	4	0
CKT-1123	2025-10-20T22:00:00Z	72.8	15.1	14.1	0.333	5	0
CKT-1123	2025-10-20T23:00:00Z	70.7	15.6	14	0.333	3	0
CKT-1123	2025-10-21T00:00:00Z	70.1	15.4	12.8	0.378	1	0
CKT-1123	2025-10-21T01:00:00Z	73.6	16.3	13.6	0.401	10	0
CKT-1123	2025-10-21T02:00:00Z	71.3	16.5	13.6	0.371	5	0
CKT-1123	2025-10-21T03:00:00Z	72.8	14.8	13.1	0.431	5	0
CKT-1123	2025-10-21T04:00:00Z	75.4	15.4	13.3	0.373	8	0
CKT-1123	2025-10-21T05:00:00Z	74	15.4	13.3	0.437	3	0
CKT-1123	2025-10-21T06:00:00Z	73.4	15.2	13.5	0.433	0	0
CKT-1123	2025-10-21T07:00:00Z	74	16.2	13.7	0.451	10	0
CKT-1123	2025-10-21T08:00:00Z	75.5	15.3	13.8	0.445	1	0
CKT-1123	2025-10-21T09:00:00Z	73.6	15.3	15.1	0.44	9	0
CKT-1123	2025-10-21T10:00:00Z	73.3	16.6	13.7	0.455	0	0
CKT-1123	2025-10-21T11:00:00Z	76.6	16.4	13.3	0.485	0	0
CKT-1124	2025-10-19T12:00:00Z	49.6	20	7.8	0.174	201	0
CKT-1124	2025-10-19T13:00:00Z	50.8	19.3	7.7	0.212	186	0
CKT-1124	2025-10-19T14:00:00Z	52	17.5	7.9	0.214	203	0
CKT-1124	2025-10-19T15:00:00Z	50.8	19.5	7.4	0.227	204	0
CKT-1124	2025-10-19T16:00:00Z	53.5	19.2	6.8	0.219	207	0
CKT-1124	2025-10-19T17:00:00Z	52.7	18.4	8.6	0.242	210	0
CKT-1124	2025-10-19T18:00:00Z	49.1	19.5	7.2	0.232	209	0
CKT-1124	2025-10-19T19:00:00Z	53.2	19.1	7	0.245	221	0
CKT-1124	2025-10-19T20:00:00Z	50.9	19.2	7.9	0.196	223	0
CKT-1124	2025-10-19T21:00:00Z	50.1	18.6	8.2	0.302	222	0
CKT-1124	2025-10-19T22:00:00Z	52.6	19.4	8.2	0.313	223	0
CKT-1124	2025-10-19T23:00:00Z	50.6	18.7	7.5	0.29	220	0
CKT-1124	2025-10-20T00:00:00Z	52.5	17.9	7.5	0.302	229	0
CKT-1124	2025-10-20T01:00:00Z	53.2	19.3	8.6	0.298	233	0
CKT-1124	2025-10-20T02:00:00Z	52.4	18.9	6.9	0.293	235	0
CKT-1124	2025-10-20T03:00:00Z	49.9	18.6	7.2	0.319	243	0
CKT-1124	2025-10-20T04:00:00Z	50.8	19.4	7.2	0.325	243	0
CKT-1124	2025-10-20T05:00:00Z	52.1	18.3	7.3	0.307	245	0
CKT-1124	2025-10-20T06:00:00Z	48	19.4	7.8	0.383	257	0
CKT-1124	2025-10-20T07:00:00Z	54.2	18.5	8.6	0.336	240	0
CKT-1124	2025-10-20T08:00:00Z	55.8	19.2	6.6	0.342	255	0
CKT-1124	2025-10-20T09:00:00Z	51.8	18.4	8.5	0.42	256	0
CKT-1124	2025-10-20T10:00:00Z	53	19.4	7.3	0.341	245	0
CKT-1124	2025-10-20T11:00:00Z	53.3	19.4	7.6	0.411	266	0
CKT-1124	2025-10-20T12:00:00Z	55.6	19	7.7	0.403	263	0
CKT-1124	2025-10-20T13:00:00Z	51.3	19.5	7.4	0.403	265	0
CKT-1124	2025-10-20T14:00:00Z	51.8	18.8	7.8	0.407	276	0
CKT-1124	2025-10-20T15:00:00Z	53.4	17.9	8.3	0.433	278	0
CKT-1124	2025-10-20T16:00:00Z	55.5	18.3	7.3	0.459	286	0
CKT-1124	2025-10-20T17:00:00Z	54.4	18.5	8.5	0.434	281	0
CKT-1124	2025-10-20T18:00:00Z	53.8	19	7.1	0.448	279	0
CKT-1124	2025-10-20T19:00:00Z	55.6	18.9	8.1	0.448	284	0
CKT-1124	2025-10-20T20:00:00Z	55.7	19.4	6.9	0.479	284	0
CKT-1124	2025-10-20T21:00:00Z	56.2	20	6.3	0.468	293	0
CKT-1124	2025-10-20T22:00:00Z	55	19.4	7.7	0.48	289	0
CKT-1124	2025-10-20T23:00:00Z	53.4	18.4	7.4	0.507	297	0
CKT-1124	2025-10-21T00:00:00Z	54.3	18.2	7.3	0.496	297	0
CKT-1124	2025-10-21T01:00:00Z	56.4	19.7	7.1	0.539	307	0
CKT-1124	2025-10-21T02:00:00Z	55.9	19.8	7.6	0.533	307	0
CKT-1124	2025-10-21T03:00:00Z	55.8	19.1	7.7	0.543	306	0
CKT-1124	2025-10-21T04:00:00Z	54.9	18.4	7.5	0.563	310	0
CKT-1124	2025-10-21T05:00:00Z	57	19	7.5	0.577	319	0
CKT-1124	2025-10-21T06:00:00Z	56.2	18.8	7.7	0.529	314	0
CKT-1124	2025-10-21T07:00:00Z	57	17.9	7.3	0.561	336	0
CKT-1124	2025-10-21T08:00:00Z	57.5	19.5	7.3	0.584	316	0
CKT-1124	2025-10-21T09:00:00Z	56.1	19.1	7	0.594	330	0
CKT-1124	2025-10-21T10:00:00Z	55.8	18.3	7.4	0.587	329	0
CKT-1124	2025-10-21T11:00:00Z	57.7	18.5	8.5	0.635	335	0
CKT-1125	2025-10-19T12:00:00Z	65.9	14.7	7.8	0.165	69	0
CKT-1125	2025-10-19T13:00:00Z	64.8	15.7	8	0.205	76	0
CKT-1125	2025-10-19T14:00:00Z	64.8	15.7	7.8	0.211	75	0
CKT-1125	2025-10-19T15:00:00Z	67	15.1	8.3	0.171	70	0
CKT-1125	2025-10-19T16:00:00Z	66.8	15.7	7.6	0.21	79	0
CKT-1125	2025-10-19T17:00:00Z	65.8	14.8	9.1	0.201	82	0
CKT-1125	2025-10-19T18:00:00Z	66.2	15.4	8.3	0.183	78	0
CKT-1125	2025-10-19T19:00:00Z	68.4	16	8	0.163	87	0
CKT-1125	2025-10-19T20:00:00Z	69.4	15.3	9	0.2	75	0
CKT-1125	2025-10-19T21:00:00Z	65.1	14.2	8.1	0.188	78	0
CKT-1125	2025-10-19T22:00:00Z	67.1	15.6	7.8	0.186	79	0
CKT-1125	2025-10-19T23:00:00Z	68.7	15	8.2	0.235	97	0
CKT-1125	2025-10-20T00:00:00Z	68.5	15.4	7.5	0.215	84	0
CKT-1125	2025-10-20T01:00:00Z	69	14.8	8.2	0.223	94	0
CKT-1125	2025-10-20T02:00:00Z	70.2	15.8	8.4	0.206	89	0
CKT-1125	2025-10-20T03:00:00Z	66.8	14.9	8.9	0.229	88	0
CKT-1125	2025-10-20T04:00:00Z	68.6	15	6.9	0.197	91	0
CKT-1125	2025-10-20T05:00:00Z	66.9	15	7.4	0.211	88	0
CKT-1125	2025-10-20T06:00:00Z	69.8	15.7	7.6	0.235	82	0
CKT-1125	2025-10-20T07:00:00Z	68.6	15.6	7.9	0.259	95	0
CKT-1125	2025-10-20T08:00:00Z	69.1	14.9	7.7	0.207	85	0
CKT-1125	2025-10-20T09:00:00Z	70.3	15.9	7.4	0.241	85	0
CKT-1125	2025-10-20T10:00:00Z	67.5	15.2	7.7	0.205	102	0
CKT-1125	2025-10-20T11:00:00Z	69.1	14.4	8	0.245	97	0
CKT-1125	2025-10-20T12:00:00Z	68.8	15.2	8.4	0.224	92	0
CKT-1125	2025-10-20T13:00:00Z	70.7	14.7	7.9	0.245	94	0
CKT-1125	2025-10-20T14:00:00Z	68.9	14.3	8.1	0.279	97	0
CKT-1125	2025-10-20T15:00:00Z	71.2	14.7	7.6	0.27	101	0
CKT-1125	2025-10-20T16:00:00Z	69.7	15.4	7.2	0.259	104	0
CKT-1125	2025-10-20T17:00:00Z	71.5	15.5	8.4	0.261	92	0
CKT-1125	2025-10-20T18:00:00Z	69.8	15.4	8.2	0.262	97	0
CKT-1125	2025-10-20T19:00:00Z	69	14.7	6.9	0.265	103	0
CKT-1125	2025-10-20T20:00:00Z	70.3	14.8	7.5	0.268	101	0
CKT-1125	2025-10-20T21:00:00Z	71.7	15	9.4	0.276	107	0
CKT-1125	2025-10-20T22:00:00Z	70.3	14.8	8.6	0.306	97	0
CKT-1125	2025-10-20T23:00:00Z	69.4	15	7.5	0.26	107	0
CKT-1125	2025-10-21T00:00:00Z	68.3	15.1	8.1	0.311	107	0
CKT-1125	2025-10-21T01:00:00Z	73.5	15.2	8.2	0.283	116	0
CKT-1125	2025-10-21T02:00:00Z	71.4	16	8.4	0.306	112	0
CKT-1125	2025-10-21T03:00:00Z	71.2	14.5	8	0.315	102	0
CKT-1125	2025-10-21T04:00:00Z	71.5	15.6	8.4	0.322	104	0
CKT-1125	2025-10-21T05:00:00Z	70.2	14.8	8.4	0.299	118	0
CKT-1125	2025-10-21T06:00:00Z	71	15.4	7.2	0.311	108	0
CKT-1125	2025-10-21T07:00:00Z	74.3	14.6	6.9	0.286	114	0
CKT-1125	2025-10-21T08:00:00Z	71.6	15.4	7.5	0.346	114	0
CKT-1125	2025-10-21T09:00:00Z	73.9	14.5	6.9	0.309	111	0
CKT-1125	2025-10-21T10:00:00Z	70.7	15.3	7.5	0.332	120	0
CKT-1125	2025-10-21T11:00:00Z	70.2	15.4	7	0.322	109	0
CKT-1126	2025-10-19T12:00:00Z	51.5	7	11.9	0.535	229	0
CKT-1126	2025-10-19T13:00:00Z	52.3	8.2	12.3	0.507	223	0
CKT-1126	2025-10-19T14:00:00Z	53.7	7.3	12.1	0.462	215	0
CKT-1126	2025-10-19T15:00:00Z	54.1	8	11.8	0.494	216	0
CKT-1126	2025-10-19T16:00:00Z	50.9	6.7	11.6	0.502	225	0
CKT-1126	2025-10-19T17:00:00Z	54	7.8	10.4	0.524	218	0
CKT-1126	2025-10-19T18:00:00Z	52	7.7	11.7	0.482	223	0
CKT-1126	2025-10-19T19:00:00Z	50	9.1	11.8	0.478	232	0
CKT-1126	2025-10-19T20:00:00Z	50.5	8.1	11.1	0.481	225	0
CKT-1126	2025-10-19T21:00:00Z	48.7	6.7	12.1	0.464	233	0
CKT-1126	2025-10-19T22:00:00Z	54.3	7.5	11	0.498	233	0
CKT-1126	2025-10-19T23:00:00Z	52.1	8.5	11.6	0.485	223	0
CKT-1126	2025-10-20T00:00:00Z	51.7	7	10.3	0.495	223	0
CKT-1126	2025-10-20T01:00:00Z	51.1	8.2	10.6	0.44	233	0
CKT-1126	2025-10-20T02:00:00Z	51	7.7	10.4	0.434	215	0
CKT-1126	2025-10-20T03:00:00Z	53.2	7.1	10.9	0.444	221	0
CKT-1126	2025-10-20T04:00:00Z	52	8.4	10.9	0.427	216	0
CKT-1126	2025-10-20T05:00:00Z	50.6	8.3	10.9	0.458	222	0
CKT-1126	2025-10-20T06:00:00Z	54.8	8.2	10.3	0.425	218	0
CKT-1126	2025-10-20T07:00:00Z	54.4	7.9	10	0.423	221	0
CKT-1126	2025-10-20T08:00:00Z	55.1	6.8	9.5	0.403	222	0
CKT-1126	2025-10-20T09:00:00Z	54.5	6.9	10.5	0.45	225	0
CKT-1126	2025-10-20T10:00:00Z	55.8	7	9.4	0.427	222	0
CKT-1126	2025-10-20T11:00:00Z	53	8.4	9.9	0.427	219	0
CKT-1126	2025-10-20T12:00:00Z	57	7.5	10.2	0.397	223	0
CKT-1126	2025-10-20T13:00:00Z	55.4	8.8	9.4	0.409	225	0
CKT-1126	2025-10-20T14:00:00Z	52.6	6.3	9	0.42	231	0
CKT-1126	2025-10-20T15:00:00Z	53.5	6.9	10.1	0.385	221	0
CKT-1126	2025-10-20T16:00:00Z	57.2	8.4	9.7	0.358	216	0
CKT-1126	2025-10-20T17:00:00Z	56.9	7.8	8.8	0.382	228	0
CKT-1126	2025-10-20T18:00:00Z	57.6	7.6	8.7	0.379	229	0
CKT-1126	2025-10-20T19:00:00Z	57.5	7.7	8.7	0.402	231	0
CKT-1126	2025-10-20T20:00:00Z	53.5	7.5	9.4	0.378	220	0
CKT-1126	2025-10-20T21:00:00Z	56.1	7.8	8.2	0.374	224	0
CKT-1126	2025-10-20T22:00:00Z	55.2	7.1	8.4	0.349	227	0
CKT-1126	2025-10-20T23:00:00Z	54.6	7.7	8.3	0.35	229	0
CKT-1126	2025-10-21T00:00:00Z	56	7.2	8	0.367	227	0
CKT-1126	2025-10-21T01:00:00Z	58.3	7.5	8.2	0.359	223	0
CKT-1126	2025-10-21T02:00:00Z	55.4	8.5	8.2	0.363	225	0
CKT-1126	2025-10-21T03:00:00Z	57.3	7	8.1	0.394	230	0
CKT-1126	2025-10-21T04:00:00Z	57.1	7.4	6.9	0.335	222	0
CKT-1126	2025-10-21T05:00:00Z	56.5	7.4	8.2	0.321	224	0
CKT-1126	2025-10-21T06:00:00Z	57	7.1	8.6	0.352	219	0
CKT-1126	2025-10-21T07:00:00Z	58	6.8	7.4	0.359	224	0
CKT-1126	2025-10-21T08:00:00Z	57.8	8.2	7.9	0.323	227	0
CKT-1126	2025-10-21T09:00:00Z	55	7.2	7.4	0.336	221	0
CKT-1126	2025-10-21T10:00:00Z	55	6.4	7.3	0.311	218	0
CKT-1126	2025-10-21T11:00:00Z	56.2	7.7	7.9	0.319	229	0
CKT-1127	2025-10-19T12:00:00Z	44.9	4.8	0	0	136	0
CKT-1127	2025-10-19T13:00:00Z	45.4	6.6	0	0	129	0
CKT-1127	2025-10-19T14:00:00Z	44.3	6.4	0	0	137	0
CKT-1127	2025-10-19T15:00:00Z	46.5	4.8	0	0	138	0
CKT-1127	2025-10-19T16:00:00Z	45.5	5.3	0	0	134	0
CKT-1127	2025-10-19T17:00:00Z	42.8	5.2	0	0	130	0
CKT-1127	2025-10-19T18:00:00Z	44.7	5.8	0	0	131	0
CKT-1127	2025-10-19T19:00:00Z	47.1	6.2	0	0	138	0
CKT-1127	2025-10-19T20:00:00Z	46.8	4.8	0	0	132	0
CKT-1127	2025-10-19T21:00:00Z	44.4	6.3	0	0	132	0
CKT-1127	2025-10-19T22:00:00Z	45.4	5.9	0	0	135	0
CKT-1127	2025-10-19T23:00:00Z	43.6	5.3	0	0	127	0
CKT-1127	2025-10-20T00:00:00Z	43.4	6.2	0	0	140	0
CKT-1127	2025-10-20T01:00:00Z	44.9	5.5	0	0	128	0
CKT-1127	2025-10-20T02:00:00Z	47.6	5.8	0	0	134	0
CKT-1127	2025-10-20T03:00:00Z	44.1	5.9	0	0	140	0
CKT-1127	2025-10-20T04:00:00Z	46.2	5.1	0	0	138	0
CKT-1127	2025-10-20T05:00:00Z	45.9	5.8	0	0	131	0
CKT-1127	2025-10-20T06:00:00Z	44.4	5.9	0	0	128	0
CKT-1127	2025-10-20T07:00:00Z	45.8	5.8	0	0	136	0
CKT-1127	2025-10-20T08:00:00Z	47.6	5.1	0.1	0	128	0
CKT-1127	2025-10-20T09:00:00Z	43.3	6.1	0	0	137	0
CKT-1127	2025-10-20T10:00:00Z	45.2	5.8	0	0	143	0
CKT-1127	2025-10-20T11:00:00Z	47.2	6.7	0	0.007	132	0
CKT-1127	2025-10-20T12:00:00Z	46.7	5.7	0	0.037	131	0
CKT-1127	2025-10-20T13:00:00Z	43.1	5.8	0	0.038	121	0
CKT-1127	2025-10-20T14:00:00Z	43.8	5.7	0	0.017	135	0
CKT-1127	2025-10-20T15:00:00Z	46.2	5.2	0.1	0.051	127	0
CKT-1127	2025-10-20T16:00:00Z	46.9	5.6	0.2	0.072	127	0
CKT-1127	2025-10-20T17:00:00Z	46.5	6.3	0.4	0.083	133	0
CKT-1127	2025-10-20T18:00:00Z	46.4	5.2	0.4	0.083	134	0
CKT-1127	2025-10-20T19:00:00Z	46.7	7	0.4	0.1	130	0
CKT-1127	2025-10-20T20:00:00Z	46.6	5.4	2.1	0.066	145	0
CKT-1127	2025-10-20T21:00:00Z	46.6	5	1.7	0.09	133	0
CKT-1127	2025-10-20T22:00:00Z	43.1	5.6	0.6	0.134	147	0
CKT-1127	2025-10-20T23:00:00Z	44.3	4.1	1	0.115	144	0
CKT-1127	2025-10-21T00:00:00Z	45	5.2	0.3	0.147	133	0
CKT-1127	2025-10-21T01:00:00Z	47.3	5.6	1.6	0.116	126	0
CKT-1127	2025-10-21T02:00:00Z	46.3	5.4	0.8	0.132	129	0
CKT-1127	2025-10-21T03:00:00Z	46	5.7	0.5	0.177	140	0
CKT-1127	2025-10-21T04:00:00Z	44.9	6.3	0.5	0.181	135	0
CKT-1127	2025-10-21T05:00:00Z	43.8	6.9	1.2	0.167	135	0
CKT-1127	2025-10-21T06:00:00Z	43.7	5	1	0.18	130	0
CKT-1127	2025-10-21T07:00:00Z	46.9	5.2	0.8	0.172	128	0
CKT-1127	2025-10-21T08:00:00Z	46.5	5.9	1.7	0.225	133	0
CKT-1127	2025-10-21T09:00:00Z	47.2	5.3	0.8	0.221	135	0
CKT-1127	2025-10-21T10:00:00Z	45.2	6.3	1.5	0.229	141	0
CKT-1127	2025-10-21T11:00:00Z	45.4	6	0.8	0.305	127	0
CKT-1128	2025-10-19T12:00:00Z	65.1	15.2	10.1	0	0	0
CKT-1128	2025-10-19T13:00:00Z	64.6	14.8	10.4	0	0	0
CKT-1128	2025-10-19T14:00:00Z	64.4	14.8	9	0	0	0
CKT-1128	2025-10-19T15:00:00Z	67.9	15	9	0.029	0	0
CKT-1128	2025-10-19T16:00:00Z	65.5	14.1	9.5	0	2	0
CKT-1128	2025-10-19T17:00:00Z	67.5	14.9	8	0.012	2	0
CKT-1128	2025-10-19T18:00:00Z	65.9	15.7	9.8	0.022	0	0
CKT-1128	2025-10-19T19:00:00Z	62.9	14.5	9.3	0.01	0	0
CKT-1128	2025-10-19T20:00:00Z	65.3	14.5	9.2	0.033	1	0
CKT-1128	2025-10-19T21:00:00Z	63.3	13.7	9.5	0.048	0	0
CKT-1128	2025-10-19T22:00:00Z	63.4	15.2	9.2	0.085	0	0
CKT-1128	2025-10-19T23:00:00Z	64.3	15.1	9.7	0.093	0	0
CKT-1128	2025-10-20T00:00:00Z	64.8	14.7	8	0.063	0	0
CKT-1128	2025-10-20T01:00:00Z	64.4	14.7	9.4	0.093	0	0
CKT-1128	2025-10-20T02:00:00Z	63.1	14.5	8.9	0.109	0	0
CKT-1128	2025-10-20T03:00:00Z	60.4	14.9	8.4	0.097	3	0
CKT-1128	2025-10-20T04:00:00Z	66.6	14.8	9	0.155	0	0
CKT-1128	2025-10-20T05:00:00Z	65.6	15.6	9.8	0.153	0	0
CKT-1128	2025-10-20T06:00:00Z	66.2	15.1	9.3	0.162	1	0
CKT-1128	2025-10-20T07:00:00Z	62.6	14.8	8.7	0.234	2	0
CKT-1128	2025-10-20T08:00:00Z	60.9	14.8	9	0.19	0	0
CKT-1128	2025-10-20T09:00:00Z	65.1	14.3	9.1	0.191	0	0
CKT-1128	2025-10-20T10:00:00Z	65.5	15.1	8.8	0.224	0	0
CKT-1128	2025-10-20T11:00:00Z	62.9	13.9	9.1	0.268	3	0
CKT-1128	2025-10-20T12:00:00Z	64.4	14.1	9.2	0.26	3	0
CKT-1128	2025-10-20T13:00:00Z	65.5	15.8	8.2	0.237	0	0
CKT-1128	2025-10-20T14:00:00Z	62.6	14.2	9.4	0.255	0	0
CKT-1128	2025-10-20T15:00:00Z	61.5	14.9	9.3	0.312	5	0
CKT-1128	2025-10-20T16:00:00Z	63.8	15.5	8.9	0.291	1	0
CKT-1128	2025-10-20T17:00:00Z	65.2	14	8.2	0.31	0	0
CKT-1128	2025-10-20T18:00:00Z	62	14.6	9.2	0.345	1	0
CKT-1128	2025-10-20T19:00:00Z	64.1	16.1	8.4	0.343	0	0
CKT-1128	2025-10-20T20:00:00Z	61.8	15.6	8.5	0.364	0	0
CKT-1128	2025-10-20T21:00:00Z	65.6	14.2	9.2	0.381	0	0
CKT-1128	2025-10-20T22:00:00Z	62.9	15.5	9.4	0.39	0	0
CKT-1128	2025-10-20T23:00:00Z	62.2	15.2	8.4	0.38	0	0
CKT-1128	2025-10-21T00:00:00Z	65	15.9	9.1	0.401	0	0
CKT-1128	2025-10-21T01:00:00Z	64.6	15.8	9.1	0.417	0	0
CKT-1128	2025-10-21T02:00:00Z	64.1	15.5	8.7	0.423	0	0
CKT-1128	2025-10-21T03:00:00Z	67.4	14.3	8	0.441	0	0
CKT-1128	2025-10-21T04:00:00Z	65	15.5	7.9	0.436	0	0
CKT-1128	2025-10-21T05:00:00Z	64.7	15.1	8.3	0.468	0	0
CKT-1128	2025-10-21T06:00:00Z	62.3	14.1	8.6	0.479	0	0
CKT-1128	2025-10-21T07:00:00Z	64.1	15.5	8	0.482	2	0
CKT-1128	2025-10-21T08:00:00Z	63.4	14	8.2	0.491	0	0
CKT-1128	2025-10-21T09:00:00Z	63.2	15.8	8.3	0.479	0	0
CKT-1128	2025-10-21T10:00:00Z	66	14.7	8.2	0.52	2	0
CKT-1128	2025-10-21T11:00:00Z	62.8	13.9	8.1	0.537	2	0
CKT-1129	2025-10-19T12:00:00Z	53.7	11.4	15.8	0.35	33	0
CKT-1129	2025-10-19T13:00:00Z	55.3	12.5	16.1	0.378	38	0
CKT-1129	2025-10-19T14:00:00Z	55.1	11.8	15.2	0.357	35	0
CKT-1129	2025-10-19T15:00:00Z	55.9	11.3	15.3	0.356	36	0
CKT-1129	2025-10-19T16:00:00Z	57.2	11.7	14.6	0.365	37	0
CKT-1129	2025-10-19T17:00:00Z	56.5	11.8	14.9	0.357	36	0
CKT-1129	2025-10-19T18:00:00Z	54.1	11.4	15.9	0.362	27	0
CKT-1129	2025-10-19T19:00:00Z	55.4	11.6	14.9	0.405	37	0
CKT-1129	2025-10-19T20:00:00Z	53.6	11.5	15.2	0.405	38	0
CKT-1129	2025-10-19T21:00:00Z	54.1	12	15.6	0.405	35	0
CKT-1129	2025-10-19T22:00:00Z	54.6	11.4	14.7	0.401	38	0
CKT-1129	2025-10-19T23:00:00Z	53.6	11.8	15.1	0.444	39	0
CKT-1129	2025-10-20T00:00:00Z	55.9	12.4	14.9	0.439	36	0
CKT-1129	2025-10-20T01:00:00Z	54.8	11.1	15	0.378	34	0
CKT-1129	2025-10-20T02:00:00Z	54	11.6	14.5	0.43	38	0
CKT-1129	2025-10-20T03:00:00Z	57.3	12.8	15.3	0.438	37	0
CKT-1129	2025-10-20T04:00:00Z	54.1	11.6	15.5	0.502	41	0
CKT-1129	2025-10-20T05:00:00Z	55.1	12.1	15.4	0.42	39	0
CKT-1129	2025-10-20T06:00:00Z	54.4	11.2	15.4	0.437	35	0
CKT-1129	2025-10-20T07:00:00Z	55.1	12.4	15.2	0.418	32	0
CKT-1129	2025-10-20T08:00:00Z	54.2	12.7	15.1	0.436	34	0
CKT-1129	2025-10-20T09:00:00Z	53.9	11.3	15.3	0.421	42	0
CKT-1129	2025-10-20T10:00:00Z	54.4	11.8	15.1	0.441	43	0
CKT-1129	2025-10-20T11:00:00Z	52.9	12	14.4	0.46	35	0
CKT-1129	2025-10-20T12:00:00Z	52.2	11	15.6	0.404	37	0
CKT-1129	2025-10-20T13:00:00Z	53.8	11.7	14.9	0.421	33	0
CKT-1129	2025-10-20T14:00:00Z	55.2	11.6	15.5	0.437	39	0
CKT-1129	2025-10-20T15:00:00Z	55	11.5	14.8	0.463	31	0
CKT-1129	2025-10-20T16:00:00Z	55	11.8	15	0.455	42	0
CKT-1129	2025-10-20T17:00:00Z	55.2	11.9	16.1	0.415	30	0
CKT-1129	2025-10-20T18:00:00Z	53.5	12.7	15.7	0.417	33	0
CKT-1129	2025-10-20T19:00:00Z	52.2	11.8	15.7	0.473	37	0
CKT-1129	2025-10-20T20:00:00Z	53.5	11.8	15.6	0.502	30	0
CKT-1129	2025-10-20T21:00:00Z	56.5	12	15.7	0.461	43	0
CKT-1129	2025-10-20T22:00:00Z	54.6	11.4	15.5	0.482	36	0
CKT-1129	2025-10-20T23:00:00Z	50.9	11.7	15.4	0.461	33	0
CKT-1129	2025-10-21T00:00:00Z	56	10.4	15.4	0.467	46	0
CKT-1129	2025-10-21T01:00:00Z	53.9	12.1	15.4	0.468	44	0
CKT-1129	2025-10-21T02:00:00Z	52.3	11.4	15.7	0.474	34	0
CKT-1129	2025-10-21T03:00:00Z	53.8	12.4	15.6	0.457	37	0
CKT-1129	2025-10-21T04:00:00Z	53.8	12.1	15.2	0.449	39	0
CKT-1129	2025-10-21T05:00:00Z	54.6	12.7	14.7	0.474	34	0
CKT-1129	2025-10-21T06:00:00Z	53.2	10.9	14.8	0.483	33	0
CKT-1129	2025-10-21T07:00:00Z	52.5	12.7	16.5	0.479	28	0
CKT-1129	2025-10-21T08:00:00Z	54.3	10.6	14.7	0.49	29	0
CKT-1129	2025-10-21T09:00:00Z	53.2	10.9	15.4	0.507	32	0
CKT-1129	2025-10-21T10:00:00Z	53.6	11.3	15	0.47	39	0
CKT-1129	2025-10-21T11:00:00Z	51.5	11.6	15.6	0.507	38	0
CKT-1130	2025-10-19T12:00:00Z	65.8	14	7.9	0.26	36	0
CKT-1130	2025-10-19T13:00:00Z	64.5	14.9	7.1	0.264	39	0
CKT-1130	2025-10-19T14:00:00Z	66.1	15.1	8.1	0.259	45	0
CKT-1130	2025-10-19T15:00:00Z	66.1	15.9	7.4	0.248	45	0
CKT-1130	2025-10-19T16:00:00Z	67.3	15.6	7.9	0.333	40	0
CKT-1130	2025-10-19T17:00:00Z	68.4	14.6	7.9	0.307	45	0
CKT-1130	2025-10-19T18:00:00Z	68.2	12.9	7.6	0.288	39	0
CKT-1130	2025-10-19T19:00:00Z	66.8	15.5	7.8	0.296	33	0
CKT-1130	2025-10-19T20:00:00Z	69.7	14.5	7.6	0.356	37	0
CKT-1130	2025-10-19T21:00:00Z	67.2	15	6.8	0.285	38	0
CKT-1130	2025-10-19T22:00:00Z	67.1	15	7.1	0.335	30	0
CKT-1130	2025-10-19T23:00:00Z	67.9	15.1	7.8	0.33	37	0
CKT-1130	2025-10-20T00:00:00Z	67.9	15.6	7.3	0.359	46	0
CKT-1130	2025-10-20T01:00:00Z	65.8	14.8	7.1	0.316	44	0
CKT-1130	2025-10-20T02:00:00Z	69.3	15	7	0.357	34	0
CKT-1130	2025-10-20T03:00:00Z	68.9	14.5	8.1	0.352	42	0
CKT-1130	2025-10-20T04:00:00Z	69.3	14.8	7.6	0.372	36	0
CKT-1130	2025-10-20T05:00:00Z	69.7	15.4	7.7	0.366	41	0
CKT-1130	2025-10-20T06:00:00Z	68.8	14.8	6.9	0.407	50	0
CKT-1130	2025-10-20T07:00:00Z	68.4	15.4	8.2	0.367	30	0
CKT-1130	2025-10-20T08:00:00Z	72	14.9	7.2	0.393	39	0
CKT-1130	2025-10-20T09:00:00Z	74.3	14.6	7.6	0.425	47	0
CKT-1130	2025-10-20T10:00:00Z	71.7	14.6	7.4	0.362	40	0
CKT-1130	2025-10-20T11:00:00Z	70.3	15.3	8.3	0.427	46	0
CKT-1130	2025-10-20T12:00:00Z	70.4	15.7	7.4	0.442	45	0
CKT-1130	2025-10-20T13:00:00Z	71.2	14	7.9	0.433	44	0
CKT-1130	2025-10-20T14:00:00Z	71.3	15.2	8	0.423	43	0
CKT-1130	2025-10-20T15:00:00Z	69.8	15.2	7.5	0.426	41	0
CKT-1130	2025-10-20T16:00:00Z	70.3	14.7	7.5	0.451	31	0
CKT-1130	2025-10-20T17:00:00Z	71.9	14.7	7.1	0.43	40	0
CKT-1130	2025-10-20T18:00:00Z	70.8	15.7	6.4	0.439	35	0
CKT-1130	2025-10-20T19:00:00Z	72.2	15.6	7.5	0.444	38	0
CKT-1130	2025-10-20T20:00:00Z	70.7	15.2	7.1	0.444	43	0
CKT-1130	2025-10-20T21:00:00Z	74	14.8	7.3	0.449	30	0
CKT-1130	2025-10-20T22:00:00Z	69.6	14.9	7.1	0.496	40	0
CKT-1130	2025-10-20T23:00:00Z	74	15.4	7.1	0.472	31	0
CKT-1130	2025-10-21T00:00:00Z	74.9	14.3	6.5	0.501	33	0
CKT-1130	2025-10-21T01:00:00Z	73.1	14.7	7.7	0.522	46	0
CKT-1130	2025-10-21T02:00:00Z	73.4	14.4	6.7	0.501	50	0
CKT-1130	2025-10-21T03:00:00Z	72.9	15	7.9	0.524	37	0
CKT-1130	2025-10-21T04:00:00Z	74.6	14.6	7.3	0.535	38	0
CKT-1130	2025-10-21T05:00:00Z	73.9	15.9	6.8	0.558	38	0
CKT-1130	2025-10-21T06:00:00Z	76.5	14.4	6.9	0.568	48	0
CKT-1130	2025-10-21T07:00:00Z	75.3	14.2	7.2	0.545	36	0
CKT-1130	2025-10-21T08:00:00Z	75.3	14.4	6.4	0.519	49	0
CKT-1130	2025-10-21T09:00:00Z	73.6	14.6	6.6	0.586	34	0
CKT-1130	2025-10-21T10:00:00Z	72.8	14.7	7.1	0.578	37	0
CKT-1130	2025-10-21T11:00:00Z	77.1	14.5	6.5	0.549	37	0
CKT-1131	2025-10-19T12:00:00Z	35.5	15.7	0	0.188	55	0
CKT-1131	2025-10-19T13:00:00Z	39.2	16.5	0	0.146	60	0
CKT-1131	2025-10-19T14:00:00Z	38.8	16.1	0	0.161	61	0
CKT-1131	2025-10-19T15:00:00Z	39.8	15.8	0	0.196	62	0
CKT-1131	2025-10-19T16:00:00Z	36.8	16	0	0.179	54	0
CKT-1131	2025-10-19T17:00:00Z	38.7	16	0	0.166	57	0
CKT-1131	2025-10-19T18:00:00Z	36.5	15.8	0	0.203	62	0
CKT-1131	2025-10-19T19:00:00Z	34.6	16	0	0.133	55	0
CKT-1131	2025-10-19T20:00:00Z	34.2	16.6	0.1	0.144	66	0
CKT-1131	2025-10-19T21:00:00Z	35.7	15.7	0	0.21	64	0
CKT-1131	2025-10-19T22:00:00Z	36.9	16.5	0	0.17	65	0
CKT-1131	2025-10-19T23:00:00Z	38.8	16.2	0	0.159	67	0
CKT-1131	2025-10-20T00:00:00Z	39.8	17.1	0	0.176	68	0
CKT-1131	2025-10-20T01:00:00Z	39.7	15.5	0	0.103	66	0
CKT-1131	2025-10-20T02:00:00Z	36.7	16.2	0	0.151	63	0
CKT-1131	2025-10-20T03:00:00Z	35.7	16.1	0	0.147	57	0
CKT-1131	2025-10-20T04:00:00Z	36.9	16.5	0	0.149	64	0
CKT-1131	2025-10-20T05:00:00Z	38	17.1	0	0.171	55	0
CKT-1131	2025-10-20T06:00:00Z	35.4	17	0.6	0.177	68	0
CKT-1131	2025-10-20T07:00:00Z	35.1	16.9	0.1	0.122	61	0
CKT-1131	2025-10-20T08:00:00Z	37.9	16.9	1.1	0.112	60	0
CKT-1131	2025-10-20T09:00:00Z	35.7	17	0.1	0.146	65	0
CKT-1131	2025-10-20T10:00:00Z	32.8	17	0.8	0.133	52	0
CKT-1131	2025-10-20T11:00:00Z	34.4	16.8	0	0.143	65	0
CKT-1131	2025-10-20T12:00:00Z	34.9	16.5	0.5	0.121	55	0
CKT-1131	2025-10-20T13:00:00Z	33.9	16.5	1.3	0.132	69	0
CKT-1131	2025-10-20T14:00:00Z	32.3	16.3	1.7	0.1	58	0
CKT-1131	2025-10-20T15:00:00Z	33.9	17.7	0.4	0.123	63	0
CKT-1131	2025-10-20T16:00:00Z	31.3	16.5	0.5	0.123	70	0
CKT-1131	2025-10-20T17:00:00Z	33.5	16.3	2.2	0.092	55	0
CKT-1131	2025-10-20T18:00:00Z	36	16.5	1.1	0.148	54	0
CKT-1131	2025-10-20T19:00:00Z	33.5	15.8	1.2	0.089	56	0
CKT-1131	2025-10-20T20:00:00Z	34.7	16.5	0.5	0.073	63	0
CKT-1131	2025-10-20T21:00:00Z	31	16.6	1.9	0.108	58	0
CKT-1131	2025-10-20T22:00:00Z	33.8	15.8	1.4	0.085	56	0
CKT-1131	2025-10-20T23:00:00Z	34.2	15.3	0.8	0.067	59	0
CKT-1131	2025-10-21T00:00:00Z	35.1	17	1.6	0.086	61	0
CKT-1131	2025-10-21T01:00:00Z	35.1	15.4	2	0.072	64	0
CKT-1131	2025-10-21T02:00:00Z	33.7	16.9	2.5	0.052	67	0
CKT-1131	2025-10-21T03:00:00Z	32.7	16.2	2.8	0.09	59	0
CKT-1131	2025-10-21T04:00:00Z	34.1	16.5	1.7	0.061	63	0
CKT-1131	2025-10-21T05:00:00Z	31.6	16.6	2.4	0.072	71	0
CKT-1131	2025-10-21T06:00:00Z	32.4	17.3	2.6	0.098	71	0
CKT-1131	2025-10-21T07:00:00Z	29.6	16.7	2.1	0.066	60	0
CKT-1131	2025-10-21T08:00:00Z	31.3	15.8	2.3	0.08	59	0
CKT-1131	2025-10-21T09:00:00Z	31.5	16.1	1.8	0.054	63	0
CKT-1131	2025-10-21T10:00:00Z	33.8	15.8	2.4	0.079	56	0
CKT-1131	2025-10-21T11:00:00Z	33.7	16.2	2.9	0.048	64	0
CKT-1132	2025-10-19T12:00:00Z	47.3	16.5	20.5	0	119	0
CKT-1132	2025-10-19T13:00:00Z	46	16.5	20.1	0	119	0
CKT-1132	2025-10-19T14:00:00Z	46.1	16.3	19	0	128	0
CKT-1132	2025-10-19T15:00:00Z	46.4	16.3	20.9	0	117	0
CKT-1132	2025-10-19T16:00:00Z	47	15.6	20.2	0	128	0
CKT-1132	2025-10-19T17:00:00Z	47.8	16.6	20.6	0	131	0
CKT-1132	2025-10-19T18:00:00Z	45.7	16.6	20.4	0	126	0
CKT-1132	2025-10-19T19:00:00Z	49.9	15.5	20.7	0	130	0
CKT-1132	2025-10-19T20:00:00Z	47.3	15.9	19.9	0	125	0
CKT-1132	2025-10-19T21:00:00Z	48.8	15.2	20.8	0	137	0
CKT-1132	2025-10-19T22:00:00Z	47.3	15.6	21.3	0	129	0
CKT-1132	2025-10-19T23:00:00Z	48.8	16	20.1	0	139	0
CKT-1132	2025-10-20T00:00:00Z	49.2	15.1	21.8	0	138	0
CKT-1132	2025-10-20T01:00:00Z	48.1	15.2	21.4	0	130	0
CKT-1132	2025-10-20T02:00:00Z	50.2	15	21	0	139	0
CKT-1132	2025-10-20T03:00:00Z	47.5	16.8	21.3	0	141	0
CKT-1132	2025-10-20T04:00:00Z	52.2	17.2	21.1	0	134	0
CKT-1132	2025-10-20T05:00:00Z	51.1	16.4	22.2	0	133	0
CKT-1132	2025-10-20T06:00:00Z	51.6	15.5	21.5	0	143	0
CKT-1132	2025-10-20T07:00:00Z	53.1	15.8	22.4	0	140	0
CKT-1132	2025-10-20T08:00:00Z	50.5	14.7	21.2	0	138	0
CKT-1132	2025-10-20T09:00:00Z	49.9	15.7	22.2	0	143	0
CKT-1132	2025-10-20T10:00:00Z	52.6	15.7	22.5	0	144	0
CKT-1132	2025-10-20T11:00:00Z	54.5	16.5	22.2	0	144	0
CKT-1132	2025-10-20T12:00:00Z	50.2	16.6	22.1	0.017	147	0
CKT-1132	2025-10-20T13:00:00Z	55.6	16.3	23	0	141	0
CKT-1132	2025-10-20T14:00:00Z	54.1	14.8	22.4	0	144	0
CKT-1132	2025-10-20T15:00:00Z	55	16.3	22.7	0.027	147	0
CKT-1132	2025-10-20T16:00:00Z	58.1	16.2	22.6	0.045	157	0
CKT-1132	2025-10-20T17:00:00Z	53.6	15.1	22.4	0.022	151	0
CKT-1132	2025-10-20T18:00:00Z	52.6	15.7	23	0.048	156	0
CKT-1132	2025-10-20T19:00:00Z	55.9	17.1	23.7	0.053	149	0
CKT-1132	2025-10-20T20:00:00Z	54.6	15.1	23.4	0.062	159	0
CKT-1132	2025-10-20T21:00:00Z	56.3	16.6	23.9	0.042	153	0
CKT-1132	2025-10-20T22:00:00Z	56.2	15.6	23.4	0.076	156	0
CKT-1132	2025-10-20T23:00:00Z	56.5	15.4	23.9	0.085	154	0
CKT-1132	2025-10-21T00:00:00Z	54.8	16.7	24.6	0.088	157	0
CKT-1132	2025-10-21T01:00:00Z	58.6	16.3	23.7	0.11	155	0
CKT-1132	2025-10-21T02:00:00Z	56.3	16.2	24	0.111	166	0
CKT-1132	2025-10-21T03:00:00Z	55.3	16	25	0.093	158	0
CKT-1132	2025-10-21T04:00:00Z	54.6	16	24.5	0.123	157	0
CKT-1132	2025-10-21T05:00:00Z	58.2	16.1	24.3	0.097	164	1
CKT-1132	2025-10-21T06:00:00Z	57.3	14.9	24.7	0.128	167	1
CKT-1132	2025-10-21T07:00:00Z	58	16.4	25	0.168	170	1
CKT-1132	2025-10-21T08:00:00Z	59.7	15.1	24.6	0.111	162	1
CKT-1132	2025-10-21T09:00:00Z	62.3	15.4	23.6	0.163	164	1
CKT-1132	2025-10-21T10:00:00Z	60.8	15.3	24.6	0.178	162	1
CKT-1132	2025-10-21T11:00:00Z	59.7	16.2	24.6	0.165	170	1
CKT-1133	2025-10-19T12:00:00Z	49.8	12.7	10.7	0	30	0
CKT-1133	2025-10-19T13:00:00Z	51.9	13.1	11.5	0	28	0
CKT-1133	2025-10-19T14:00:00Z	48.4	13.3	13.1	0	28	0
CKT-1133	2025-10-19T15:00:00Z	50.4	13.8	12	0	30	0
CKT-1133	2025-10-19T16:00:00Z	46.9	12.6	12.4	0	37	0
CKT-1133	2025-10-19T17:00:00Z	47.5	13	12.9	0	38	0
CKT-1133	2025-10-19T18:00:00Z	49.1	14.8	13.1	0	38	0
CKT-1133	2025-10-19T19:00:00Z	48.7	12.6	13.2	0	24	0
CKT-1133	2025-10-19T20:00:00Z	50	12.7	13.3	0	40	0
CKT-1133	2025-10-19T21:00:00Z	49.7	14.4	14.2	0	43	0
CKT-1133	2025-10-19T22:00:00Z	49.1	13.3	13.2	0	37	0
CKT-1133	2025-10-19T23:00:00Z	46	14	13.9	0	38	0
CKT-1133	2025-10-20T00:00:00Z	49.3	15.3	15.2	0	42	0
CKT-1133	2025-10-20T01:00:00Z	51.6	13.8	15	0	42	0
CKT-1133	2025-10-20T02:00:00Z	51.5	13.4	14.9	0	38	0
CKT-1133	2025-10-20T03:00:00Z	46.4	13.9	15.5	0	38	0
CKT-1133	2025-10-20T04:00:00Z	51	13.6	15.8	0	43	0
CKT-1133	2025-10-20T05:00:00Z	48.1	13.2	15.7	0	37	0
CKT-1133	2025-10-20T06:00:00Z	49.8	13.7	16.7	0	49	0
CKT-1133	2025-10-20T07:00:00Z	49.9	13.4	15.8	0	45	0
CKT-1133	2025-10-20T08:00:00Z	52.4	13.2	16.1	0.017	49	0
CKT-1133	2025-10-20T09:00:00Z	50.9	13.8	16.3	0.01	54	0
CKT-1133	2025-10-20T10:00:00Z	50.9	14	17.7	0.061	44	0
CKT-1133	2025-10-20T11:00:00Z	51	14.2	17.6	0.063	43	0
CKT-1133	2025-10-20T12:00:00Z	50.4	13.7	16.9	0.09	52	0
CKT-1133	2025-10-20T13:00:00Z	48.5	13.3	17.7	0.087	61	0
CKT-1133	2025-10-20T14:00:00Z	52.5	12.8	17.4	0.1	55	0
CKT-1133	2025-10-20T15:00:00Z	53.2	14.7	19.3	0.112	60	0
CKT-1133	2025-10-20T16:00:00Z	52.5	13	17.7	0.139	49	0
CKT-1133	2025-10-20T17:00:00Z	50.7	13.2	19	0.177	58	0
CKT-1133	2025-10-20T18:00:00Z	51.3	12.4	19.4	0.167	56	0
CKT-1133	2025-10-20T19:00:00Z	54	12.9	19.1	0.177	57	0
CKT-1133	2025-10-20T20:00:00Z	53.2	13.9	20.2	0.207	60	0
CKT-1133	2025-10-20T21:00:00Z	52	13.9	19.9	0.214	64	0
CKT-1133	2025-10-20T22:00:00Z	52.9	13.8	19.9	0.255	57	0
CKT-1133	2025-10-20T23:00:00Z	53.4	13.3	21.1	0.261	63	0
CKT-1133	2025-10-21T00:00:00Z	55.2	13.5	21.2	0.244	67	0
CKT-1133	2025-10-21T01:00:00Z	51.6	13.6	21	0.292	62	0
CKT-1133	2025-10-21T02:00:00Z	57.8	12.8	21.4	0.295	69	0
CKT-1133	2025-10-21T03:00:00Z	52.5	13.8	21.3	0.342	64	0
CKT-1133	2025-10-21T04:00:00Z	53.2	13.2	21.5	0.292	72	0
CKT-1133	2025-10-21T05:00:00Z	52.6	13.1	21.6	0.342	70	0
CKT-1133	2025-10-21T06:00:00Z	53.7	13.2	22.6	0.338	71	0
CKT-1133	2025-10-21T07:00:00Z	53.6	12.6	23.7	0.378	72	0
CKT-1133	2025-10-21T08:00:00Z	54.5	14.9	23.5	0.389	69	0
CKT-1133	2025-10-21T09:00:00Z	53.3	12.5	23	0.411	77	0
CKT-1133	2025-10-21T10:00:00Z	55.1	13.3	23.7	0.429	63	0
CKT-1133	2025-10-21T11:00:00Z	54.8	14.9	23.6	0.378	71	0
CKT-1134	2025-10-19T12:00:00Z	92.8	2.5	9	0.296	48	0
CKT-1134	2025-10-19T13:00:00Z	87.9	3.2	7.9	0.325	55	0
CKT-1134	2025-10-19T14:00:00Z	87	2.9	8.5	0.277	56	0
CKT-1134	2025-10-19T15:00:00Z	88.1	2	8.4	0.281	51	0
CKT-1134	2025-10-19T16:00:00Z	90.4	2.4	8.7	0.287	59	0
CKT-1134	2025-10-19T17:00:00Z	88.1	1.7	9.4	0.308	58	0
CKT-1134	2025-10-19T18:00:00Z	86.8	1.1	8.2	0.289	63	0
CKT-1134	2025-10-19T19:00:00Z	89.2	2.4	8	0.313	64	0
CKT-1134	2025-10-19T20:00:00Z	89.4	1.8	8.7	0.32	62	0
CKT-1134	2025-10-19T21:00:00Z	87.2	1.7	8.3	0.264	63	0
CKT-1134	2025-10-19T22:00:00Z	88.7	3.1	8.4	0.268	72	0
CKT-1134	2025-10-19T23:00:00Z	89.7	3	8.6	0.266	68	0
CKT-1134	2025-10-20T00:00:00Z	89.8	1.7	8	0.266	82	0
CKT-1134	2025-10-20T01:00:00Z	89.7	2.1	7.9	0.288	76	0
CKT-1134	2025-10-20T02:00:00Z	88.1	2.5	8.2	0.238	75	0
CKT-1134	2025-10-20T03:00:00Z	87.5	1.5	7.8	0.269	84	0
CKT-1134	2025-10-20T04:00:00Z	87.1	2.7	8.5	0.239	76	0
CKT-1134	2025-10-20T05:00:00Z	88.8	3.3	8.3	0.261	83	0
CKT-1134	2025-10-20T06:00:00Z	89.6	2.1	7.1	0.223	87	0
CKT-1134	2025-10-20T07:00:00Z	89.8	2.1	8.3	0.221	96	0
CKT-1134	2025-10-20T08:00:00Z	90.3	1.8	7.5	0.193	94	0
CKT-1134	2025-10-20T09:00:00Z	88.2	1.7	8.4	0.2	96	0
CKT-1134	2025-10-20T10:00:00Z	87.4	1.5	8	0.213	96	0
CKT-1134	2025-10-20T11:00:00Z	89.6	2.8	8.3	0.213	94	0
CKT-1134	2025-10-20T12:00:00Z	85.1	2.2	7.8	0.237	97	0
CKT-1134	2025-10-20T13:00:00Z	88.8	1.9	7.8	0.22	102	0
CKT-1134	2025-10-20T14:00:00Z	88.1	2.1	8.5	0.217	92	0
CKT-1134	2025-10-20T15:00:00Z	87.2	2.8	7.6	0.166	104	0
CKT-1134	2025-10-20T16:00:00Z	88.3	1.9	8.7	0.233	97	0
CKT-1134	2025-10-20T17:00:00Z	86.9	1	8.4	0.178	106	0
CKT-1134	2025-10-20T18:00:00Z	89.1	1.4	7.3	0.142	117	0
CKT-1134	2025-10-20T19:00:00Z	88.8	2	7.4	0.2	126	0
CKT-1134	2025-10-20T20:00:00Z	86.9	1.4	8.6	0.157	113	0
CKT-1134	2025-10-20T21:00:00Z	83.2	2	7.4	0.2	112	0
CKT-1134	2025-10-20T22:00:00Z	88.2	2.1	8	0.182	118	0
CKT-1134	2025-10-20T23:00:00Z	86	1.7	8.2	0.129	129	0
CKT-1134	2025-10-21T00:00:00Z	87.1	2	8.1	0.151	122	0
CKT-1134	2025-10-21T01:00:00Z	85.2	2.4	7.9	0.162	132	0
CKT-1134	2025-10-21T02:00:00Z	85.6	2.1	7.1	0.166	126	0
CKT-1134	2025-10-21T03:00:00Z	86.7	2.1	7.6	0.2	129	0
CKT-1134	2025-10-21T04:00:00Z	87.1	1.5	8.3	0.144	133	0
CKT-1134	2025-10-21T05:00:00Z	87.9	2.1	7.5	0.096	131	0
CKT-1134	2025-10-21T06:00:00Z	85.5	1.5	8.5	0.158	125	0
CKT-1134	2025-10-21T07:00:00Z	86.7	1.7	8	0.118	134	0
CKT-1134	2025-10-21T08:00:00Z	87.8	2.7	8.5	0.126	131	0
CKT-1134	2025-10-21T09:00:00Z	87.7	2.7	8.1	0.111	135	0
CKT-1134	2025-10-21T10:00:00Z	87	1.6	7.6	0.18	153	0
CKT-1134	2025-10-21T11:00:00Z	87.3	1.8	7.3	0.132	152	0
CKT-1135	2025-10-19T12:00:00Z	69	18.2	20.8	0.004	174	0
CKT-1135	2025-10-19T13:00:00Z	73.3	18.8	20.4	0.019	177	0
CKT-1135	2025-10-19T14:00:00Z	72.9	18.4	20.6	0.05	188	0
CKT-1135	2025-10-19T15:00:00Z	70	19.3	20.7	0.027	174	0
CKT-1135	2025-10-19T16:00:00Z	73.3	19.6	22.1	0.005	169	0
CKT-1135	2025-10-19T17:00:00Z	75.3	19.1	20.7	0.038	171	0
CKT-1135	2025-10-19T18:00:00Z	73	19.1	21.6	0.054	182	0
CKT-1135	2025-10-19T19:00:00Z	72.8	20.1	21.4	0.028	173	0
CKT-1135	2025-10-19T20:00:00Z	71.6	19.5	20.5	0.044	173	0
CKT-1135	2025-10-19T21:00:00Z	70.9	18.5	21.3	0.059	174	0
CKT-1135	2025-10-19T22:00:00Z	69.8	21	21.9	0.065	186	0
CKT-1135	2025-10-19T23:00:00Z	73.1	19.1	22.1	0.076	181	0
CKT-1135	2025-10-20T00:00:00Z	74.5	18.4	21.4	0.085	182	0
CKT-1135	2025-10-20T01:00:00Z	71.1	18.8	22.4	0.063	178	0
CKT-1135	2025-10-20T02:00:00Z	73.7	19.1	21.5	0.039	183	0
CKT-1135	2025-10-20T03:00:00Z	73.9	19.6	22.1	0.087	180	0
CKT-1135	2025-10-20T04:00:00Z	74.9	19.2	21.4	0.056	180	0
CKT-1135	2025-10-20T05:00:00Z	74.8	20	21.7	0.068	177	0
CKT-1135	2025-10-20T06:00:00Z	76.3	19.4	22.2	0.065	176	0
CKT-1135	2025-10-20T07:00:00Z	71.8	18.4	22.2	0.069	178	0
CKT-1135	2025-10-20T08:00:00Z	75.5	19.2	22	0.066	179	0
CKT-1135	2025-10-20T09:00:00Z	73.7	19.8	22.3	0.078	173	0
CKT-1135	2025-10-20T10:00:00Z	76	20	21.7	0.083	177	0
CKT-1135	2025-10-20T11:00:00Z	74.9	19.4	21.3	0.093	183	0
CKT-1135	2025-10-20T12:00:00Z	76.4	18.6	22.5	0.07	168	0
CKT-1135	2025-10-20T13:00:00Z	73.8	18.5	22.8	0.05	173	0
CKT-1135	2025-10-20T14:00:00Z	74.1	19.6	24.1	0.091	172	0
CKT-1135	2025-10-20T15:00:00Z	74	19.5	22.1	0.11	179	0
CKT-1135	2025-10-20T16:00:00Z	74.9	18.1	23.3	0.075	178	0
CKT-1135	2025-10-20T17:00:00Z	75	18.2	22.8	0.068	174	0
CKT-1135	2025-10-20T18:00:00Z	76	19.6	23	0.077	174	0
CKT-1135	2025-10-20T19:00:00Z	74.5	17.9	23.2	0.064	178	0
CKT-1135	2025-10-20T20:00:00Z	73.4	18.4	23.5	0.1	168	0
CKT-1135	2025-10-20T21:00:00Z	74.9	19.3	23	0.095	179	0
CKT-1135	2025-10-20T22:00:00Z	75.9	18.5	23.4	0.099	186	0
CKT-1135	2025-10-20T23:00:00Z	75.8	19.2	23.6	0.101	174	0
CKT-1135	2025-10-21T00:00:00Z	76.8	19.4	24.6	0.124	181	0
CKT-1135	2025-10-21T01:00:00Z	77.3	18.7	23	0.092	181	0
CKT-1135	2025-10-21T02:00:00Z	78.5	19.6	23.6	0.148	175	0
CKT-1135	2025-10-21T03:00:00Z	74.7	19.3	24.4	0.1	169	0
CKT-1135	2025-10-21T04:00:00Z	76.6	19.6	22.4	0.139	171	0
CKT-1135	2025-10-21T05:00:00Z	77.8	17.9	23.2	0.134	184	1
CKT-1135	2025-10-21T06:00:00Z	76.8	20.6	23.5	0.103	176	1
CKT-1135	2025-10-21T07:00:00Z	76.4	19.3	23.8	0.138	180	1
CKT-1135	2025-10-21T08:00:00Z	79.5	18.8	24.4	0.141	177	1
CKT-1135	2025-10-21T09:00:00Z	76.9	17.9	24.3	0.143	177	1
CKT-1135	2025-10-21T10:00:00Z	76.1	18.1	24.6	0.135	184	1
CKT-1135	2025-10-21T11:00:00Z	75.3	18.9	23.8	0.157	184	1
CKT-1136	2025-10-19T12:00:00Z	52	5.4	3.9	0	166	0
CKT-1136	2025-10-19T13:00:00Z	54	5.9	5.1	0	169	0
CKT-1136	2025-10-19T14:00:00Z	53	5.4	4.7	0	171	0
CKT-1136	2025-10-19T15:00:00Z	56	6.1	4.8	0	167	0
CKT-1136	2025-10-19T16:00:00Z	52.2	4.8	3.7	0	178	0
CKT-1136	2025-10-19T17:00:00Z	54.3	5.8	4.5	0	161	0
CKT-1136	2025-10-19T18:00:00Z	54.4	5	4.4	0	169	0
CKT-1136	2025-10-19T19:00:00Z	52.7	4.8	3.8	0	168	0
CKT-1136	2025-10-19T20:00:00Z	52.5	5.6	4.1	0	172	0
CKT-1136	2025-10-19T21:00:00Z	53.3	6.2	4.7	0	178	0
CKT-1136	2025-10-19T22:00:00Z	55.5	5.1	5.5	0	182	0
CKT-1136	2025-10-19T23:00:00Z	55.1	5.3	4.4	0	175	0
CKT-1136	2025-10-20T00:00:00Z	53.2	5.5	4.9	0	182	0
CKT-1136	2025-10-20T01:00:00Z	58.5	4.9	4.5	0	182	0
CKT-1136	2025-10-20T02:00:00Z	56.5	5.8	5.1	0	180	0
CKT-1136	2025-10-20T03:00:00Z	57.7	5.9	3.8	0	179	0
CKT-1136	2025-10-20T04:00:00Z	58.1	6.3	5	0	182	0
CKT-1136	2025-10-20T05:00:00Z	55.5	6.6	5.2	0.022	182	0
CKT-1136	2025-10-20T06:00:00Z	58.1	5.8	4.7	0	189	0
CKT-1136	2025-10-20T07:00:00Z	58.1	5	5.9	0.029	193	0
CKT-1136	2025-10-20T08:00:00Z	57.7	4.9	5.2	0.022	181	0
CKT-1136	2025-10-20T09:00:00Z	57.3	4.9	5	0.031	192	0
CKT-1136	2025-10-20T10:00:00Z	58.7	5.2	4.3	0.01	195	0
CKT-1136	2025-10-20T11:00:00Z	59	4.6	6.3	0.003	197	0
CKT-1136	2025-10-20T12:00:00Z	64.4	5.2	6.3	0	182	0
CKT-1136	2025-10-20T13:00:00Z	59.2	5.8	5.8	0.033	185	0
CKT-1136	2025-10-20T14:00:00Z	60.6	4.9	5.4	0.023	193	0
CKT-1136	2025-10-20T15:00:00Z	60	5.3	5	0.059	195	0
CKT-1136	2025-10-20T16:00:00Z	61.1	5.4	6.5	0.026	195	0
CKT-1136	2025-10-20T17:00:00Z	59.8	5.3	5.9	0.06	200	0
CKT-1136	2025-10-20T18:00:00Z	63.3	5.9	5.9	0.081	199	0
CKT-1136	2025-10-20T19:00:00Z	61.9	5.4	6.1	0.1	202	0
CKT-1136	2025-10-20T20:00:00Z	62.3	5	6.8	0.105	200	0
CKT-1136	2025-10-20T21:00:00Z	64.1	6.1	6.3	0.086	202	0
CKT-1136	2025-10-20T22:00:00Z	62.8	6.3	6.2	0.092	210	0
CKT-1136	2025-10-20T23:00:00Z	61	5.4	6.2	0.096	195	0
CKT-1136	2025-10-21T00:00:00Z	63.6	5.3	6.7	0.12	191	0
CKT-1136	2025-10-21T01:00:00Z	64.3	5.2	6.6	0.109	199	0
CKT-1136	2025-10-21T02:00:00Z	62.5	5.4	6.2	0.122	200	0
CKT-1136	2025-10-21T03:00:00Z	66.2	5.2	6.8	0.115	203	0
CKT-1136	2025-10-21T04:00:00Z	65.1	6	6.1	0.113	212	0
CKT-1136	2025-10-21T05:00:00Z	67	6.1	6.9	0.106	202	0
CKT-1136	2025-10-21T06:00:00Z	65.7	5.7	6.9	0.131	210	0
CKT-1136	2025-10-21T07:00:00Z	66.5	5	6.6	0.163	215	0
CKT-1136	2025-10-21T08:00:00Z	65.2	5	7.5	0.127	212	0
CKT-1136	2025-10-21T09:00:00Z	66.7	4.5	8.1	0.149	214	0
CKT-1136	2025-10-21T10:00:00Z	65.8	6.2	8.2	0.132	212	0
CKT-1136	2025-10-21T11:00:00Z	69.8	5	7.6	0.134	210	0
CKT-1137	2025-10-19T12:00:00Z	69.3	15.4	6.5	0.099	299	0
CKT-1137	2025-10-19T13:00:00Z	66.6	16.4	6.5	0.106	306	0
CKT-1137	2025-10-19T14:00:00Z	69.6	15.7	7.3	0.122	297	0
CKT-1137	2025-10-19T15:00:00Z	68.2	16.6	7.2	0.079	295	0
CKT-1137	2025-10-19T16:00:00Z	70.3	15.3	7.2	0.148	302	0
CKT-1137	2025-10-19T17:00:00Z	68.1	16.1	7.3	0.111	303	0
CKT-1137	2025-10-19T18:00:00Z	68.5	15.6	7.2	0.095	288	0
CKT-1137	2025-10-19T19:00:00Z	69.5	16.2	7.2	0.143	301	0
CKT-1137	2025-10-19T20:00:00Z	71.2	16.1	6.9	0.106	302	0
CKT-1137	2025-10-19T21:00:00Z	69.4	17.2	5.5	0.121	302	0
CKT-1137	2025-10-19T22:00:00Z	71.3	15.3	5.8	0.122	307	0
CKT-1137	2025-10-19T23:00:00Z	71.3	16.5	6.4	0.117	307	0
CKT-1137	2025-10-20T00:00:00Z	70.8	16.7	5.8	0.098	303	0
CKT-1137	2025-10-20T01:00:00Z	74.3	16	6.1	0.148	300	0
CKT-1137	2025-10-20T02:00:00Z	72.7	15.8	6.7	0.1	312	0
CKT-1137	2025-10-20T03:00:00Z	73.7	17.1	6.2	0.075	299	0
CKT-1137	2025-10-20T04:00:00Z	76	15.8	7.1	0.091	296	0
CKT-1137	2025-10-20T05:00:00Z	72.3	17.3	7.1	0.071	304	0
CKT-1137	2025-10-20T06:00:00Z	71	15.6	6.8	0.14	307	0
CKT-1137	2025-10-20T07:00:00Z	73.4	16.2	7.2	0.081	310	0
CKT-1137	2025-10-20T08:00:00Z	72.1	16.2	6.2	0.089	303	0
CKT-1137	2025-10-20T09:00:00Z	73.8	16	6.4	0.143	311	0
CKT-1137	2025-10-20T10:00:00Z	75.6	16.2	5.6	0.125	304	0
CKT-1137	2025-10-20T11:00:00Z	75.1	15.4	6.9	0.144	296	0
CKT-1137	2025-10-20T12:00:00Z	75.2	15.5	6.4	0.094	299	0
CKT-1137	2025-10-20T13:00:00Z	73.9	16.3	6.8	0.138	297	0
CKT-1137	2025-10-20T14:00:00Z	75.2	15.4	6.3	0.114	296	0
CKT-1137	2025-10-20T15:00:00Z	75.7	15.9	6.4	0.138	298	0
CKT-1137	2025-10-20T16:00:00Z	76.4	16.9	7	0.11	296	0
CKT-1137	2025-10-20T17:00:00Z	74.3	15.1	6.7	0.129	301	0
CKT-1137	2025-10-20T18:00:00Z	73.6	15.8	7	0.126	304	0
CKT-1137	2025-10-20T19:00:00Z	80.9	16.2	5.2	0.092	302	0
CKT-1137	2025-10-20T20:00:00Z	76.2	15.9	6.2	0.099	302	0
CKT-1137	2025-10-20T21:00:00Z	78.5	17.1	7.1	0.096	300	0
CKT-1137	2025-10-20T22:00:00Z	76.2	16.4	6.2	0.11	308	0
CKT-1137	2025-10-20T23:00:00Z	77	16.1	6.4	0.129	304	0
CKT-1137	2025-10-21T00:00:00Z	79.4	15.3	6.4	0.113	299	0
CKT-1137	2025-10-21T01:00:00Z	78.5	16.8	5.9	0.149	293	0
CKT-1137	2025-10-21T02:00:00Z	78.5	15.5	5.9	0.117	299	0
CKT-1137	2025-10-21T03:00:00Z	73.6	16.4	6.6	0.113	299	0
CKT-1137	2025-10-21T04:00:00Z	77.5	15	5.2	0.132	306	0
CKT-1137	2025-10-21T05:00:00Z	79.2	16.3	6.5	0.131	297	0
CKT-1137	2025-10-21T06:00:00Z	78.9	15.9	6	0.139	308	0
CKT-1137	2025-10-21T07:00:00Z	75.3	15.9	5.9	0.14	293	0
CKT-1137	2025-10-21T08:00:00Z	74.6	16.5	6.6	0.081	300	0
CKT-1137	2025-10-21T09:00:00Z	81.6	15.4	6.1	0.127	293	0
CKT-1137	2025-10-21T10:00:00Z	78.7	15	6	0.102	302	0
CKT-1137	2025-10-21T11:00:00Z	80.8	16.9	7.2	0.122	299	0
CKT-1138	2025-10-19T12:00:00Z	73.9	14	10.6	0.249	10	0
CKT-1138	2025-10-19T13:00:00Z	73.5	14.4	11.1	0.199	10	0
CKT-1138	2025-10-19T14:00:00Z	75.1	14.7	10.5	0.203	16	0
CKT-1138	2025-10-19T15:00:00Z	74.9	13.5	10.5	0.229	9	0
CKT-1138	2025-10-19T16:00:00Z	77.4	14.6	11	0.208	8	0
CKT-1138	2025-10-19T17:00:00Z	77.8	13.6	11.8	0.258	10	0
CKT-1138	2025-10-19T18:00:00Z	79.1	13.7	11	0.257	3	0
CKT-1138	2025-10-19T19:00:00Z	75.9	14	10.9	0.255	5	0
CKT-1138	2025-10-19T20:00:00Z	77.9	13.8	11.4	0.264	3	0
CKT-1138	2025-10-19T21:00:00Z	75.3	13.8	10.3	0.251	10	0
CKT-1138	2025-10-19T22:00:00Z	78.3	13	10.8	0.236	9	0
CKT-1138	2025-10-19T23:00:00Z	77.6	14	10.4	0.269	7	0
CKT-1138	2025-10-20T00:00:00Z	78.6	15.1	10.5	0.281	2	0
CKT-1138	2025-10-20T01:00:00Z	79.2	13.4	10.9	0.25	1	0
CKT-1138	2025-10-20T02:00:00Z	76.3	14.2	10.1	0.298	1	0
CKT-1138	2025-10-20T03:00:00Z	79.7	14.3	10.4	0.289	6	0
CKT-1138	2025-10-20T04:00:00Z	77.7	13.3	10.5	0.285	8	0
CKT-1138	2025-10-20T05:00:00Z	81.5	13.7	9.9	0.291	6	0
CKT-1138	2025-10-20T06:00:00Z	80.2	13.9	11.2	0.31	9	0
CKT-1138	2025-10-20T07:00:00Z	79.4	14.6	10	0.293	10	0
CKT-1138	2025-10-20T08:00:00Z	79.5	14.1	10.5	0.313	5	0
CKT-1138	2025-10-20T09:00:00Z	79	14.6	9.8	0.313	7	0
CKT-1138	2025-10-20T10:00:00Z	80.3	14.6	9.9	0.346	4	0
CKT-1138	2025-10-20T11:00:00Z	80.6	13.9	10.9	0.315	4	0
CKT-1138	2025-10-20T12:00:00Z	80.4	13.8	10	0.351	6	0
CKT-1138	2025-10-20T13:00:00Z	80.6	13.8	9.5	0.333	6	0
CKT-1138	2025-10-20T14:00:00Z	82.2	13.4	10.5	0.332	6	0
CKT-1138	2025-10-20T15:00:00Z	79	14.3	9.2	0.347	7	0
CKT-1138	2025-10-20T16:00:00Z	80.3	12.7	10.7	0.323	7	0
CKT-1138	2025-10-20T17:00:00Z	79.8	14.6	9.4	0.333	8	0
CKT-1138	2025-10-20T18:00:00Z	79.1	13.7	9.9	0.382	1	0
CKT-1138	2025-10-20T19:00:00Z	80.3	14.2	8.5	0.384	1	0
CKT-1138	2025-10-20T20:00:00Z	80.7	14.1	9.5	0.341	14	0
CKT-1138	2025-10-20T21:00:00Z	77.6	13.3	9.1	0.346	12	0
CKT-1138	2025-10-20T22:00:00Z	79.1	14.9	9.2	0.342	0	0
CKT-1138	2025-10-20T23:00:00Z	81.4	13.5	9.4	0.364	10	0
CKT-1138	2025-10-21T00:00:00Z	81.7	13.7	9.8	0.382	9	0
CKT-1138	2025-10-21T01:00:00Z	83.8	13.8	9.2	0.399	0	0
CKT-1138	2025-10-21T02:00:00Z	82.1	13.8	9.4	0.37	11	0
CKT-1138	2025-10-21T03:00:00Z	81.2	13.7	8.8	0.415	0	0
CKT-1138	2025-10-21T04:00:00Z	85.2	14.8	8.8	0.415	6	0
CKT-1138	2025-10-21T05:00:00Z	85.1	14.5	10.1	0.368	6	0
CKT-1138	2025-10-21T06:00:00Z	80.2	13.7	10.1	0.412	10	0
CKT-1138	2025-10-21T07:00:00Z	83.7	14.2	8.7	0.393	3	0
CKT-1138	2025-10-21T08:00:00Z	79	13.9	9	0.399	5	0
CKT-1138	2025-10-21T09:00:00Z	84	14.5	8.2	0.4	9	0
CKT-1138	2025-10-21T10:00:00Z	84.2	14.8	9.4	0.468	4	0
CKT-1138	2025-10-21T11:00:00Z	85.9	13.4	9.9	0.433	8	0
CKT-1139	2025-10-19T12:00:00Z	74	11.4	18.9	0.423	0	0
CKT-1139	2025-10-19T13:00:00Z	72.7	11.3	19.2	0.39	0	0
CKT-1139	2025-10-19T14:00:00Z	76.9	12.4	19.1	0.387	0	0
CKT-1139	2025-10-19T15:00:00Z	77	11.1	18.8	0.437	0	0
CKT-1139	2025-10-19T16:00:00Z	75.5	12	18.9	0.436	0	0
CKT-1139	2025-10-19T17:00:00Z	75	11.6	18.7	0.407	0	0
CKT-1139	2025-10-19T18:00:00Z	77.8	11.5	18.4	0.441	0	0
CKT-1139	2025-10-19T19:00:00Z	77	11.1	18.2	0.446	0	0
CKT-1139	2025-10-19T20:00:00Z	77.8	11	17.9	0.514	0	0
CKT-1139	2025-10-19T21:00:00Z	77.8	12	18.9	0.454	0	0
CKT-1139	2025-10-19T22:00:00Z	77.6	12.2	18.9	0.491	0	0
CKT-1139	2025-10-19T23:00:00Z	81.5	11.4	19.2	0.455	0	0
CKT-1139	2025-10-20T00:00:00Z	81.7	11.9	18.4	0.462	0	0
CKT-1139	2025-10-20T01:00:00Z	77.9	11.6	18	0.435	0	0
CKT-1139	2025-10-20T02:00:00Z	78.7	12.2	17.6	0.481	0	0
CKT-1139	2025-10-20T03:00:00Z	80.9	11.3	18.1	0.496	0	0
CKT-1139	2025-10-20T04:00:00Z	78.4	11.1	17.6	0.488	0	0
CKT-1139	2025-10-20T05:00:00Z	81.8	11	18.6	0.491	0	0
CKT-1139	2025-10-20T06:00:00Z	79.3	11.2	18.2	0.479	0	0
CKT-1139	2025-10-20T07:00:00Z	81.8	10.9	16.7	0.52	9	0
CKT-1139	2025-10-20T08:00:00Z	82.1	11.9	17	0.535	0	0
CKT-1139	2025-10-20T09:00:00Z	83.5	11.8	17.7	0.523	0	0
CKT-1139	2025-10-20T10:00:00Z	82.6	12.1	17	0.511	5	0
CKT-1139	2025-10-20T11:00:00Z	82.7	11.3	17.8	0.537	0	0
CKT-1139	2025-10-20T12:00:00Z	83.9	11.6	17.5	0.525	2	0
CKT-1139	2025-10-20T13:00:00Z	80.4	10.9	17.5	0.582	2	0
CKT-1139	2025-10-20T14:00:00Z	82.5	11.6	16.6	0.559	2	0
CKT-1139	2025-10-20T15:00:00Z	85.5	11.4	17.5	0.506	3	0
CKT-1139	2025-10-20T16:00:00Z	85	11.3	17	0.55	9	0
CKT-1139	2025-10-20T17:00:00Z	85.5	11.7	17.2	0.521	1	0
CKT-1139	2025-10-20T18:00:00Z	82.8	11.8	16.9	0.58	7	0
CKT-1139	2025-10-20T19:00:00Z	84.3	11.6	15.7	0.549	0	0
CKT-1139	2025-10-20T20:00:00Z	86.1	11.3	16.5	0.543	4	0
CKT-1139	2025-10-20T21:00:00Z	87	10.6	16.7	0.55	0	0
CKT-1139	2025-10-20T22:00:00Z	88.2	12.3	16.1	0.56	8	0
CKT-1139	2025-10-20T23:00:00Z	85.4	11.1	16.5	0.617	9	0
CKT-1139	2025-10-21T00:00:00Z	88.5	11.7	15.4	0.58	11	0
CKT-1139	2025-10-21T01:00:00Z	89.6	12.4	16.3	0.609	12	0
CKT-1139	2025-10-21T02:00:00Z	89.4	11.5	16.6	0.613	17	0
CKT-1139	2025-10-21T03:00:00Z	86.9	11.2	16.4	0.612	15	0
CKT-1139	2025-10-21T04:00:00Z	87.9	11.6	15.8	0.593	25	0
CKT-1139	2025-10-21T05:00:00Z	88	11.8	15.9	0.579	10	0
CKT-1139	2025-10-21T06:00:00Z	89	10.3	16.7	0.601	15	0
CKT-1139	2025-10-21T07:00:00Z	91.3	11.4	16	0.601	19	0
CKT-1139	2025-10-21T08:00:00Z	91.3	11	15.9	0.569	26	0
CKT-1139	2025-10-21T09:00:00Z	89.3	11.4	15.5	0.602	15	0
CKT-1139	2025-10-21T10:00:00Z	91.3	11.8	15	0.637	24	0
CKT-1139	2025-10-21T11:00:00Z	90.3	10.7	15.3	0.638	22	0
CKT-1140	2025-10-19T12:00:00Z	72.4	1.8	9.8	0.09	159	0
CKT-1140	2025-10-19T13:00:00Z	73.8	1.3	9.1	0.093	143	0
CKT-1140	2025-10-19T14:00:00Z	73.5	1	10.2	0.108	154	0
CKT-1140	2025-10-19T15:00:00Z	74.6	2	10.3	0.168	145	0
CKT-1140	2025-10-19T16:00:00Z	75.3	1.8	10.5	0.138	155	0
CKT-1140	2025-10-19T17:00:00Z	72.2	1	9.7	0.143	150	0
CKT-1140	2025-10-19T18:00:00Z	73.1	1	9.7	0.118	148	0
CKT-1140	2025-10-19T19:00:00Z	74.2	1.8	10.2	0.197	154	0
CKT-1140	2025-10-19T20:00:00Z	75.5	1.8	10.5	0.165	150	0
CKT-1140	2025-10-19T21:00:00Z	77.4	1.5	9.6	0.192	154	0
CKT-1140	2025-10-19T22:00:00Z	74.9	1	11	0.191	148	0
CKT-1140	2025-10-19T23:00:00Z	76.5	1	10.5	0.183	157	0
CKT-1140	2025-10-20T00:00:00Z	75.2	1	11	0.153	152	0
CKT-1140	2025-10-20T01:00:00Z	73.1	1.3	10.4	0.229	161	0
CKT-1140	2025-10-20T02:00:00Z	72.4	1.8	11.7	0.208	146	0
CKT-1140	2025-10-20T03:00:00Z	75.6	2.1	11	0.22	145	0
CKT-1140	2025-10-20T04:00:00Z	77.3	1.1	9.8	0.207	147	0
CKT-1140	2025-10-20T05:00:00Z	77.7	1	11.6	0.27	151	0
CKT-1140	2025-10-20T06:00:00Z	71.7	1	10.6	0.287	147	0
CKT-1140	2025-10-20T07:00:00Z	74.5	1.7	10.2	0.26	146	0
CKT-1140	2025-10-20T08:00:00Z	79.8	1	12	0.246	151	0
CKT-1140	2025-10-20T09:00:00Z	76.6	1.7	11.1	0.295	152	0
CKT-1140	2025-10-20T10:00:00Z	75.7	1.2	11.1	0.282	149	0
CKT-1140	2025-10-20T11:00:00Z	76.2	1	10.7	0.311	138	0
CKT-1140	2025-10-20T12:00:00Z	78	1.2	12.1	0.327	148	0
CKT-1140	2025-10-20T13:00:00Z	76	2.5	12	0.33	155	0
CKT-1140	2025-10-20T14:00:00Z	74.8	1.7	11	0.297	150	0
CKT-1140	2025-10-20T15:00:00Z	75.9	1.5	11.2	0.302	158	0
CKT-1140	2025-10-20T16:00:00Z	76.9	1	11.6	0.366	154	0
CKT-1140	2025-10-20T17:00:00Z	76	1.3	11.1	0.329	146	0
CKT-1140	2025-10-20T18:00:00Z	74.7	1.3	11.9	0.344	151	0
CKT-1140	2025-10-20T19:00:00Z	79.4	2.7	11.7	0.378	149	0
CKT-1140	2025-10-20T20:00:00Z	76.4	1	11.9	0.391	143	0
CKT-1140	2025-10-20T21:00:00Z	76.8	1.4	12	0.383	152	0
CKT-1140	2025-10-20T22:00:00Z	80.2	1	11.5	0.391	157	0
CKT-1140	2025-10-20T23:00:00Z	75.2	1.8	11.9	0.411	153	0
CKT-1140	2025-10-21T00:00:00Z	77.6	1.9	11.8	0.418	156	0
CKT-1140	2025-10-21T01:00:00Z	77.8	1.3	12.1	0.427	149	0
CKT-1140	2025-10-21T02:00:00Z	76	2.1	11.7	0.428	140	0
CKT-1140	2025-10-21T03:00:00Z	78	1.5	11.3	0.434	144	0
CKT-1140	2025-10-21T04:00:00Z	78.1	1.3	11.6	0.415	145	0
CKT-1140	2025-10-21T05:00:00Z	79.6	2.1	13.5	0.434	147	0
CKT-1140	2025-10-21T06:00:00Z	78.4	1.4	12.2	0.454	153	0
CKT-1140	2025-10-21T07:00:00Z	75.2	1.2	11.9	0.458	152	0
CKT-1140	2025-10-21T08:00:00Z	80.1	1.3	12.7	0.435	145	0
CKT-1140	2025-10-21T09:00:00Z	78.9	1	13.3	0.488	145	0
CKT-1140	2025-10-21T10:00:00Z	76.4	1.1	12.3	0.461	142	0
CKT-1140	2025-10-21T11:00:00Z	78.4	2	12.5	0.503	148	0
CKT-1141	2025-10-19T12:00:00Z	53.5	6	8.3	0.387	56	0
CKT-1141	2025-10-19T13:00:00Z	56.7	6.8	7.7	0.398	58	0
CKT-1141	2025-10-19T14:00:00Z	56.9	6.4	8.2	0.426	57	0
CKT-1141	2025-10-19T15:00:00Z	52.7	5.4	9.1	0.382	57	0
CKT-1141	2025-10-19T16:00:00Z	56.6	5.4	7.6	0.403	68	0
CKT-1141	2025-10-19T17:00:00Z	58.4	6	8.4	0.445	58	0
CKT-1141	2025-10-19T18:00:00Z	53.1	7.8	7.2	0.455	57	0
CKT-1141	2025-10-19T19:00:00Z	57.2	7	7.6	0.446	54	0
CKT-1141	2025-10-19T20:00:00Z	56.1	6.9	7.8	0.468	72	0
CKT-1141	2025-10-19T21:00:00Z	57.4	7.3	6.9	0.496	65	0
CKT-1141	2025-10-19T22:00:00Z	54.2	5.8	7.9	0.469	61	0
CKT-1141	2025-10-19T23:00:00Z	55.6	6.8	7.6	0.499	71	0
CKT-1141	2025-10-20T00:00:00Z	53.8	6.6	8.1	0.527	64	0
CKT-1141	2025-10-20T01:00:00Z	55	7.4	7.5	0.508	68	0
CKT-1141	2025-10-20T02:00:00Z	55.6	7.1	7.7	0.565	71	0
CKT-1141	2025-10-20T03:00:00Z	56.3	7.1	7.5	0.547	72	0
CKT-1141	2025-10-20T04:00:00Z	57.3	6.1	7	0.564	67	0
CKT-1141	2025-10-20T05:00:00Z	57.2	6.2	7.4	0.571	71	0
CKT-1141	2025-10-20T06:00:00Z	58.3	6.7	8.8	0.59	69	0
CKT-1141	2025-10-20T07:00:00Z	57.2	6.8	8.2	0.626	68	0
CKT-1141	2025-10-20T08:00:00Z	59.5	6.4	7.2	0.606	81	0
CKT-1141	2025-10-20T09:00:00Z	58.4	5.7	7	0.597	72	0
CKT-1141	2025-10-20T10:00:00Z	57.9	5.8	7.4	0.661	85	0
CKT-1141	2025-10-20T11:00:00Z	60.3	5.4	8.4	0.646	78	0
CKT-1141	2025-10-20T12:00:00Z	59.7	6.9	6.6	0.644	77	0
CKT-1141	2025-10-20T13:00:00Z	56.3	7.1	8.2	0.667	81	0
CKT-1141	2025-10-20T14:00:00Z	58.4	6.5	8	0.643	83	0
CKT-1141	2025-10-20T15:00:00Z	58.6	6	7.2	0.727	75	0
CKT-1141	2025-10-20T16:00:00Z	58.4	7.4	6.8	0.692	83	0
CKT-1141	2025-10-20T17:00:00Z	59.4	6.4	6.9	0.722	83	0
CKT-1141	2025-10-20T18:00:00Z	59.9	7	6.6	0.745	83	0
CKT-1141	2025-10-20T19:00:00Z	60.3	6.8	8.2	0.736	83	0
CKT-1141	2025-10-20T20:00:00Z	58.5	5.8	7.7	0.725	90	0
CKT-1141	2025-10-20T21:00:00Z	59.1	5.4	8	0.691	87	0
CKT-1141	2025-10-20T22:00:00Z	59.9	5.1	7.4	0.756	87	0
CKT-1141	2025-10-20T23:00:00Z	61.7	6.5	7	0.778	98	0
CKT-1141	2025-10-21T00:00:00Z	60.4	5.9	6.9	0.769	88	0
CKT-1141	2025-10-21T01:00:00Z	62.4	6.4	6.4	0.813	90	0
CKT-1141	2025-10-21T02:00:00Z	60.9	6.3	7.8	0.797	87	0
CKT-1141	2025-10-21T03:00:00Z	61.6	5.3	6.9	0.843	83	0
CKT-1141	2025-10-21T04:00:00Z	60.5	5.6	6.1	0.817	94	0
CKT-1141	2025-10-21T05:00:00Z	59.5	7.1	7	0.84	89	1
CKT-1141	2025-10-21T06:00:00Z	61	7.7	6.6	0.849	91	1
CKT-1141	2025-10-21T07:00:00Z	62.6	7	6.7	0.861	93	1
CKT-1141	2025-10-21T08:00:00Z	60.5	7.1	6.9	0.91	95	1
CKT-1141	2025-10-21T09:00:00Z	57.6	8	6.9	0.911	96	1
CKT-1141	2025-10-21T10:00:00Z	59.2	6.6	5.8	0.901	106	1
CKT-1141	2025-10-21T11:00:00Z	62	6.6	7.6	0.926	92	1
CKT-1142	2025-10-19T12:00:00Z	43.4	18.5	7.9	0.087	59	0
CKT-1142	2025-10-19T13:00:00Z	46.6	18	9.8	0.084	68	0
CKT-1142	2025-10-19T14:00:00Z	43.4	18.6	9.7	0.114	79	0
CKT-1142	2025-10-19T15:00:00Z	46.4	18.7	10.1	0.114	72	0
CKT-1142	2025-10-19T16:00:00Z	45.2	17.4	10.2	0.129	88	0
CKT-1142	2025-10-19T17:00:00Z	45	18.7	10.5	0.101	81	0
CKT-1142	2025-10-19T18:00:00Z	47.9	17.7	10.4	0.116	90	0
CKT-1142	2025-10-19T19:00:00Z	46.1	18.5	10.9	0.1	97	0
CKT-1142	2025-10-19T20:00:00Z	46.1	17.8	10.3	0.118	105	0
CKT-1142	2025-10-19T21:00:00Z	46.5	18.6	10.9	0.049	102	0
CKT-1142	2025-10-19T22:00:00Z	43.2	18.5	12.3	0.086	105	0
CKT-1142	2025-10-19T23:00:00Z	44.6	18.4	11.9	0.079	116	0
CKT-1142	2025-10-20T00:00:00Z	50.1	19.1	12.1	0.097	113	0
CKT-1142	2025-10-20T01:00:00Z	45.3	19	13	0.077	121	0
CKT-1142	2025-10-20T02:00:00Z	47.8	18.2	12.6	0.114	127	0
CKT-1142	2025-10-20T03:00:00Z	46.8	18.5	13.2	0.095	122	0
CKT-1142	2025-10-20T04:00:00Z	43.9	18.7	13.3	0.11	127	0
CKT-1142	2025-10-20T05:00:00Z	46.4	18.4	14.2	0.119	132	0
CKT-1142	2025-10-20T06:00:00Z	47	17.9	12.5	0.137	138	0
CKT-1142	2025-10-20T07:00:00Z	47.8	18	13.7	0.092	145	0
CKT-1142	2025-10-20T08:00:00Z	46.6	18.7	14.1	0.104	143	0
CKT-1142	2025-10-20T09:00:00Z	48.5	17.6	14.2	0.095	163	0
CKT-1142	2025-10-20T10:00:00Z	47.5	17.9	15.3	0.114	157	0
CKT-1142	2025-10-20T11:00:00Z	47.4	18.4	15.3	0.073	167	0
CKT-1142	2025-10-20T12:00:00Z	45.7	17.6	15.2	0.096	159	0
CKT-1142	2025-10-20T13:00:00Z	47.6	19	14.8	0.095	165	0
CKT-1142	2025-10-20T14:00:00Z	46.2	19.4	15.6	0.137	171	0
CKT-1142	2025-10-20T15:00:00Z	48.9	18.2	16.1	0.106	182	0
CKT-1142	2025-10-20T16:00:00Z	46.8	18.5	16.9	0.089	181	0
CKT-1142	2025-10-20T17:00:00Z	45.6	19.3	17.1	0.121	173	0
CKT-1142	2025-10-20T18:00:00Z	47.6	18.3	16.4	0.11	180	0
CKT-1142	2025-10-20T19:00:00Z	47.5	19.2	16.5	0.108	191	0
CKT-1142	2025-10-20T20:00:00Z	43.7	18.9	18	0.149	198	0
CKT-1142	2025-10-20T21:00:00Z	45.3	18.7	18.6	0.1	204	0
CKT-1142	2025-10-20T22:00:00Z	43.2	19.3	18.6	0.059	205	0
CKT-1142	2025-10-20T23:00:00Z	43.7	18	18.8	0.107	214	0
CKT-1142	2025-10-21T00:00:00Z	46.8	18.4	19.3	0.104	211	0
CKT-1142	2025-10-21T01:00:00Z	46.9	18.3	19.6	0.098	211	0
CKT-1142	2025-10-21T02:00:00Z	45.2	17.1	20.1	0.093	218	0
CKT-1142	2025-10-21T03:00:00Z	49.2	18.3	19.9	0.083	230	0
CKT-1142	2025-10-21T04:00:00Z	46.7	17.8	19.4	0.146	225	0
CKT-1142	2025-10-21T05:00:00Z	45.4	18.1	20.2	0.116	234	0
CKT-1142	2025-10-21T06:00:00Z	47.3	18.8	20.3	0.155	233	0
CKT-1142	2025-10-21T07:00:00Z	49	18	20	0.08	241	0
CKT-1142	2025-10-21T08:00:00Z	48.7	17.7	20.5	0.122	243	0
CKT-1142	2025-10-21T09:00:00Z	46.1	17.6	21.4	0.128	250	0
CKT-1142	2025-10-21T10:00:00Z	47.1	17.7	21.7	0.12	245	0
CKT-1142	2025-10-21T11:00:00Z	46.6	18.6	21.7	0.076	252	0
CKT-1143	2025-10-19T12:00:00Z	83.2	8.5	0	0	132	0
CKT-1143	2025-10-19T13:00:00Z	81.3	8.1	0	0	138	0
CKT-1143	2025-10-19T14:00:00Z	77.8	8.8	0	0	136	0
CKT-1143	2025-10-19T15:00:00Z	79.4	8.2	0	0	141	0
CKT-1143	2025-10-19T16:00:00Z	82.1	9.1	0	0	141	0
CKT-1143	2025-10-19T17:00:00Z	80.4	8	0	0	136	0
CKT-1143	2025-10-19T18:00:00Z	79.6	8.8	0	0	142	0
CKT-1143	2025-10-19T19:00:00Z	83.4	8.1	0	0	138	0
CKT-1143	2025-10-19T20:00:00Z	82.4	7.7	0	0	139	0
CKT-1143	2025-10-19T21:00:00Z	80	8	0	0	143	0
CKT-1143	2025-10-19T22:00:00Z	81	7.9	0	0	153	0
CKT-1143	2025-10-19T23:00:00Z	79.9	8.8	0	0	135	0
CKT-1143	2025-10-20T00:00:00Z	82.6	8	0	0	146	0
CKT-1143	2025-10-20T01:00:00Z	82.2	9.2	0	0	150	0
CKT-1143	2025-10-20T02:00:00Z	83.8	7.6	0	0	142	0
CKT-1143	2025-10-20T03:00:00Z	82.2	9.6	0	0	151	0
CKT-1143	2025-10-20T04:00:00Z	81.8	8.3	0	0	149	0
CKT-1143	2025-10-20T05:00:00Z	85.7	8.2	0	0	144	0
CKT-1143	2025-10-20T06:00:00Z	85.4	7.6	0.1	0	149	0
CKT-1143	2025-10-20T07:00:00Z	82.3	8.1	0	0	152	0
CKT-1143	2025-10-20T08:00:00Z	82.6	7.5	0	0	154	0
CKT-1143	2025-10-20T09:00:00Z	82	8.3	0	0	154	0
CKT-1143	2025-10-20T10:00:00Z	84.9	7.2	0	0	155	0
CKT-1143	2025-10-20T11:00:00Z	82.5	8.1	0.3	0	160	0
CKT-1143	2025-10-20T12:00:00Z	83.9	8.1	0	0.002	166	0
CKT-1143	2025-10-20T13:00:00Z	84	7.6	0	0	149	0
CKT-1143	2025-10-20T14:00:00Z	81.9	8.3	0.8	0.05	154	0
CKT-1143	2025-10-20T15:00:00Z	82.5	7.6	0	0.042	165	0
CKT-1143	2025-10-20T16:00:00Z	83.4	7.5	0	0.054	165	0
CKT-1143	2025-10-20T17:00:00Z	83.6	8.6	0.3	0.08	158	0
CKT-1143	2025-10-20T18:00:00Z	82.9	7.5	0.7	0.085	146	0
CKT-1143	2025-10-20T19:00:00Z	84.8	8.8	0.1	0.115	163	0
CKT-1143	2025-10-20T20:00:00Z	81	9.4	0.5	0.124	162	0
CKT-1143	2025-10-20T21:00:00Z	83.8	8.3	0.2	0.169	171	0
CKT-1143	2025-10-20T22:00:00Z	85.1	8.1	0.4	0.171	171	0
CKT-1143	2025-10-20T23:00:00Z	83.8	7.6	0	0.166	167	0
CKT-1143	2025-10-21T00:00:00Z	86.3	8.8	0.9	0.179	164	0
CKT-1143	2025-10-21T01:00:00Z	86.2	8.2	1.3	0.219	168	0
CKT-1143	2025-10-21T02:00:00Z	83.5	9.7	1.3	0.205	178	0
CKT-1143	2025-10-21T03:00:00Z	84.4	8.4	0.8	0.225	171	0
CKT-1143	2025-10-21T04:00:00Z	83.8	8.4	0.9	0.252	172	0
CKT-1143	2025-10-21T05:00:00Z	82.4	8.6	1.6	0.3	175	0
CKT-1143	2025-10-21T06:00:00Z	85.4	8.5	1.9	0.29	177	0
CKT-1143	2025-10-21T07:00:00Z	85.1	8.7	1.4	0.26	169	0
CKT-1143	2025-10-21T08:00:00Z	84.8	8.3	2.7	0.298	178	0
CKT-1143	2025-10-21T09:00:00Z	84.8	8.6	1.7	0.303	173	0
CKT-1143	2025-10-21T10:00:00Z	84.9	7.7	1.5	0.333	177	0
CKT-1143	2025-10-21T11:00:00Z	87.8	8.9	1.6	0.326	180	0
CKT-1144	2025-10-19T12:00:00Z	71.4	15.7	13.1	0.218	138	0
CKT-1144	2025-10-19T13:00:00Z	70.1	15.6	12.3	0.199	146	0
CKT-1144	2025-10-19T14:00:00Z	73.5	16.3	12.7	0.198	144	0
CKT-1144	2025-10-19T15:00:00Z	69.4	15.9	12.6	0.187	151	0
CKT-1144	2025-10-19T16:00:00Z	70.1	15.8	12.9	0.223	146	0
CKT-1144	2025-10-19T17:00:00Z	71	16.2	13.2	0.205	145	0
CKT-1144	2025-10-19T18:00:00Z	70.8	15.3	13.2	0.225	145	0
CKT-1144	2025-10-19T19:00:00Z	73.1	15.1	13.4	0.238	141	0
CKT-1144	2025-10-19T20:00:00Z	72.5	16.4	12.9	0.275	151	0
CKT-1144	2025-10-19T21:00:00Z	73.1	15.9	13	0.221	144	0
CKT-1144	2025-10-19T22:00:00Z	74.1	15.2	13.5	0.251	146	0
CKT-1144	2025-10-19T23:00:00Z	73	16.3	13.8	0.232	144	0
CKT-1144	2025-10-20T00:00:00Z	76.6	16.2	12.7	0.25	146	0
CKT-1144	2025-10-20T01:00:00Z	72.6	15.3	13.3	0.232	137	0
CKT-1144	2025-10-20T02:00:00Z	73.6	15.9	13.2	0.243	135	0
CKT-1144	2025-10-20T03:00:00Z	72.3	15.7	13.9	0.28	144	0
CKT-1144	2025-10-20T04:00:00Z	74.2	14.5	13.8	0.242	145	0
CKT-1144	2025-10-20T05:00:00Z	72.4	17.2	14.1	0.239	148	0
CKT-1144	2025-10-20T06:00:00Z	74.6	16.5	12.7	0.187	137	0
CKT-1144	2025-10-20T07:00:00Z	73.5	15.6	13.6	0.228	143	0
CKT-1144	2025-10-20T08:00:00Z	73.1	15.2	13.4	0.222	144	0
CKT-1144	2025-10-20T09:00:00Z	75.9	17	13.4	0.269	146	0
CKT-1144	2025-10-20T10:00:00Z	76.2	16.6	13.8	0.217	149	0
CKT-1144	2025-10-20T11:00:00Z	74.8	16.2	13.5	0.256	145	0
CKT-1144	2025-10-20T12:00:00Z	73.5	17.2	13.9	0.222	138	0
CKT-1144	2025-10-20T13:00:00Z	77.2	15.4	13.9	0.254	140	0
CKT-1144	2025-10-20T14:00:00Z	74.8	15.7	13.1	0.238	145	0
CKT-1144	2025-10-20T15:00:00Z	77.2	15.5	14	0.213	148	0
CKT-1144	2025-10-20T16:00:00Z	74.1	16.9	13.3	0.245	147	0
CKT-1144	2025-10-20T17:00:00Z	74.6	16.5	13.3	0.227	140	0
CKT-1144	2025-10-20T18:00:00Z	79.1	15.3	13.9	0.22	149	0
CKT-1144	2025-10-20T19:00:00Z	80.3	15.6	13.7	0.225	149	0
CKT-1144	2025-10-20T20:00:00Z	76.6	16.5	13.5	0.278	133	0
CKT-1144	2025-10-20T21:00:00Z	77.8	16	13.7	0.239	144	0
CKT-1144	2025-10-20T22:00:00Z	77.7	16.2	14.6	0.178	153	0
CKT-1144	2025-10-20T23:00:00Z	81.4	14.9	13.8	0.26	148	0
CKT-1144	2025-10-21T00:00:00Z	80.2	16.2	12.8	0.259	147	0
CKT-1144	2025-10-21T01:00:00Z	80.1	15.1	13.2	0.233	150	0
CKT-1144	2025-10-21T02:00:00Z	80.5	15.6	13.6	0.29	141	0
CKT-1144	2025-10-21T03:00:00Z	79.3	15.7	14.1	0.216	139	0
CKT-1144	2025-10-21T04:00:00Z	77.9	15.7	13.7	0.244	153	0
CKT-1144	2025-10-21T05:00:00Z	77.7	15.4	13.9	0.216	135	0
CKT-1144	2025-10-21T06:00:00Z	80.4	16	14	0.195	141	0
CKT-1144	2025-10-21T07:00:00Z	76.9	16	14	0.236	140	0
CKT-1144	2025-10-21T08:00:00Z	77.9	15.9	14.2	0.222	139	0
CKT-1144	2025-10-21T09:00:00Z	78	15.6	13.8	0.211	141	0
CKT-1144	2025-10-21T10:00:00Z	81.4	15.8	13.4	0.188	153	0
CKT-1144	2025-10-21T11:00:00Z	81.4	16.2	14.7	0.244	143	0
CKT-1145	2025-10-19T12:00:00Z	58.5	2.7	10	0.062	0	0
CKT-1145	2025-10-19T13:00:00Z	60.7	1.6	11	0.015	0	0
CKT-1145	2025-10-19T14:00:00Z	59.5	2.3	12.2	0.043	0	0
CKT-1145	2025-10-19T15:00:00Z	58.8	2.3	11.6	0.027	2	0
CKT-1145	2025-10-19T16:00:00Z	58.2	2.5	12	0	0	0
CKT-1145	2025-10-19T17:00:00Z	56.7	1.6	11.3	0.02	0	0
CKT-1145	2025-10-19T18:00:00Z	58.1	2.7	11.8	0.064	0	0
CKT-1145	2025-10-19T19:00:00Z	54.6	2.2	12.3	0	6	0
CKT-1145	2025-10-19T20:00:00Z	57.2	1.7	12.1	0.047	4	0
CKT-1145	2025-10-19T21:00:00Z	56.3	1.6	12.9	0.038	2	0
CKT-1145	2025-10-19T22:00:00Z	56.2	2.3	13.1	0.051	6	0
CKT-1145	2025-10-19T23:00:00Z	59.4	3.2	14.3	0.051	0	0
CKT-1145	2025-10-20T00:00:00Z	59.1	1.6	14.8	0.011	4	0
CKT-1145	2025-10-20T01:00:00Z	58.8	2.7	12.9	0.012	1	0
CKT-1145	2025-10-20T02:00:00Z	57.5	2.3	14.2	0.001	8	0
CKT-1145	2025-10-20T03:00:00Z	55.8	2.9	15.2	0.007	0	0
CKT-1145	2025-10-20T04:00:00Z	56.7	2.3	15.2	0.017	0	0
CKT-1145	2025-10-20T05:00:00Z	55.6	3.8	14.7	0.045	8	0
CKT-1145	2025-10-20T06:00:00Z	54.6	2.5	14.8	0	0	0
CKT-1145	2025-10-20T07:00:00Z	55	2.1	15.4	0.03	0	0
CKT-1145	2025-10-20T08:00:00Z	56.3	3.1	16.5	0.024	4	0
CKT-1145	2025-10-20T09:00:00Z	54.6	2.2	16.3	0.023	0	0
CKT-1145	2025-10-20T10:00:00Z	56.7	1.9	16.1	0.05	2	0
CKT-1145	2025-10-20T11:00:00Z	55.6	1.5	16.1	0.037	3	0
CKT-1145	2025-10-20T12:00:00Z	55.6	2.1	16.7	0.033	0	0
CKT-1145	2025-10-20T13:00:00Z	55.2	1.6	16.7	0.032	2	0
CKT-1145	2025-10-20T14:00:00Z	55.4	1.8	16.5	0.028	0	0
CKT-1145	2025-10-20T15:00:00Z	56.2	1.8	18.8	0.009	2	0
CKT-1145	2025-10-20T16:00:00Z	53.5	2.3	18.1	0.045	5	0
CKT-1145	2025-10-20T17:00:00Z	55.6	3	18	0.041	0	0
CKT-1145	2025-10-20T18:00:00Z	55.9	2.5	18.9	0.033	3	0
CKT-1145	2025-10-20T19:00:00Z	53	1.5	19.3	0.054	0	0
CKT-1145	2025-10-20T20:00:00Z	55.3	1.4	18.8	0.029	0	0
CKT-1145	2025-10-20T21:00:00Z	51.7	2.5	19.1	0.02	0	0
CKT-1145	2025-10-20T22:00:00Z	51.9	2.3	19.6	0.015	0	0
CKT-1145	2025-10-20T23:00:00Z	53.4	2.9	19.9	0	0	0
CKT-1145	2025-10-21T00:00:00Z	55	2	20.1	0.065	3	0
CKT-1145	2025-10-21T01:00:00Z	50.2	3.3	20.5	0.034	1	0
CKT-1145	2025-10-21T02:00:00Z	54.7	2.4	20	0.033	0	0
CKT-1145	2025-10-21T03:00:00Z	55.9	2.2	21	0.012	1	0
CKT-1145	2025-10-21T04:00:00Z	53.7	2	21.5	0.027	0	0
CKT-1145	2025-10-21T05:00:00Z	51.7	3.8	22.1	0.04	5	0
CKT-1145	2025-10-21T06:00:00Z	53.2	2.2	20.5	0.001	10	0
CKT-1145	2025-10-21T07:00:00Z	54.3	2.5	21.3	0.038	0	0
CKT-1145	2025-10-21T08:00:00Z	53.5	1.8	22.1	0.043	9	0
CKT-1145	2025-10-21T09:00:00Z	51.3	1.8	23.1	0	0	0
CKT-1145	2025-10-21T10:00:00Z	52.6	3.7	22.5	0.017	0	0
CKT-1145	2025-10-21T11:00:00Z	51.3	1.4	23.6	0.028	1	0
CKT-1146	2025-10-19T12:00:00Z	40.6	19.9	0	0.655	71	0
CKT-1146	2025-10-19T13:00:00Z	41.6	19.6	0	0.654	59	0
CKT-1146	2025-10-19T14:00:00Z	39.4	20.7	0	0.632	73	0
CKT-1146	2025-10-19T15:00:00Z	42.6	20.7	0	0.649	70	0
CKT-1146	2025-10-19T16:00:00Z	41.9	19.5	0	0.673	72	0
CKT-1146	2025-10-19T17:00:00Z	42.5	21.4	0	0.699	85	0
CKT-1146	2025-10-19T18:00:00Z	43.2	20	0	0.683	81	0
CKT-1146	2025-10-19T19:00:00Z	41.6	20.8	0	0.676	73	0
CKT-1146	2025-10-19T20:00:00Z	43.7	21.9	0	0.678	71	0
CKT-1146	2025-10-19T21:00:00Z	42.9	20.1	0	0.646	72	0
CKT-1146	2025-10-19T22:00:00Z	43	20	0	0.724	79	0
CKT-1146	2025-10-19T23:00:00Z	42.4	21	0	0.703	75	0
CKT-1146	2025-10-20T00:00:00Z	45.6	21.4	0	0.698	80	0
CKT-1146	2025-10-20T01:00:00Z	42.8	20.9	0	0.764	70	0
CKT-1146	2025-10-20T02:00:00Z	44.7	20.6	0	0.764	63	0
CKT-1146	2025-10-20T03:00:00Z	43.3	20.1	0	0.753	71	0
CKT-1146	2025-10-20T04:00:00Z	42.6	20.8	0	0.753	69	0
CKT-1146	2025-10-20T05:00:00Z	44.5	19.9	0	0.739	72	0
CKT-1146	2025-10-20T06:00:00Z	45.5	21.2	0	0.752	78	0
CKT-1146	2025-10-20T07:00:00Z	41.7	20.7	0	0.765	78	0
CKT-1146	2025-10-20T08:00:00Z	42.5	21.2	0.5	0.788	73	0
CKT-1146	2025-10-20T09:00:00Z	45.3	20	0.3	0.769	84	0
CKT-1146	2025-10-20T10:00:00Z	42.5	21	0	0.787	68	0
CKT-1146	2025-10-20T11:00:00Z	41.4	21.4	0	0.784	69	0
CKT-1146	2025-10-20T12:00:00Z	45.3	21.3	0.6	0.791	80	0
CKT-1146	2025-10-20T13:00:00Z	42.5	20.2	0	0.801	73	0
CKT-1146	2025-10-20T14:00:00Z	42.4	20.8	0	0.826	68	0
CKT-1146	2025-10-20T15:00:00Z	42.7	20.3	0.9	0.839	73	0
CKT-1146	2025-10-20T16:00:00Z	42.7	21.1	1.5	0.836	66	0
CKT-1146	2025-10-20T17:00:00Z	42.7	21	0.5	0.827	69	0
CKT-1146	2025-10-20T18:00:00Z	43.9	19.7	0.9	0.853	71	0
CKT-1146	2025-10-20T19:00:00Z	42.3	21.3	0.4	0.862	77	0
CKT-1146	2025-10-20T20:00:00Z	44.1	21.4	0.6	0.85	71	0
CKT-1146	2025-10-20T21:00:00Z	48.8	21	1.7	0.887	74	0
CKT-1146	2025-10-20T22:00:00Z	45.5	19.5	1.6	0.89	79	0
CKT-1146	2025-10-20T23:00:00Z	42.2	20	1.2	0.899	76	0
CKT-1146	2025-10-21T00:00:00Z	42.5	21.8	2	0.899	72	0
CKT-1146	2025-10-21T01:00:00Z	45.4	20.9	2.9	0.879	66	0
CKT-1146	2025-10-21T02:00:00Z	42.9	21	1.9	0.936	72	0
CKT-1146	2025-10-21T03:00:00Z	45.7	20.2	2.9	0.946	71	0
CKT-1146	2025-10-21T04:00:00Z	44.8	20.8	2.7	0.952	78	0
CKT-1146	2025-10-21T05:00:00Z	44.9	21	1.9	0.933	68	1
CKT-1146	2025-10-21T06:00:00Z	44.1	21.3	2.7	0.891	68	1
CKT-1146	2025-10-21T07:00:00Z	45	20.3	3.3	0.924	75	1
CKT-1146	2025-10-21T08:00:00Z	44.8	21.1	2.7	0.971	81	1
CKT-1146	2025-10-21T09:00:00Z	40.8	20.7	2.3	0.946	70	1
CKT-1146	2025-10-21T10:00:00Z	44.2	20.9	3.8	0.976	77	1
CKT-1146	2025-10-21T11:00:00Z	42.7	21.3	1.8	1.009	80	1
CKT-1147	2025-10-19T12:00:00Z	48.4	1.7	0	0.281	9	0
CKT-1147	2025-10-19T13:00:00Z	51.1	2.3	0	0.302	3	0
CKT-1147	2025-10-19T14:00:00Z	50.3	2.4	0	0.248	1	0
CKT-1147	2025-10-19T15:00:00Z	47.3	1.2	0	0.298	8	0
CKT-1147	2025-10-19T16:00:00Z	47.9	1.9	0	0.246	10	0
CKT-1147	2025-10-19T17:00:00Z	51.9	1	0	0.264	11	0
CKT-1147	2025-10-19T18:00:00Z	52.8	1.7	0	0.263	8	0
CKT-1147	2025-10-19T19:00:00Z	51.1	1.6	0	0.227	19	0
CKT-1147	2025-10-19T20:00:00Z	50.2	2	0	0.238	29	0
CKT-1147	2025-10-19T21:00:00Z	50.5	2	0.5	0.234	10	0
CKT-1147	2025-10-19T22:00:00Z	50.1	1.1	0	0.217	30	0
CKT-1147	2025-10-19T23:00:00Z	52.2	2.2	0	0.222	33	0
CKT-1147	2025-10-20T00:00:00Z	49.3	1.6	0.2	0.207	36	0
CKT-1147	2025-10-20T01:00:00Z	52.7	2	0.6	0.213	31	0
CKT-1147	2025-10-20T02:00:00Z	51.2	2.4	0	0.19	27	0
CKT-1147	2025-10-20T03:00:00Z	53	2.5	0.1	0.181	32	0
CKT-1147	2025-10-20T04:00:00Z	53.7	2.6	0.6	0.115	42	0
CKT-1147	2025-10-20T05:00:00Z	52.3	1.8	1.5	0.163	35	0
CKT-1147	2025-10-20T06:00:00Z	51.9	2.1	1.7	0.196	43	0
CKT-1147	2025-10-20T07:00:00Z	52.3	2.3	1	0.184	44	0
CKT-1147	2025-10-20T08:00:00Z	52.4	1.2	2	0.143	44	0
CKT-1147	2025-10-20T09:00:00Z	50.4	1.5	1.6	0.15	45	0
CKT-1147	2025-10-20T10:00:00Z	49.1	1.5	1.3	0.114	54	0
CKT-1147	2025-10-20T11:00:00Z	50.7	2	2	0.114	46	0
CKT-1147	2025-10-20T12:00:00Z	53.9	2	1.6	0.144	47	0
CKT-1147	2025-10-20T13:00:00Z	54.1	1.1	2.5	0.088	52	0
CKT-1147	2025-10-20T14:00:00Z	53.4	1.1	3.1	0.116	70	0
CKT-1147	2025-10-20T15:00:00Z	55.3	2.5	2.2	0.061	57	0
CKT-1147	2025-10-20T16:00:00Z	56.7	3.3	3	0.081	63	0
CKT-1147	2025-10-20T17:00:00Z	53.9	1.7	3.8	0.14	69	0
CKT-1147	2025-10-20T18:00:00Z	57.2	1	4.3	0.06	73	0
CKT-1147	2025-10-20T19:00:00Z	56.5	2.2	3.6	0.062	64	0
CKT-1147	2025-10-20T20:00:00Z	55.8	2	4.9	0.097	64	0
CKT-1147	2025-10-20T21:00:00Z	55.6	2.1	4.3	0.076	73	0
CKT-1147	2025-10-20T22:00:00Z	54.1	1.7	4.4	0.036	72	0
CKT-1147	2025-10-20T23:00:00Z	53.2	2.1	5.5	0.045	79	0
CKT-1147	2025-10-21T00:00:00Z	55.6	1.2	6	0	77	0
CKT-1147	2025-10-21T01:00:00Z	54.3	2.7	5.3	0.081	79	0
CKT-1147	2025-10-21T02:00:00Z	54.5	1	6	0.006	78	0
CKT-1147	2025-10-21T03:00:00Z	57.7	2.4	5.3	0.006	74	0
CKT-1147	2025-10-21T04:00:00Z	52.9	2.2	6.3	0.016	85	0
CKT-1147	2025-10-21T05:00:00Z	55.1	2.7	5.1	0	87	0
CKT-1147	2025-10-21T06:00:00Z	56.3	1.8	6	0.005	82	0
CKT-1147	2025-10-21T07:00:00Z	56.2	2	6.3	0	92	0
CKT-1147	2025-10-21T08:00:00Z	54	1	6.7	0	90	0
CKT-1147	2025-10-21T09:00:00Z	57.6	1.2	5.7	0.007	101	0
CKT-1147	2025-10-21T10:00:00Z	58.7	1.1	7	0	96	0
CKT-1147	2025-10-21T11:00:00Z	56.6	1.1	7.5	0	107	0
CKT-1148	2025-10-19T12:00:00Z	27.3	17.4	17.8	0.178	0	0
CKT-1148	2025-10-19T13:00:00Z	22.8	17	17.7	0.168	0	0
CKT-1148	2025-10-19T14:00:00Z	24.5	17.5	17.4	0.167	0	0
CKT-1148	2025-10-19T15:00:00Z	27.1	16.7	17.2	0.173	0	0
CKT-1148	2025-10-19T16:00:00Z	25.1	16.3	17.2	0.148	0	0
CKT-1148	2025-10-19T17:00:00Z	24.5	16.6	17	0.131	0	0
CKT-1148	2025-10-19T18:00:00Z	26.6	16.6	15.5	0.123	0	0
CKT-1148	2025-10-19T19:00:00Z	25.3	16.8	16.4	0.125	0	0
CKT-1148	2025-10-19T20:00:00Z	27	15.9	15.5	0.122	0	0
CKT-1148	2025-10-19T21:00:00Z	23.4	16.5	17.4	0.101	0	0
CKT-1148	2025-10-19T22:00:00Z	24.7	16.2	15.7	0.074	0	0
CKT-1148	2025-10-19T23:00:00Z	25.7	16.7	15.5	0.083	2	0
CKT-1148	2025-10-20T00:00:00Z	27.5	16.5	15.9	0.052	1	0
CKT-1148	2025-10-20T01:00:00Z	26	16.4	15.5	0.076	0	0
CKT-1148	2025-10-20T02:00:00Z	28.7	17.2	15.1	0.036	0	0
CKT-1148	2025-10-20T03:00:00Z	29.2	16.5	15.5	0.045	13	0
CKT-1148	2025-10-20T04:00:00Z	25.9	16.8	15	0.039	15	0
CKT-1148	2025-10-20T05:00:00Z	26.2	15.6	14.4	0.047	26	0
CKT-1148	2025-10-20T06:00:00Z	28.7	16.3	14.6	0.006	31	0
CKT-1148	2025-10-20T07:00:00Z	25.1	16.4	14.7	0.046	27	0
CKT-1148	2025-10-20T08:00:00Z	27.8	16.6	14.9	0.058	48	0
CKT-1148	2025-10-20T09:00:00Z	24.5	16.9	13.3	0.048	52	0
CKT-1148	2025-10-20T10:00:00Z	28.1	16.4	14.2	0.004	50	0
CKT-1148	2025-10-20T11:00:00Z	26.6	15.4	13.3	0.053	54	0
CKT-1148	2025-10-20T12:00:00Z	27	16.6	13.4	0.001	57	0
CKT-1148	2025-10-20T13:00:00Z	23.4	17.1	14.2	0	62	0
CKT-1148	2025-10-20T14:00:00Z	29.2	16.2	13.4	0.073	73	0
CKT-1148	2025-10-20T15:00:00Z	27.1	17.2	13.4	0	66	0
CKT-1148	2025-10-20T16:00:00Z	27.9	17.1	12.7	0.005	87	0
CKT-1148	2025-10-20T17:00:00Z	28.3	16.5	11.7	0	75	0
CKT-1148	2025-10-20T18:00:00Z	23.6	17	13.1	0	88	0
CKT-1148	2025-10-20T19:00:00Z	27.2	16.5	11.7	0	88	0
CKT-1148	2025-10-20T20:00:00Z	24.4	15.8	12.4	0	96	0
CKT-1148	2025-10-20T21:00:00Z	28.2	16.8	10.9	0	110	0
CKT-1148	2025-10-20T22:00:00Z	27.2	16.5	12.8	0	109	0
CKT-1148	2025-10-20T23:00:00Z	28	16.7	11.5	0	122	0
CKT-1148	2025-10-21T00:00:00Z	28.8	16.6	11.1	0	124	0
CKT-1148	2025-10-21T01:00:00Z	25.2	18.1	11.3	0	125	0
CKT-1148	2025-10-21T02:00:00Z	26.5	16.4	10.4	0	119	0
CKT-1148	2025-10-21T03:00:00Z	26.8	16.1	10.7	0	135	0
CKT-1148	2025-10-21T04:00:00Z	29.1	16.8	11.4	0	141	0
CKT-1148	2025-10-21T05:00:00Z	28.4	17.3	10.3	0	140	0
CKT-1148	2025-10-21T06:00:00Z	27.1	16.4	10.7	0	145	0
CKT-1148	2025-10-21T07:00:00Z	27	16.7	9.8	0	153	0
CKT-1148	2025-10-21T08:00:00Z	29	16.7	11	0	153	0
CKT-1148	2025-10-21T09:00:00Z	27.8	16.6	9.5	0	163	0
CKT-1148	2025-10-21T10:00:00Z	27.2	16.7	9.3	0	173	0
CKT-1148	2025-10-21T11:00:00Z	28.4	17	9.3	0	173	0
CKT-1149	2025-10-19T12:00:00Z	64.3	17.9	13.8	0.471	108	0
CKT-1149	2025-10-19T13:00:00Z	61.1	18.7	13.1	0.524	101	0
CKT-1149	2025-10-19T14:00:00Z	61.7	16.9	13	0.496	112	0
CKT-1149	2025-10-19T15:00:00Z	62.6	16.7	11.8	0.511	111	0
CKT-1149	2025-10-19T16:00:00Z	59.2	17.9	12	0.492	105	0
CKT-1149	2025-10-19T17:00:00Z	62.7	17.5	11.4	0.521	107	0
CKT-1149	2025-10-19T18:00:00Z	61.1	17.7	12.1	0.525	107	0
CKT-1149	2025-10-19T19:00:00Z	62.7	17.9	12.5	0.56	108	0
CKT-1149	2025-10-19T20:00:00Z	61.5	17.1	12.3	0.515	120	0
CKT-1149	2025-10-19T21:00:00Z	66.6	17.8	11	0.551	119	0
CKT-1149	2025-10-19T22:00:00Z	60.4	19.1	10.8	0.514	110	0
CKT-1149	2025-10-19T23:00:00Z	63.9	17.9	11.8	0.569	115	0
CKT-1149	2025-10-20T00:00:00Z	61.4	17.4	12	0.561	111	0
CKT-1149	2025-10-20T01:00:00Z	61.3	18.3	10.8	0.562	109	0
CKT-1149	2025-10-20T02:00:00Z	62.5	18.4	10.7	0.575	109	0
CKT-1149	2025-10-20T03:00:00Z	61.1	17.1	12	0.565	107	0
CKT-1149	2025-10-20T04:00:00Z	60.5	18.6	11.4	0.587	108	0
CKT-1149	2025-10-20T05:00:00Z	63.3	17.4	10.9	0.575	110	0
CKT-1149	2025-10-20T06:00:00Z	59.5	19.1	11.5	0.557	111	0
CKT-1149	2025-10-20T07:00:00Z	59.9	18	9.4	0.579	106	0
CKT-1149	2025-10-20T08:00:00Z	63.9	18.9	11.2	0.613	109	0
CKT-1149	2025-10-20T09:00:00Z	62.7	18.2	9.7	0.617	112	0
CKT-1149	2025-10-20T10:00:00Z	63.2	16.6	10.4	0.619	108	0
CKT-1149	2025-10-20T11:00:00Z	61.3	17.1	9.3	0.607	107	0
CKT-1149	2025-10-20T12:00:00Z	61.7	18.8	9.2	0.602	117	0
CKT-1149	2025-10-20T13:00:00Z	61.5	18	9.6	0.627	98	0
CKT-1149	2025-10-20T14:00:00Z	61.7	18	9.1	0.625	112	0
CKT-1149	2025-10-20T15:00:00Z	62.6	19	9.3	0.633	111	0
CKT-1149	2025-10-20T16:00:00Z	61.6	18.6	9.5	0.603	112	0
CKT-1149	2025-10-20T17:00:00Z	61.2	17.7	9.1	0.647	114	0
CKT-1149	2025-10-20T18:00:00Z	61.6	17.8	8	0.623	104	0
CKT-1149	2025-10-20T19:00:00Z	62.3	17.9	8.5	0.645	108	0
CKT-1149	2025-10-20T20:00:00Z	58	18.6	9.3	0.642	110	0
CKT-1149	2025-10-20T21:00:00Z	61.3	17	9.8	0.666	113	0
CKT-1149	2025-10-20T22:00:00Z	61.4	18.6	7.9	0.651	112	0
CKT-1149	2025-10-20T23:00:00Z	60.8	18.5	8.6	0.665	105	0
CKT-1149	2025-10-21T00:00:00Z	62.3	19.1	8.4	0.676	112	0
CKT-1149	2025-10-21T01:00:00Z	60	17.9	8.1	0.627	112	0
CKT-1149	2025-10-21T02:00:00Z	60.3	18.3	7.6	0.715	107	0
CKT-1149	2025-10-21T03:00:00Z	64.5	17.8	7.8	0.711	104	0
CKT-1149	2025-10-21T04:00:00Z	61.7	18.3	7.9	0.685	108	0
CKT-1149	2025-10-21T05:00:00Z	62.9	18	8.1	0.697	112	0
CKT-1149	2025-10-21T06:00:00Z	63.3	17.7	8	0.69	101	0
CKT-1149	2025-10-21T07:00:00Z	61.1	17.5	7.5	0.692	109	0
CKT-1149	2025-10-21T08:00:00Z	63	18.8	7.4	0.725	108	0
CKT-1149	2025-10-21T09:00:00Z	59.2	17.2	7	0.723	108	0
CKT-1149	2025-10-21T10:00:00Z	63.3	19	6.5	0.755	100	0
CKT-1149	2025-10-21T11:00:00Z	64.2	17.9	6.7	0.717	105	0
CKT-1150	2025-10-19T12:00:00Z	22.5	3.3	1.8	0.378	10	0
CKT-1150	2025-10-19T13:00:00Z	21.8	3.2	1	0.374	5	0
CKT-1150	2025-10-19T14:00:00Z	20.9	3.4	1.7	0.337	0	0
CKT-1150	2025-10-19T15:00:00Z	22.1	3.3	2.1	0.405	0	0
CKT-1150	2025-10-19T16:00:00Z	21.9	3.4	0.5	0.385	0	0
CKT-1150	2025-10-19T17:00:00Z	21.7	3.8	1.4	0.378	1	0
CKT-1150	2025-10-19T18:00:00Z	25.5	2	1.6	0.393	0	0
CKT-1150	2025-10-19T19:00:00Z	21.9	3.1	1.7	0.406	0	0
CKT-1150	2025-10-19T20:00:00Z	24.3	4	1.1	0.419	6	0
CKT-1150	2025-10-19T21:00:00Z	24.2	4.2	1.6	0.44	7	0
CKT-1150	2025-10-19T22:00:00Z	22.4	3.6	0.3	0.401	2	0
CKT-1150	2025-10-19T23:00:00Z	24.1	3.1	1	0.432	0	0
CKT-1150	2025-10-20T00:00:00Z	20	3.6	1.3	0.451	0	0
CKT-1150	2025-10-20T01:00:00Z	21.6	2.7	2	0.441	4	0
CKT-1150	2025-10-20T02:00:00Z	22.4	3.3	1	0.455	0	0
CKT-1150	2025-10-20T03:00:00Z	26.4	4.5	1.3	0.46	0	0
CKT-1150	2025-10-20T04:00:00Z	22.4	4.2	0.5	0.466	0	0
CKT-1150	2025-10-20T05:00:00Z	20.9	2.6	0.5	0.469	1	0
CKT-1150	2025-10-20T06:00:00Z	26.6	3	0.9	0.487	0	0
CKT-1150	2025-10-20T07:00:00Z	26	3.6	0	0.51	0	0
CKT-1150	2025-10-20T08:00:00Z	26	4.1	0.2	0.479	0	0
CKT-1150	2025-10-20T09:00:00Z	22.4	3.2	1.5	0.519	0	0
CKT-1150	2025-10-20T10:00:00Z	25.8	3.1	0.8	0.523	0	0
CKT-1150	2025-10-20T11:00:00Z	28.7	2.9	1.3	0.527	0	0
CKT-1150	2025-10-20T12:00:00Z	28.7	4	0.2	0.531	1	0
CKT-1150	2025-10-20T13:00:00Z	23.9	2.1	0.6	0.514	0	0
CKT-1150	2025-10-20T14:00:00Z	25.3	3.3	0.5	0.569	0	0
CKT-1150	2025-10-20T15:00:00Z	28.8	2.3	0.6	0.557	2	0
CKT-1150	2025-10-20T16:00:00Z	26.9	3	0.7	0.555	10	0
CKT-1150	2025-10-20T17:00:00Z	28.6	3.4	0.2	0.544	0	0
CKT-1150	2025-10-20T18:00:00Z	30.1	3.2	0.8	0.561	0	0
CKT-1150	2025-10-20T19:00:00Z	29.3	3.2	1	0.586	0	0
CKT-1150	2025-10-20T20:00:00Z	29.3	2.6	0.9	0.589	7	0
CKT-1150	2025-10-20T21:00:00Z	27.9	2.6	0.6	0.609	0	0
CKT-1150	2025-10-20T22:00:00Z	30.8	3.2	0.2	0.597	0	0
CKT-1150	2025-10-20T23:00:00Z	27.9	2.2	1.1	0.6	0	0
CKT-1150	2025-10-21T00:00:00Z	31.3	3.4	0	0.632	7	0
CKT-1150	2025-10-21T01:00:00Z	31.1	2.8	0	0.608	0	0
CKT-1150	2025-10-21T02:00:00Z	32.7	2.9	0.3	0.654	0	0
CKT-1150	2025-10-21T03:00:00Z	33.4	3.3	1.2	0.648	3	0
CKT-1150	2025-10-21T04:00:00Z	30.9	3.3	0.8	0.663	2	0
CKT-1150	2025-10-21T05:00:00Z	28.8	3.5	0.2	0.644	2	0
CKT-1150	2025-10-21T06:00:00Z	34.2	3.2	1.5	0.64	6	0
CKT-1150	2025-10-21T07:00:00Z	32.6	3.5	1.2	0.656	6	0
CKT-1150	2025-10-21T08:00:00Z	31.9	3	0	0.708	5	0
CKT-1150	2025-10-21T09:00:00Z	31.8	3.7	0.5	0.676	4	0
CKT-1150	2025-10-21T10:00:00Z	31.9	2	0.6	0.692	0	0
CKT-1150	2025-10-21T11:00:00Z	31.7	2.4	0.2	0.68	4	0
CKT-1151	2025-10-19T12:00:00Z	38.9	6.5	4.2	0	289	0
CKT-1151	2025-10-19T13:00:00Z	36.1	6.1	3.8	0	296	0
CKT-1151	2025-10-19T14:00:00Z	40.4	6.2	4	0.009	300	0
CKT-1151	2025-10-19T15:00:00Z	38.6	6.1	4.2	0	298	0
CKT-1151	2025-10-19T16:00:00Z	36.8	6.2	3.7	0.03	298	0
CKT-1151	2025-10-19T17:00:00Z	36.5	5.8	5.2	0	301	0
CKT-1151	2025-10-19T18:00:00Z	36.8	6.8	4.5	0.031	307	0
CKT-1151	2025-10-19T19:00:00Z	38.9	6	3.7	0.025	302	0
CKT-1151	2025-10-19T20:00:00Z	38.6	4.9	4.5	0.076	304	0
CKT-1151	2025-10-19T21:00:00Z	40.5	5.9	3.7	0.034	309	0
CKT-1151	2025-10-19T22:00:00Z	37.8	6.4	3.8	0.025	310	0
CKT-1151	2025-10-19T23:00:00Z	38	5.8	4	0.024	320	0
CKT-1151	2025-10-20T00:00:00Z	40.3	5.6	4	0.068	316	0
CKT-1151	2025-10-20T01:00:00Z	42.1	5.8	4.6	0.033	311	0
CKT-1151	2025-10-20T02:00:00Z	41.9	5.7	3.4	0.063	325	0
CKT-1151	2025-10-20T03:00:00Z	38.4	6	3	0.06	325	0
CKT-1151	2025-10-20T04:00:00Z	38.5	5.2	3.6	0.061	326	0
CKT-1151	2025-10-20T05:00:00Z	40.3	6.3	4	0.066	321	0
CKT-1151	2025-10-20T06:00:00Z	40.5	6.9	3.5	0.063	321	0
CKT-1151	2025-10-20T07:00:00Z	41.3	6	4.2	0.077	332	0
CKT-1151	2025-10-20T08:00:00Z	39.7	5.1	4.4	0.091	329	0
CKT-1151	2025-10-20T09:00:00Z	40.7	5.1	4.1	0.085	332	0
CKT-1151	2025-10-20T10:00:00Z	42.1	6.4	3.8	0.099	322	0
CKT-1151	2025-10-20T11:00:00Z	39.3	6.1	3.5	0.079	339	0
CKT-1151	2025-10-20T12:00:00Z	42.6	5.6	4.3	0.125	334	0
CKT-1151	2025-10-20T13:00:00Z	39.7	7.1	3.3	0.103	350	0
CKT-1151	2025-10-20T14:00:00Z	40.1	6.8	3.4	0.123	348	0
CKT-1151	2025-10-20T15:00:00Z	40.3	6	4.2	0.106	356	0
CKT-1151	2025-10-20T16:00:00Z	42.7	5.8	3.7	0.167	345	0
CKT-1151	2025-10-20T17:00:00Z	40.6	6.7	3.1	0.132	349	0
CKT-1151	2025-10-20T18:00:00Z	40.4	5	3.9	0.152	347	0
CKT-1151	2025-10-20T19:00:00Z	39.8	6.7	4.1	0.136	357	0
CKT-1151	2025-10-20T20:00:00Z	42	7.1	4.2	0.12	351	0
CKT-1151	2025-10-20T21:00:00Z	40.9	6.2	3.7	0.13	359	0
CKT-1151	2025-10-20T22:00:00Z	43.4	5.9	3.9	0.137	356	0
CKT-1151	2025-10-20T23:00:00Z	41.3	6.3	3.9	0.155	359	0
CKT-1151	2025-10-21T00:00:00Z	39.2	7	2.7	0.174	363	0
CKT-1151	2025-10-21T01:00:00Z	41.9	6	3.4	0.184	358	0
CKT-1151	2025-10-21T02:00:00Z	42.9	5.6	3.6	0.167	366	0
CKT-1151	2025-10-21T03:00:00Z	43.3	6	4.2	0.201	370	0
CKT-1151	2025-10-21T04:00:00Z	43.7	7.2	3	0.206	378	0
CKT-1151	2025-10-21T05:00:00Z	43.5	7.1	4.6	0.182	371	0
CKT-1151	2025-10-21T06:00:00Z	43.7	5.6	5.1	0.209	375	0
CKT-1151	2025-10-21T07:00:00Z	41	6.1	3.1	0.213	364	0
CKT-1151	2025-10-21T08:00:00Z	45.3	5.7	2.9	0.203	379	0
CKT-1151	2025-10-21T09:00:00Z	43.2	6.8	3.9	0.223	379	0
CKT-1151	2025-10-21T10:00:00Z	44.1	5.2	3.8	0.197	389	0
CKT-1151	2025-10-21T11:00:00Z	43.7	6.4	3.8	0.253	377	0
CKT-1152	2025-10-19T12:00:00Z	57.3	3.4	5	0.189	8	0
CKT-1152	2025-10-19T13:00:00Z	54.6	3.2	5.3	0.187	0	0
CKT-1152	2025-10-19T14:00:00Z	59.9	4.1	4.7	0.162	0	0
CKT-1152	2025-10-19T15:00:00Z	57.5	4	4.8	0.139	3	0
CKT-1152	2025-10-19T16:00:00Z	55.8	3.3	5.5	0.181	5	0
CKT-1152	2025-10-19T17:00:00Z	56.5	3.5	4.2	0.168	2	0
CKT-1152	2025-10-19T18:00:00Z	55.3	3.7	3.4	0.138	6	0
CKT-1152	2025-10-19T19:00:00Z	58.4	3.5	4.1	0.139	4	0
CKT-1152	2025-10-19T20:00:00Z	59	3.8	4.9	0.133	0	0
CKT-1152	2025-10-19T21:00:00Z	54.6	3.1	4.7	0.114	5	0
CKT-1152	2025-10-19T22:00:00Z	55.5	2.9	5	0.131	1	0
CKT-1152	2025-10-19T23:00:00Z	55.5	3.8	4.7	0.12	2	0
CKT-1152	2025-10-20T00:00:00Z	55.1	3.2	4.9	0.081	3	0
CKT-1152	2025-10-20T01:00:00Z	59.3	3.1	4.1	0.064	6	0
CKT-1152	2025-10-20T02:00:00Z	55.7	2.3	3.6	0.087	0	0
CKT-1152	2025-10-20T03:00:00Z	54.8	3.6	4	0.056	1	0
CKT-1152	2025-10-20T04:00:00Z	59.5	4	4	0.082	3	0
CKT-1152	2025-10-20T05:00:00Z	54.3	2.1	3.5	0.026	4	0
CKT-1152	2025-10-20T06:00:00Z	56.1	3.5	4.1	0.063	0	0
CKT-1152	2025-10-20T07:00:00Z	57.8	2.7	4.2	0.066	6	0
CKT-1152	2025-10-20T08:00:00Z	56.8	3.6	3.1	0	5	0
CKT-1152	2025-10-20T09:00:00Z	59	2.5	3.8	0.034	0	0
CKT-1152	2025-10-20T10:00:00Z	56.6	3.6	3.8	0.019	0	0
CKT-1152	2025-10-20T11:00:00Z	57.1	3	3.5	0	2	0
CKT-1152	2025-10-20T12:00:00Z	55.9	3.3	3.5	0	0	0
CKT-1152	2025-10-20T13:00:00Z	58.6	3.7	3.2	0.005	0	0
CKT-1152	2025-10-20T14:00:00Z	56.8	2.9	3.4	0	0	0
CKT-1152	2025-10-20T15:00:00Z	56.7	3.7	3.5	0	4	0
CKT-1152	2025-10-20T16:00:00Z	58.8	3.9	2.8	0	7	0
CKT-1152	2025-10-20T17:00:00Z	56.9	1.9	3	0	1	0
CKT-1152	2025-10-20T18:00:00Z	58.5	2.7	3.8	0	0	0
CKT-1152	2025-10-20T19:00:00Z	56.9	3.5	3.3	0	0	0
CKT-1152	2025-10-20T20:00:00Z	58.3	3	4.5	0	16	0
CKT-1152	2025-10-20T21:00:00Z	56	4	3.6	0	5	0
CKT-1152	2025-10-20T22:00:00Z	56.7	3.4	3.2	0	0	0
CKT-1152	2025-10-20T23:00:00Z	58	2.7	2.7	0	5	0
CKT-1152	2025-10-21T00:00:00Z	55.6	2.6	2	0	6	0
CKT-1152	2025-10-21T01:00:00Z	56	3.6	4	0	0	0
CKT-1152	2025-10-21T02:00:00Z	55.3	3.8	2.9	0	4	0
CKT-1152	2025-10-21T03:00:00Z	56.8	3	3.1	0	0	0
CKT-1152	2025-10-21T04:00:00Z	57.5	3.3	3.2	0	0	0
CKT-1152	2025-10-21T05:00:00Z	59.8	3.3	2.7	0	12	0
CKT-1152	2025-10-21T06:00:00Z	61.3	4.4	2.9	0	10	0
CKT-1152	2025-10-21T07:00:00Z	57.4	3.6	2.9	0	10	0
CKT-1152	2025-10-21T08:00:00Z	57.6	4.2	2.7	0	1	0
CKT-1152	2025-10-21T09:00:00Z	58.1	2.8	2.4	0	0	0
CKT-1152	2025-10-21T10:00:00Z	58.2	3.9	3.1	0	0	0
CKT-1152	2025-10-21T11:00:00Z	56.6	3.1	3	0	0	0
CKT-1153	2025-10-19T12:00:00Z	47.4	11.6	13.7	0.363	0	0
CKT-1153	2025-10-19T13:00:00Z	49.2	13.2	13.3	0.353	0	0
CKT-1153	2025-10-19T14:00:00Z	47.6	12.8	13.9	0.423	0	0
CKT-1153	2025-10-19T15:00:00Z	47.4	13.6	13.1	0.327	0	0
CKT-1153	2025-10-19T16:00:00Z	44.9	12.6	13.4	0.344	0	0
CKT-1153	2025-10-19T17:00:00Z	46.6	12.8	13.1	0.392	0	0
CKT-1153	2025-10-19T18:00:00Z	51.4	12.6	14.7	0.369	0	0
CKT-1153	2025-10-19T19:00:00Z	52.9	11.8	13.4	0.332	0	0
CKT-1153	2025-10-19T20:00:00Z	46.5	13.2	13.1	0.356	1	0
CKT-1153	2025-10-19T21:00:00Z	50.5	13.1	14.4	0.39	0	0
CKT-1153	2025-10-19T22:00:00Z	50.8	12.7	13.8	0.324	0	0
CKT-1153	2025-10-19T23:00:00Z	49.7	13.7	13.3	0.303	0	0
CKT-1153	2025-10-20T00:00:00Z	48.8	12.8	14.3	0.345	0	0
CKT-1153	2025-10-20T01:00:00Z	50.7	13.4	13.4	0.358	0	0
CKT-1153	2025-10-20T02:00:00Z	52.1	11.9	14.4	0.337	3	0
CKT-1153	2025-10-20T03:00:00Z	52.9	12.4	14.1	0.342	2	0
CKT-1153	2025-10-20T04:00:00Z	52.8	13	13.9	0.357	7	0
CKT-1153	2025-10-20T05:00:00Z	50.7	12.3	14.2	0.337	0	0
CKT-1153	2025-10-20T06:00:00Z	51	12.5	13.6	0.304	7	0
CKT-1153	2025-10-20T07:00:00Z	51.8	12.6	13.7	0.317	0	0
CKT-1153	2025-10-20T08:00:00Z	55	13.9	14.2	0.295	13	0
CKT-1153	2025-10-20T09:00:00Z	53.9	14	15.6	0.273	15	0
CKT-1153	2025-10-20T10:00:00Z	53	13.2	15	0.325	16	0
CKT-1153	2025-10-20T11:00:00Z	52.7	12.3	15.2	0.289	21	0
CKT-1153	2025-10-20T12:00:00Z	52.7	12.6	14.6	0.272	5	0
CKT-1153	2025-10-20T13:00:00Z	55.5	11.8	16	0.297	8	0
CKT-1153	2025-10-20T14:00:00Z	55	11.4	14.7	0.292	8	0
CKT-1153	2025-10-20T15:00:00Z	53.7	13.8	15	0.3	12	0
CKT-1153	2025-10-20T16:00:00Z	52.9	12.7	13.7	0.267	10	0
CKT-1153	2025-10-20T17:00:00Z	52.1	13.2	14.9	0.272	21	0
CKT-1153	2025-10-20T18:00:00Z	53	12	15.6	0.327	22	0
CKT-1153	2025-10-20T19:00:00Z	56.4	12.5	14.8	0.282	26	0
CKT-1153	2025-10-20T20:00:00Z	56.6	13.4	14.7	0.286	17	0
CKT-1153	2025-10-20T21:00:00Z	56.5	13.2	15	0.25	23	0
CKT-1153	2025-10-20T22:00:00Z	56.3	12.9	15.6	0.293	26	0
CKT-1153	2025-10-20T23:00:00Z	57.6	12.5	15.2	0.272	22	0
CKT-1153	2025-10-21T00:00:00Z	57.7	12.4	16.4	0.263	25	0
CKT-1153	2025-10-21T01:00:00Z	56.6	14	14.9	0.242	30	0
CKT-1153	2025-10-21T02:00:00Z	58	12.5	15.3	0.246	27	0
CKT-1153	2025-10-21T03:00:00Z	60.2	13.2	16.1	0.24	30	0
CKT-1153	2025-10-21T04:00:00Z	55.8	13	15.7	0.281	36	0
CKT-1153	2025-10-21T05:00:00Z	58	12.4	15.3	0.235	36	0
CKT-1153	2025-10-21T06:00:00Z	59.3	13.2	16.2	0.218	27	0
CKT-1153	2025-10-21T07:00:00Z	59.7	12.4	15.1	0.212	37	0
CKT-1153	2025-10-21T08:00:00Z	58.6	13	15.4	0.238	31	0
CKT-1153	2025-10-21T09:00:00Z	60.1	12.6	16.2	0.216	33	0
CKT-1153	2025-10-21T10:00:00Z	59.3	12.9	16.2	0.213	34	0
CKT-1153	2025-10-21T11:00:00Z	60.3	13.2	16.1	0.202	36	0
CKT-1154	2025-10-19T12:00:00Z	60	2.8	8	0.222	0	0
CKT-1154	2025-10-19T13:00:00Z	62.8	2.3	9	0.184	0	0
CKT-1154	2025-10-19T14:00:00Z	62.5	2.9	9.1	0.196	0	0
CKT-1154	2025-10-19T15:00:00Z	63.3	3.6	8.7	0.215	0	0
CKT-1154	2025-10-19T16:00:00Z	62	2.9	8.5	0.178	0	0
CKT-1154	2025-10-19T17:00:00Z	60.9	3	9.1	0.196	1	0
CKT-1154	2025-10-19T18:00:00Z	64.4	2.9	7.9	0.168	0	0
CKT-1154	2025-10-19T19:00:00Z	61.9	3.3	8.8	0.135	0	0
CKT-1154	2025-10-19T20:00:00Z	58.5	2.9	8.2	0.201	7	0
CKT-1154	2025-10-19T21:00:00Z	64.4	2.4	7.6	0.139	7	0
CKT-1154	2025-10-19T22:00:00Z	61.8	2.7	7.6	0.131	1	0
CKT-1154	2025-10-19T23:00:00Z	63.5	1.6	7.4	0.157	0	0
CKT-1154	2025-10-20T00:00:00Z	62.8	3.3	7.2	0.135	2	0
CKT-1154	2025-10-20T01:00:00Z	62.6	3.1	7.3	0.126	0	0
CKT-1154	2025-10-20T02:00:00Z	60.6	2.6	8	0.135	5	0
CKT-1154	2025-10-20T03:00:00Z	63.3	1.7	7.9	0.112	0	0
CKT-1154	2025-10-20T04:00:00Z	60.6	2.8	8	0.14	0	0
CKT-1154	2025-10-20T05:00:00Z	64.1	2.6	7.4	0.136	0	0
CKT-1154	2025-10-20T06:00:00Z	63.4	2	7.8	0.113	0	0
CKT-1154	2025-10-20T07:00:00Z	65.7	2.9	7	0.132	0	0
CKT-1154	2025-10-20T08:00:00Z	62.2	3.5	6.9	0.169	0	0
CKT-1154	2025-10-20T09:00:00Z	61.7	4	7.2	0.11	1	0
CKT-1154	2025-10-20T10:00:00Z	62.8	1.6	8.1	0.069	7	0
CKT-1154	2025-10-20T11:00:00Z	65.8	3	6.8	0.141	0	0
CKT-1154	2025-10-20T12:00:00Z	64.2	3.3	6.6	0.07	0	0
CKT-1154	2025-10-20T13:00:00Z	66.3	4	7.9	0.05	4	0
CKT-1154	2025-10-20T14:00:00Z	64	2.3	6.6	0.069	0	0
CKT-1154	2025-10-20T15:00:00Z	62.1	3.8	7.2	0.077	0	0
CKT-1154	2025-10-20T16:00:00Z	67.6	2.9	6.4	0.039	2	0
CKT-1154	2025-10-20T17:00:00Z	65.4	3.1	6.7	0.08	0	0
CKT-1154	2025-10-20T18:00:00Z	65.6	3.2	7	0.094	0	0
CKT-1154	2025-10-20T19:00:00Z	67.9	2	7	0.047	3	0
CKT-1154	2025-10-20T20:00:00Z	68.6	3	6.4	0.053	0	0
CKT-1154	2025-10-20T21:00:00Z	68.3	2.9	5.2	0.068	4	0
CKT-1154	2025-10-20T22:00:00Z	66.8	2.5	5.7	0.03	0	0
CKT-1154	2025-10-20T23:00:00Z	64.1	3.2	6.2	0.067	3	0
CKT-1154	2025-10-21T00:00:00Z	66	1.9	5.7	0.064	1	0
CKT-1154	2025-10-21T01:00:00Z	68.1	2.6	6.3	0.001	4	0
CKT-1154	2025-10-21T02:00:00Z	65.6	1.8	7.1	0.03	0	0
CKT-1154	2025-10-21T03:00:00Z	64.7	3.3	6.3	0.019	4	0
CKT-1154	2025-10-21T04:00:00Z	69.4	3.3	4.7	0	8	0
CKT-1154	2025-10-21T05:00:00Z	67.9	3	5.3	0.001	5	0
CKT-1154	2025-10-21T06:00:00Z	70.2	3.4	5.9	0.021	0	0
CKT-1154	2025-10-21T07:00:00Z	66.3	2.1	6.2	0.004	2	0
CKT-1154	2025-10-21T08:00:00Z	68.6	3.1	5.6	0.014	0	0
CKT-1154	2025-10-21T09:00:00Z	70.2	2.5	5.5	0	0	0
CKT-1154	2025-10-21T10:00:00Z	67.6	2.9	5.7	0	9	0
CKT-1154	2025-10-21T11:00:00Z	69.9	2.8	5.2	0	3	0
CKT-1155	2025-10-19T12:00:00Z	66.6	10.2	2.3	0.21	147	0
CKT-1155	2025-10-19T13:00:00Z	70.8	10	1.2	0.199	157	0
CKT-1155	2025-10-19T14:00:00Z	71	9.5	2.4	0.206	158	0
CKT-1155	2025-10-19T15:00:00Z	71.4	8.9	2.3	0.188	160	0
CKT-1155	2025-10-19T16:00:00Z	70.5	10.8	1.3	0.183	159	0
CKT-1155	2025-10-19T17:00:00Z	70.9	10.8	1.8	0.198	163	0
CKT-1155	2025-10-19T18:00:00Z	69.2	9.3	2.4	0.169	162	0
CKT-1155	2025-10-19T19:00:00Z	68.4	10.2	2.2	0.184	171	0
CKT-1155	2025-10-19T20:00:00Z	67.9	9.9	3	0.161	158	0
CKT-1155	2025-10-19T21:00:00Z	70.3	9.5	2.7	0.131	170	0
CKT-1155	2025-10-19T22:00:00Z	68.3	10.4	2.6	0.138	171	0
CKT-1155	2025-10-19T23:00:00Z	67.1	10.9	2.8	0.132	169	0
CKT-1155	2025-10-20T00:00:00Z	68.6	10.4	2.4	0.132	172	0
CKT-1155	2025-10-20T01:00:00Z	70.8	10.4	3.7	0.136	182	0
CKT-1155	2025-10-20T02:00:00Z	70.3	10.3	3.4	0.119	186	0
CKT-1155	2025-10-20T03:00:00Z	67.8	10.2	3.4	0.1	178	0
CKT-1155	2025-10-20T04:00:00Z	68.4	9.8	3.1	0.153	176	0
CKT-1155	2025-10-20T05:00:00Z	66	9.5	3.6	0.136	186	0
CKT-1155	2025-10-20T06:00:00Z	69.2	10	3.1	0.096	178	0
CKT-1155	2025-10-20T07:00:00Z	67.3	10.3	3.5	0.111	181	0
CKT-1155	2025-10-20T08:00:00Z	71.4	9.3	3.5	0.127	189	0
CKT-1155	2025-10-20T09:00:00Z	66.2	10.3	2.9	0.138	192	0
CKT-1155	2025-10-20T10:00:00Z	66.9	9	3.1	0.098	202	0
CKT-1155	2025-10-20T11:00:00Z	67.5	10	3.9	0.142	192	0
CKT-1155	2025-10-20T12:00:00Z	69.3	9.6	3.4	0.089	196	0
CKT-1155	2025-10-20T13:00:00Z	67.7	8.4	4	0.075	195	0
CKT-1155	2025-10-20T14:00:00Z	64.8	9.6	3.7	0.074	192	0
CKT-1155	2025-10-20T15:00:00Z	66.7	9.4	3.2	0.068	199	0
CKT-1155	2025-10-20T16:00:00Z	66.5	9.5	3.4	0.057	196	0
CKT-1155	2025-10-20T17:00:00Z	68	10.6	4.9	0.059	213	0
CKT-1155	2025-10-20T18:00:00Z	66.8	9.3	4	0.063	209	0
CKT-1155	2025-10-20T19:00:00Z	66.6	9.8	4.2	0.089	210	0
CKT-1155	2025-10-20T20:00:00Z	65.7	9.7	4.4	0.031	207	0
CKT-1155	2025-10-20T21:00:00Z	69.5	8.8	4.7	0.061	220	0
CKT-1155	2025-10-20T22:00:00Z	66.2	11	4.7	0.077	222	0
CKT-1155	2025-10-20T23:00:00Z	67.8	9.9	4.9	0.039	219	0
CKT-1155	2025-10-21T00:00:00Z	65.7	8.6	4.7	0.06	214	0
CKT-1155	2025-10-21T01:00:00Z	63.8	10.5	5.5	0.026	223	0
CKT-1155	2025-10-21T02:00:00Z	65	10.5	4.7	0.027	231	0
CKT-1155	2025-10-21T03:00:00Z	63.5	9.5	5.1	0.061	221	0
CKT-1155	2025-10-21T04:00:00Z	63.8	10.2	5.5	0.03	228	0
CKT-1155	2025-10-21T05:00:00Z	64.9	8.9	5.2	0.052	224	0
CKT-1155	2025-10-21T06:00:00Z	63.4	9.6	5.1	0.055	228	0
CKT-1155	2025-10-21T07:00:00Z	62.7	10.3	5	0.03	234	0
CKT-1155	2025-10-21T08:00:00Z	65	8.9	5.6	0.014	235	0
CKT-1155	2025-10-21T09:00:00Z	62.3	10	5.9	0	236	0
CKT-1155	2025-10-21T10:00:00Z	65.2	10.9	6	0.006	239	0
CKT-1155	2025-10-21T11:00:00Z	63.9	9	5.6	0.02	243	0
CKT-1156	2025-10-19T12:00:00Z	80.9	8.9	9	0.334	89	0
CKT-1156	2025-10-19T13:00:00Z	80.8	8.6	9.5	0.339	88	0
CKT-1156	2025-10-19T14:00:00Z	83.5	8.4	8.1	0.361	82	0
CKT-1156	2025-10-19T15:00:00Z	82	9.3	8.3	0.389	93	0
CKT-1156	2025-10-19T16:00:00Z	82.7	9.1	8.1	0.32	88	0
CKT-1156	2025-10-19T17:00:00Z	83.3	8.9	8.8	0.363	88	0
CKT-1156	2025-10-19T18:00:00Z	84.5	9.2	9	0.403	79	0
CKT-1156	2025-10-19T19:00:00Z	83.4	8.4	7.8	0.372	94	0
CKT-1156	2025-10-19T20:00:00Z	81.6	7.7	7.6	0.389	82	0
CKT-1156	2025-10-19T21:00:00Z	79.5	8	8.4	0.397	83	0
CKT-1156	2025-10-19T22:00:00Z	83.6	9.3	7.9	0.381	82	0
CKT-1156	2025-10-19T23:00:00Z	83.6	8.4	7.6	0.386	91	0
CKT-1156	2025-10-20T00:00:00Z	83.6	9.4	8.7	0.388	83	0
CKT-1156	2025-10-20T01:00:00Z	81.7	7.8	8.8	0.382	77	0
CKT-1156	2025-10-20T02:00:00Z	84.9	8.9	8.6	0.386	82	0
CKT-1156	2025-10-20T03:00:00Z	83.9	9.1	8	0.419	90	0
CKT-1156	2025-10-20T04:00:00Z	84.2	8.1	7.5	0.418	75	0
CKT-1156	2025-10-20T05:00:00Z	83.3	8.9	7.8	0.396	88	0
CKT-1156	2025-10-20T06:00:00Z	82.6	9.3	8.3	0.395	81	0
CKT-1156	2025-10-20T07:00:00Z	83.5	10.1	7.6	0.431	77	0
CKT-1156	2025-10-20T08:00:00Z	82.4	8.5	8.4	0.403	92	0
CKT-1156	2025-10-20T09:00:00Z	83.3	8.8	7.8	0.444	80	0
CKT-1156	2025-10-20T10:00:00Z	83.2	8.2	8.2	0.383	95	0
CKT-1156	2025-10-20T11:00:00Z	84.2	9	8.1	0.407	86	0
CKT-1156	2025-10-20T12:00:00Z	84.3	9.1	7.5	0.389	90	0
CKT-1156	2025-10-20T13:00:00Z	84.3	7.6	7.6	0.442	85	0
CKT-1156	2025-10-20T14:00:00Z	83.6	7.9	7.5	0.39	88	0
CKT-1156	2025-10-20T15:00:00Z	84.5	8.6	7.4	0.445	82	0
CKT-1156	2025-10-20T16:00:00Z	83.5	8.7	7.7	0.426	90	0
CKT-1156	2025-10-20T17:00:00Z	86	10.3	6.9	0.423	83	0
CKT-1156	2025-10-20T18:00:00Z	87.8	8.9	6.7	0.429	87	0
CKT-1156	2025-10-20T19:00:00Z	86	8.4	7.8	0.417	82	0
CKT-1156	2025-10-20T20:00:00Z	85.5	8.9	8.2	0.424	89	0
CKT-1156	2025-10-20T21:00:00Z	83.3	9.6	7.2	0.444	87	0
CKT-1156	2025-10-20T22:00:00Z	85.4	9.3	6.5	0.416	89	0
CKT-1156	2025-10-20T23:00:00Z	88.2	8.8	6.3	0.423	85	0
CKT-1156	2025-10-21T00:00:00Z	87.1	8.8	6.9	0.451	88	0
CKT-1156	2025-10-21T01:00:00Z	84.5	9.2	7.2	0.427	83	0
CKT-1156	2025-10-21T02:00:00Z	85.2	9.3	6.6	0.457	86	0
CKT-1156	2025-10-21T03:00:00Z	85.2	8.8	7	0.404	81	0
CKT-1156	2025-10-21T04:00:00Z	83	8	6.6	0.463	79	0
CKT-1156	2025-10-21T05:00:00Z	85.9	9.5	7.8	0.435	84	0
CKT-1156	2025-10-21T06:00:00Z	86.3	10.1	7.6	0.456	97	0
CKT-1156	2025-10-21T07:00:00Z	86.6	9.5	7.6	0.453	81	0
CKT-1156	2025-10-21T08:00:00Z	84.6	8.5	7.8	0.463	92	0
CKT-1156	2025-10-21T09:00:00Z	86.4	9.1	7.6	0.446	84	0
CKT-1156	2025-10-21T10:00:00Z	84.3	8.7	7.2	0.472	92	0
CKT-1156	2025-10-21T11:00:00Z	86.8	10	7.3	0.472	85	0
CKT-1157	2025-10-19T12:00:00Z	71.3	14.5	15.5	0	98	0
CKT-1157	2025-10-19T13:00:00Z	70.7	14.4	15.3	0	100	0
CKT-1157	2025-10-19T14:00:00Z	70.2	14.7	14.9	0	100	0
CKT-1157	2025-10-19T15:00:00Z	72.5	14.8	15.5	0	109	0
CKT-1157	2025-10-19T16:00:00Z	68.7	14.5	15.2	0	101	0
CKT-1157	2025-10-19T17:00:00Z	72.5	15.1	14.8	0	112	0
CKT-1157	2025-10-19T18:00:00Z	74.2	12.1	16.6	0	91	0
CKT-1157	2025-10-19T19:00:00Z	70.3	14.9	15.8	0	103	0
CKT-1157	2025-10-19T20:00:00Z	72.3	13.8	15.7	0	99	0
CKT-1157	2025-10-19T21:00:00Z	69.5	13.8	15.4	0	94	0
CKT-1157	2025-10-19T22:00:00Z	71.9	14.7	15.5	0	102	0
CKT-1157	2025-10-19T23:00:00Z	70.2	14.8	15.5	0	99	0
CKT-1157	2025-10-20T00:00:00Z	73.1	14	17.1	0	108	0
CKT-1157	2025-10-20T01:00:00Z	71.2	13.6	16.1	0	93	0
CKT-1157	2025-10-20T02:00:00Z	73.2	14.2	15.9	0	103	0
CKT-1157	2025-10-20T03:00:00Z	73.8	14.4	16.2	0	102	0
CKT-1157	2025-10-20T04:00:00Z	72	14.9	15.8	0	100	0
CKT-1157	2025-10-20T05:00:00Z	71.4	14.9	15.8	0	100	0
CKT-1157	2025-10-20T06:00:00Z	74.3	14.7	16.7	0	96	0
CKT-1157	2025-10-20T07:00:00Z	74.9	13.7	17.3	0	104	0
CKT-1157	2025-10-20T08:00:00Z	73.7	14.8	16.8	0	103	0
CKT-1157	2025-10-20T09:00:00Z	71.7	14.4	17.3	0	103	0
CKT-1157	2025-10-20T10:00:00Z	70.9	14.4	16.1	0	106	0
CKT-1157	2025-10-20T11:00:00Z	73.3	14.2	17.1	0	106	0
CKT-1157	2025-10-20T12:00:00Z	71.7	13.6	17.3	0.039	98	0
CKT-1157	2025-10-20T13:00:00Z	71.8	14	18.4	0	102	0
CKT-1157	2025-10-20T14:00:00Z	71.5	13.4	16.6	0.03	106	0
CKT-1157	2025-10-20T15:00:00Z	71.2	15	16.2	0.003	98	0
CKT-1157	2025-10-20T16:00:00Z	72.1	13.9	17.3	0.047	110	0
CKT-1157	2025-10-20T17:00:00Z	73.3	14.2	17.5	0.069	112	0
CKT-1157	2025-10-20T18:00:00Z	73.1	13.9	17.7	0.068	100	0
CKT-1157	2025-10-20T19:00:00Z	73.5	14.3	18.3	0.046	94	0
CKT-1157	2025-10-20T20:00:00Z	71.6	14.2	16.9	0.063	109	0
CKT-1157	2025-10-20T21:00:00Z	73	14.3	17.3	0.109	100	0
CKT-1157	2025-10-20T22:00:00Z	72.4	14.4	18	0.124	105	0
CKT-1157	2025-10-20T23:00:00Z	72.8	14.1	18.3	0.099	103	0
CKT-1157	2025-10-21T00:00:00Z	71.8	13.9	17.7	0.107	101	0
CKT-1157	2025-10-21T01:00:00Z	75.1	14.8	18.1	0.113	106	0
CKT-1157	2025-10-21T02:00:00Z	75.3	14.7	17.4	0.148	108	0
CKT-1157	2025-10-21T03:00:00Z	75.7	14	18.5	0.15	99	0
CKT-1157	2025-10-21T04:00:00Z	71.1	14.4	17.7	0.124	107	0
CKT-1157	2025-10-21T05:00:00Z	73.2	14.9	18.8	0.16	109	0
CKT-1157	2025-10-21T06:00:00Z	71.9	14	18.6	0.178	102	0
CKT-1157	2025-10-21T07:00:00Z	70.3	14	18.7	0.18	100	0
CKT-1157	2025-10-21T08:00:00Z	73.3	13.2	19	0.223	99	0
CKT-1157	2025-10-21T09:00:00Z	72.7	14	18.8	0.176	112	0
CKT-1157	2025-10-21T10:00:00Z	73.2	13.8	18.6	0.207	92	0
CKT-1157	2025-10-21T11:00:00Z	74.2	13.9	19.3	0.224	107	0
CKT-1158	2025-10-19T12:00:00Z	94	9	4.6	0.271	195	0
CKT-1158	2025-10-19T13:00:00Z	92	10.2	3.2	0.327	191	0
CKT-1158	2025-10-19T14:00:00Z	90.6	9.7	3.9	0.283	195	0
CKT-1158	2025-10-19T15:00:00Z	95.2	9.2	4.5	0.305	195	0
CKT-1158	2025-10-19T16:00:00Z	93.7	9.4	3.8	0.284	190	0
CKT-1158	2025-10-19T17:00:00Z	94.4	9.5	3.4	0.336	188	0
CKT-1158	2025-10-19T18:00:00Z	91.4	8.2	4	0.33	191	0
CKT-1158	2025-10-19T19:00:00Z	93.5	8.5	3.7	0.333	191	0
CKT-1158	2025-10-19T20:00:00Z	96.5	7.9	4.1	0.376	195	0
CKT-1158	2025-10-19T21:00:00Z	95.4	8.3	5	0.373	186	0
CKT-1158	2025-10-19T22:00:00Z	94.6	9.1	4.7	0.359	201	0
CKT-1158	2025-10-19T23:00:00Z	95	8.9	5	0.371	188	0
CKT-1158	2025-10-20T00:00:00Z	95.8	8.6	5.6	0.344	190	0
CKT-1158	2025-10-20T01:00:00Z	98.2	8.3	5	0.333	192	0
CKT-1158	2025-10-20T02:00:00Z	97.3	9	4.5	0.382	191	0
CKT-1158	2025-10-20T03:00:00Z	99.5	9.3	4.3	0.368	188	0
CKT-1158	2025-10-20T04:00:00Z	98.1	8.8	5	0.448	189	0
CKT-1158	2025-10-20T05:00:00Z	100	8.8	4.1	0.403	197	0
CKT-1158	2025-10-20T06:00:00Z	99.3	9.1	5.3	0.396	196	0
CKT-1158	2025-10-20T07:00:00Z	98	8.5	5.6	0.407	198	0
CKT-1158	2025-10-20T08:00:00Z	99.6	8.5	4.9	0.409	203	0
CKT-1158	2025-10-20T09:00:00Z	98.8	9.4	4.9	0.406	191	0
CKT-1158	2025-10-20T10:00:00Z	100	8.1	5.3	0.452	199	0
CKT-1158	2025-10-20T11:00:00Z	100	9.3	5.3	0.415	186	0
CKT-1158	2025-10-20T12:00:00Z	98.7	9.1	5.2	0.454	190	0
CKT-1158	2025-10-20T13:00:00Z	99.4	9.4	5.4	0.484	196	0
CKT-1158	2025-10-20T14:00:00Z	99.1	9.6	5.4	0.489	193	0
CKT-1158	2025-10-20T15:00:00Z	98.5	8.1	5.9	0.487	191	0
CKT-1158	2025-10-20T16:00:00Z	100	8.9	5.2	0.493	198	0
CKT-1158	2025-10-20T17:00:00Z	100	8.7	5.8	0.462	186	0
CKT-1158	2025-10-20T18:00:00Z	100	8.9	6.8	0.508	192	0
CKT-1158	2025-10-20T19:00:00Z	100	9.2	5.9	0.51	186	0
CKT-1158	2025-10-20T20:00:00Z	100	8.7	7.2	0.457	203	0
CKT-1158	2025-10-20T21:00:00Z	100	8.8	6.8	0.519	196	0
CKT-1158	2025-10-20T22:00:00Z	100	10.1	7.1	0.517	189	0
CKT-1158	2025-10-20T23:00:00Z	100	9.7	7.7	0.547	176	0
CKT-1158	2025-10-21T00:00:00Z	99.9	8.9	6.8	0.534	198	0
CKT-1158	2025-10-21T01:00:00Z	100	9	6.2	0.516	192	0
CKT-1158	2025-10-21T02:00:00Z	100	8.2	7.4	0.513	178	0
CKT-1158	2025-10-21T03:00:00Z	100	9.7	7.9	0.523	184	0
CKT-1158	2025-10-21T04:00:00Z	100	8.7	7.9	0.577	196	0
CKT-1158	2025-10-21T05:00:00Z	100	9.2	8.3	0.572	191	0
CKT-1158	2025-10-21T06:00:00Z	100	8	6.9	0.558	183	0
CKT-1158	2025-10-21T07:00:00Z	100	7.4	7.1	0.597	190	0
CKT-1158	2025-10-21T08:00:00Z	100	9.4	8.4	0.636	192	0
CKT-1158	2025-10-21T09:00:00Z	100	8.7	8	0.594	191	0
CKT-1158	2025-10-21T10:00:00Z	100	8.4	6.6	0.591	199	0
CKT-1158	2025-10-21T11:00:00Z	100	9.5	7.6	0.596	200	0
CKT-1159	2025-10-19T12:00:00Z	35.7	14.2	13.1	0.112	246	0
CKT-1159	2025-10-19T13:00:00Z	38.4	14.1	13.7	0.13	249	0
CKT-1159	2025-10-19T14:00:00Z	39.1	13.9	13.6	0.118	258	0
CKT-1159	2025-10-19T15:00:00Z	39.1	13.8	13.8	0.145	261	0
CKT-1159	2025-10-19T16:00:00Z	40.4	14	14.1	0.162	252	0
CKT-1159	2025-10-19T17:00:00Z	40.3	12.9	11.9	0.182	263	0
CKT-1159	2025-10-19T18:00:00Z	39.4	14.8	13.7	0.171	267	0
CKT-1159	2025-10-19T19:00:00Z	37.7	13.8	13.9	0.196	265	0
CKT-1159	2025-10-19T20:00:00Z	37.9	13.3	13.4	0.236	268	0
CKT-1159	2025-10-19T21:00:00Z	38.8	13.1	15.1	0.193	267	0
CKT-1159	2025-10-19T22:00:00Z	38.3	13.5	14	0.19	281	0
CKT-1159	2025-10-19T23:00:00Z	39.7	13.9	13.1	0.215	279	0
CKT-1159	2025-10-20T00:00:00Z	36.4	13.4	14.4	0.244	282	0
CKT-1159	2025-10-20T01:00:00Z	38.9	13.9	13.9	0.261	289	0
CKT-1159	2025-10-20T02:00:00Z	38.7	14.9	14	0.235	293	0
CKT-1159	2025-10-20T03:00:00Z	37.5	13.5	14.4	0.28	284	0
CKT-1159	2025-10-20T04:00:00Z	38.7	15.1	14.2	0.278	285	0
CKT-1159	2025-10-20T05:00:00Z	40.7	13.7	13.4	0.296	302	0
CKT-1159	2025-10-20T06:00:00Z	39.4	13.6	14.1	0.304	304	0
CKT-1159	2025-10-20T07:00:00Z	38.3	14.2	14.6	0.287	305	0
CKT-1159	2025-10-20T08:00:00Z	37.6	14	14.1	0.327	303	0
CKT-1159	2025-10-20T09:00:00Z	41.3	14.8	14.8	0.325	304	0
CKT-1159	2025-10-20T10:00:00Z	36.7	14.1	13.5	0.355	317	0
CKT-1159	2025-10-20T11:00:00Z	33.6	13.5	14.9	0.364	310	0
CKT-1159	2025-10-20T12:00:00Z	37.9	13.6	14.2	0.344	318	0
CKT-1159	2025-10-20T13:00:00Z	38.2	13.7	14.7	0.376	326	0
CKT-1159	2025-10-20T14:00:00Z	35.9	14.9	14.7	0.392	325	0
CKT-1159	2025-10-20T15:00:00Z	35.8	13.7	14.6	0.374	323	0
CKT-1159	2025-10-20T16:00:00Z	35	14.3	14.7	0.434	328	0
CKT-1159	2025-10-20T17:00:00Z	35.1	13.1	14.6	0.447	332	0
CKT-1159	2025-10-20T18:00:00Z	36.2	14	14.6	0.449	345	0
CKT-1159	2025-10-20T19:00:00Z	36.8	14.3	14.4	0.438	338	0
CKT-1159	2025-10-20T20:00:00Z	35.4	14.1	14.9	0.451	340	0
CKT-1159	2025-10-20T21:00:00Z	36	13.4	15	0.452	339	0
CKT-1159	2025-10-20T22:00:00Z	36.4	14.3	14.2	0.484	351	0
CKT-1159	2025-10-20T23:00:00Z	38.6	13.9	14.7	0.469	353	0
CKT-1159	2025-10-21T00:00:00Z	35.5	14.6	14.5	0.501	352	0
CKT-1159	2025-10-21T01:00:00Z	32.6	14.4	13.9	0.499	356	0
CKT-1159	2025-10-21T02:00:00Z	35.2	14	14.8	0.52	359	0
CKT-1159	2025-10-21T03:00:00Z	39.1	13.8	14.2	0.495	366	0
CKT-1159	2025-10-21T04:00:00Z	32.6	13.3	14.2	0.543	372	0
CKT-1159	2025-10-21T05:00:00Z	33.5	14.2	13.6	0.529	372	0
CKT-1159	2025-10-21T06:00:00Z	34.3	14.6	13.8	0.54	374	0
CKT-1159	2025-10-21T07:00:00Z	35.4	14.3	15.1	0.542	371	0
CKT-1159	2025-10-21T08:00:00Z	38.1	13.2	14.3	0.589	372	0
CKT-1159	2025-10-21T09:00:00Z	37.2	15.6	14.9	0.592	371	0
CKT-1159	2025-10-21T10:00:00Z	35.9	12.6	14.4	0.599	386	0
CKT-1159	2025-10-21T11:00:00Z	32	13.7	14.3	0.601	382	0
CKT-1160	2025-10-19T12:00:00Z	42.3	18.5	8.1	0	123	0
CKT-1160	2025-10-19T13:00:00Z	44.2	18	7.5	0	126	0
CKT-1160	2025-10-19T14:00:00Z	44	19.1	7.9	0	128	0
CKT-1160	2025-10-19T15:00:00Z	44.6	17.8	7.5	0	138	0
CKT-1160	2025-10-19T16:00:00Z	42.2	18.6	7.2	0	136	0
CKT-1160	2025-10-19T17:00:00Z	45.1	18.5	7.6	0	126	0
CKT-1160	2025-10-19T18:00:00Z	44.5	18	8.2	0	140	0
CKT-1160	2025-10-19T19:00:00Z	43	18.7	8.4	0.007	147	0
CKT-1160	2025-10-19T20:00:00Z	40.9	17.6	7.4	0	135	0
CKT-1160	2025-10-19T21:00:00Z	40.5	18.5	8.7	0.01	139	0
CKT-1160	2025-10-19T22:00:00Z	41.7	19.9	8.7	0.004	145	0
CKT-1160	2025-10-19T23:00:00Z	42	19.9	8.4	0.007	138	0
CKT-1160	2025-10-20T00:00:00Z	41.4	18.4	8.8	0	149	0
CKT-1160	2025-10-20T01:00:00Z	41.4	18.1	8.1	0.007	151	0
CKT-1160	2025-10-20T02:00:00Z	42	18.2	8.6	0.008	147	0
CKT-1160	2025-10-20T03:00:00Z	42.4	19.8	8.7	0	162	0
CKT-1160	2025-10-20T04:00:00Z	44.1	19.6	8.9	0.005	152	0
CKT-1160	2025-10-20T05:00:00Z	43.9	19.7	8.5	0	158	0
CKT-1160	2025-10-20T06:00:00Z	40.8	18.3	8.9	0.036	157	0
CKT-1160	2025-10-20T07:00:00Z	42.3	18.6	8	0.042	160	0
CKT-1160	2025-10-20T08:00:00Z	40.1	18.3	9.3	0.036	168	0
CKT-1160	2025-10-20T09:00:00Z	42.6	18	7.8	0.04	170	0
CKT-1160	2025-10-20T10:00:00Z	41.6	19.1	8.9	0.035	164	0
CKT-1160	2025-10-20T11:00:00Z	42.9	18.2	10.5	0.035	174	0
CKT-1160	2025-10-20T12:00:00Z	41.1	19.5	10.2	0.042	174	0
CKT-1160	2025-10-20T13:00:00Z	43.7	18.9	9.2	0.053	171	0
CKT-1160	2025-10-20T14:00:00Z	42	18.2	9.9	0.019	171	0
CKT-1160	2025-10-20T15:00:00Z	40.5	18.6	9	0.041	182	0
CKT-1160	2025-10-20T16:00:00Z	43	17.2	9.6	0.087	182	0
CKT-1160	2025-10-20T17:00:00Z	42.2	19.1	9.5	0.07	185	0
CKT-1160	2025-10-20T18:00:00Z	41.7	18.5	10	0.046	188	0
CKT-1160	2025-10-20T19:00:00Z	39.4	18.2	10.4	0.078	184	0
CKT-1160	2025-10-20T20:00:00Z	38.9	18.7	9.9	0.085	186	0
CKT-1160	2025-10-20T21:00:00Z	38.8	17.9	10.1	0.081	185	0
CKT-1160	2025-10-20T22:00:00Z	40.3	19.2	10.9	0.088	191	0
CKT-1160	2025-10-20T23:00:00Z	40.4	19	10.3	0.104	199	0
CKT-1160	2025-10-21T00:00:00Z	41.9	18.4	10.3	0.056	196	0
CKT-1160	2025-10-21T01:00:00Z	41.1	17.9	11.8	0.104	194	0
CKT-1160	2025-10-21T02:00:00Z	44.3	18.4	11.1	0.098	198	0
CKT-1160	2025-10-21T03:00:00Z	40.7	19.6	11.2	0.097	192	0
CKT-1160	2025-10-21T04:00:00Z	41.6	18	11.1	0.088	201	0
CKT-1160	2025-10-21T05:00:00Z	40.1	19.3	10	0.121	208	0
CKT-1160	2025-10-21T06:00:00Z	40.9	18.4	11.3	0.101	206	0
CKT-1160	2025-10-21T07:00:00Z	41.1	19.7	10.3	0.123	210	0
CKT-1160	2025-10-21T08:00:00Z	40.6	17.8	10.3	0.123	206	0
CKT-1160	2025-10-21T09:00:00Z	42.4	18.1	11.5	0.108	211	0
CKT-1160	2025-10-21T10:00:00Z	39.5	19	11.7	0.117	219	0
CKT-1160	2025-10-21T11:00:00Z	40.8	17.9	11.6	0.121	205	0
CKT-1161	2025-10-19T12:00:00Z	14.6	12	12.6	0.367	0	0
CKT-1161	2025-10-19T13:00:00Z	13.4	11	13.1	0.316	4	0
CKT-1161	2025-10-19T14:00:00Z	14.8	10.1	13.8	0.343	0	0
CKT-1161	2025-10-19T15:00:00Z	14.8	11.6	12.5	0.334	0	0
CKT-1161	2025-10-19T16:00:00Z	15.3	10.7	13.8	0.32	0	0
CKT-1161	2025-10-19T17:00:00Z	13.4	11.8	12.8	0.342	1	0
CKT-1161	2025-10-19T18:00:00Z	12.4	11.3	13.1	0.288	0	0
CKT-1161	2025-10-19T19:00:00Z	15.3	11.9	13.5	0.36	0	0
CKT-1161	2025-10-19T20:00:00Z	15.3	10.9	13.8	0.29	9	0
CKT-1161	2025-10-19T21:00:00Z	17	10.8	13.2	0.313	0	0
CKT-1161	2025-10-19T22:00:00Z	14.2	11.4	12.8	0.329	2	0
CKT-1161	2025-10-19T23:00:00Z	13.3	11.7	11.6	0.288	0	0
CKT-1161	2025-10-20T00:00:00Z	15.4	12.3	12.5	0.284	0	0
CKT-1161	2025-10-20T01:00:00Z	15.7	11.2	12	0.306	5	0
CKT-1161	2025-10-20T02:00:00Z	13	10.4	12.1	0.26	0	0
CKT-1161	2025-10-20T03:00:00Z	12.8	11.9	12.4	0.328	0	0
CKT-1161	2025-10-20T04:00:00Z	16.4	11.6	11.7	0.272	0	0
CKT-1161	2025-10-20T05:00:00Z	14.8	11.9	11.7	0.287	6	0
CKT-1161	2025-10-20T06:00:00Z	16.6	10.6	11.7	0.28	0	0
CKT-1161	2025-10-20T07:00:00Z	12.4	11.3	11.5	0.259	0	0
CKT-1161	2025-10-20T08:00:00Z	17.6	11	11.8	0.268	0	0
CKT-1161	2025-10-20T09:00:00Z	16.5	11.6	11.5	0.275	0	0
CKT-1161	2025-10-20T10:00:00Z	15.7	10.1	11.7	0.253	0	0
CKT-1161	2025-10-20T11:00:00Z	13.1	11.1	11.1	0.223	1	0
CKT-1161	2025-10-20T12:00:00Z	16.7	10.4	11.4	0.233	0	0
CKT-1161	2025-10-20T13:00:00Z	14.4	11.3	11.1	0.215	5	0
CKT-1161	2025-10-20T14:00:00Z	14.4	11.6	11.5	0.195	3	0
CKT-1161	2025-10-20T15:00:00Z	14.1	11.9	10.4	0.248	0	0
CKT-1161	2025-10-20T16:00:00Z	14.9	11.4	10.6	0.204	0	0
CKT-1161	2025-10-20T17:00:00Z	15.7	12.2	11.6	0.231	1	0
CKT-1161	2025-10-20T18:00:00Z	14.9	12.4	10.8	0.218	0	0
CKT-1161	2025-10-20T19:00:00Z	14	11.5	10	0.2	0	0
CKT-1161	2025-10-20T20:00:00Z	13.6	11.6	10.6	0.213	2	0
CKT-1161	2025-10-20T21:00:00Z	14.4	9	9.7	0.218	0	0
CKT-1161	2025-10-20T22:00:00Z	15.5	11.8	9.9	0.188	0	0
CKT-1161	2025-10-20T23:00:00Z	14.2	11.6	8.8	0.181	0	0
CKT-1161	2025-10-21T00:00:00Z	10.4	11	9.1	0.184	0	0
CKT-1161	2025-10-21T01:00:00Z	14.9	11.1	8.9	0.194	12	0
CKT-1161	2025-10-21T02:00:00Z	15.8	11.7	9.6	0.173	0	0
CKT-1161	2025-10-21T03:00:00Z	14.6	10.6	9.7	0.166	0	0
CKT-1161	2025-10-21T04:00:00Z	13.2	12	9.5	0.104	0	0
CKT-1161	2025-10-21T05:00:00Z	15.5	11.1	9.6	0.163	0	0
CKT-1161	2025-10-21T06:00:00Z	14.2	10.9	9.5	0.197	1	0
CKT-1161	2025-10-21T07:00:00Z	14.3	10.8	9.6	0.152	2	0
CKT-1161	2025-10-21T08:00:00Z	15.3	11.9	9.5	0.178	0	0
CKT-1161	2025-10-21T09:00:00Z	12.9	10.4	8.2	0.185	0	0
CKT-1161	2025-10-21T10:00:00Z	12.4	11.2	8.4	0.195	0	0
CKT-1161	2025-10-21T11:00:00Z	14.8	10.8	7.9	0.131	0	0
CKT-1162	2025-10-19T12:00:00Z	38.8	13.1	7.8	0.002	79	0
CKT-1162	2025-10-19T13:00:00Z	39.1	13.4	8.9	0	82	0
CKT-1162	2025-10-19T14:00:00Z	38.5	12.9	8.5	0	84	0
CKT-1162	2025-10-19T15:00:00Z	39.6	13.4	7	0	85	0
CKT-1162	2025-10-19T16:00:00Z	40.9	14.2	8.7	0	93	0
CKT-1162	2025-10-19T17:00:00Z	39.1	14.9	7.7	0	95	0
CKT-1162	2025-10-19T18:00:00Z	38.6	13.6	7.8	0.005	97	0
CKT-1162	2025-10-19T19:00:00Z	39.4	14.1	8	0	97	0
CKT-1162	2025-10-19T20:00:00Z	35.1	14.3	7	0	98	0
CKT-1162	2025-10-19T21:00:00Z	40.3	15.3	6.5	0	102	0
CKT-1162	2025-10-19T22:00:00Z	38.2	14.4	7.1	0.018	101	0
CKT-1162	2025-10-19T23:00:00Z	40.1	13.3	8.1	0	101	0
CKT-1162	2025-10-20T00:00:00Z	37.1	14.4	7.3	0	111	0
CKT-1162	2025-10-20T01:00:00Z	38.1	14.1	7.2	0.004	113	0
CKT-1162	2025-10-20T02:00:00Z	38.9	14.1	6.7	0	110	0
CKT-1162	2025-10-20T03:00:00Z	37.7	14.7	6	0.038	112	0
CKT-1162	2025-10-20T04:00:00Z	39.6	13.1	6.4	0.003	125	0
CKT-1162	2025-10-20T05:00:00Z	37.9	14.6	7.1	0.042	114	0
CKT-1162	2025-10-20T06:00:00Z	41.6	15.1	6.6	0.013	114	0
CKT-1162	2025-10-20T07:00:00Z	39.5	13.9	6.4	0	121	0
CKT-1162	2025-10-20T08:00:00Z	40.4	14.4	6	0.025	115	0
CKT-1162	2025-10-20T09:00:00Z	37.7	13.7	6.4	0.016	119	0
CKT-1162	2025-10-20T10:00:00Z	39.7	13.6	5.6	0.049	129	0
CKT-1162	2025-10-20T11:00:00Z	38.2	13.7	6.1	0.046	130	0
CKT-1162	2025-10-20T12:00:00Z	38.7	13.5	5.5	0.035	126	0
CKT-1162	2025-10-20T13:00:00Z	36.8	13.8	6.2	0	131	0
CKT-1162	2025-10-20T14:00:00Z	38.8	14.5	6.5	0.038	144	0
CKT-1162	2025-10-20T15:00:00Z	39	14.4	5	0.055	141	0
CKT-1162	2025-10-20T16:00:00Z	37.2	12.3	5.5	0.045	145	0
CKT-1162	2025-10-20T17:00:00Z	37.4	13.5	4.7	0.039	154	0
CKT-1162	2025-10-20T18:00:00Z	35.8	13.1	5.2	0.094	146	0
CKT-1162	2025-10-20T19:00:00Z	40.4	13.7	4.4	0.048	144	0
CKT-1162	2025-10-20T20:00:00Z	38	13.8	5.3	0.045	142	0
CKT-1162	2025-10-20T21:00:00Z	36.2	14	5	0.084	156	0
CKT-1162	2025-10-20T22:00:00Z	36.1	13.9	4.7	0.034	148	0
CKT-1162	2025-10-20T23:00:00Z	40.2	13.5	4.3	0.067	157	0
CKT-1162	2025-10-21T00:00:00Z	37.3	14	3.5	0.082	156	0
CKT-1162	2025-10-21T01:00:00Z	39.1	12.8	4.4	0.092	154	0
CKT-1162	2025-10-21T02:00:00Z	37.7	13.6	4.2	0.099	151	0
CKT-1162	2025-10-21T03:00:00Z	37.5	14	4.8	0.076	165	0
CKT-1162	2025-10-21T04:00:00Z	37.5	14	4.3	0.094	165	0
CKT-1162	2025-10-21T05:00:00Z	35.8	14	4.4	0.113	159	0
CKT-1162	2025-10-21T06:00:00Z	38.2	13.7	4.1	0.065	166	0
CKT-1162	2025-10-21T07:00:00Z	37.9	13.3	4.7	0.058	171	0
CKT-1162	2025-10-21T08:00:00Z	33.7	13.7	4.1	0.106	170	0
CKT-1162	2025-10-21T09:00:00Z	36.9	14.2	4.2	0.122	166	0
CKT-1162	2025-10-21T10:00:00Z	36.9	12.6	3	0.083	179	0
CKT-1162	2025-10-21T11:00:00Z	36.4	13.7	3.7	0.086	167	0
CKT-1163	2025-10-19T12:00:00Z	37.6	13.4	9.1	0	169	0
CKT-1163	2025-10-19T13:00:00Z	39.7	14	10.2	0	165	0
CKT-1163	2025-10-19T14:00:00Z	40.8	14.1	10.7	0	160	0
CKT-1163	2025-10-19T15:00:00Z	39	13.8	9.7	0	158	0
CKT-1163	2025-10-19T16:00:00Z	38.9	13.3	9.5	0	162	0
CKT-1163	2025-10-19T17:00:00Z	39.3	14	10.2	0	156	0
CKT-1163	2025-10-19T18:00:00Z	36.9	14.7	10.1	0.004	167	0
CKT-1163	2025-10-19T19:00:00Z	38.4	13.6	8.9	0	158	0
CKT-1163	2025-10-19T20:00:00Z	35.9	13.4	9.8	0.004	156	0
CKT-1163	2025-10-19T21:00:00Z	39.1	15.2	8.9	0.013	161	0
CKT-1163	2025-10-19T22:00:00Z	40.7	14.6	9.5	0	152	0
CKT-1163	2025-10-19T23:00:00Z	38	14.1	10	0.015	167	0
CKT-1163	2025-10-20T00:00:00Z	38	14.7	10	0	159	0
CKT-1163	2025-10-20T01:00:00Z	38.8	13.5	9.4	0	157	0
CKT-1163	2025-10-20T02:00:00Z	37.3	14.8	8.7	0.015	162	0
CKT-1163	2025-10-20T03:00:00Z	37.1	13.9	9.8	0.015	163	0
CKT-1163	2025-10-20T04:00:00Z	39.3	13.7	9.2	0.025	156	0
CKT-1163	2025-10-20T05:00:00Z	37.6	14.2	9.8	0.032	172	0
CKT-1163	2025-10-20T06:00:00Z	39.4	14.9	10.3	0.032	162	0
CKT-1163	2025-10-20T07:00:00Z	39	14.6	10.1	0.008	152	0
CKT-1163	2025-10-20T08:00:00Z	38.9	13.4	10.4	0.065	158	0
CKT-1163	2025-10-20T09:00:00Z	40	14.2	10.1	0.044	155	0
CKT-1163	2025-10-20T10:00:00Z	36.6	13.1	9.7	0.09	152	0
CKT-1163	2025-10-20T11:00:00Z	36.3	13.6	9.7	0.057	156	0
CKT-1163	2025-10-20T12:00:00Z	37.7	13.5	9.9	0.055	159	0
CKT-1163	2025-10-20T13:00:00Z	40.9	14	10.1	0.01	161	0
CKT-1163	2025-10-20T14:00:00Z	34.9	14.4	10.3	0.081	156	0
CKT-1163	2025-10-20T15:00:00Z	37.8	14.5	9.7	0.081	162	0
CKT-1163	2025-10-20T16:00:00Z	37.5	15	10.5	0.04	164	0
CKT-1163	2025-10-20T17:00:00Z	36.7	14.5	10.4	0.025	163	0
CKT-1163	2025-10-20T18:00:00Z	37.3	13.8	10.1	0.098	155	0
CKT-1163	2025-10-20T19:00:00Z	39.2	13.1	10.4	0.102	163	0
CKT-1163	2025-10-20T20:00:00Z	37.7	13.9	10	0.066	156	0
CKT-1163	2025-10-20T21:00:00Z	36	13.4	11.2	0.061	165	0
CKT-1163	2025-10-20T22:00:00Z	35.5	13.4	9.8	0.077	164	0
CKT-1163	2025-10-20T23:00:00Z	38.2	13.9	11.7	0.103	160	0
CKT-1163	2025-10-21T00:00:00Z	36.2	13.6	10.1	0.125	162	0
CKT-1163	2025-10-21T01:00:00Z	39.1	13.6	10.7	0.119	162	0
CKT-1163	2025-10-21T02:00:00Z	35.8	13.4	10.7	0.134	156	0
CKT-1163	2025-10-21T03:00:00Z	37.9	14.8	10.3	0.092	153	0
CKT-1163	2025-10-21T04:00:00Z	36	13.8	10.5	0.125	158	0
CKT-1163	2025-10-21T05:00:00Z	37.9	13.6	11.1	0.149	164	0
CKT-1163	2025-10-21T06:00:00Z	35.9	14	10.9	0.13	156	0
CKT-1163	2025-10-21T07:00:00Z	35.7	13.6	10	0.196	150	0
CKT-1163	2025-10-21T08:00:00Z	35.3	14.4	10.2	0.136	161	0
CKT-1163	2025-10-21T09:00:00Z	38.2	13.9	11	0.113	156	0
CKT-1163	2025-10-21T10:00:00Z	37.3	15.2	10.1	0.129	161	0
CKT-1163	2025-10-21T11:00:00Z	36.6	13.6	10	0.146	162	0
CKT-1164	2025-10-19T12:00:00Z	76.9	1.2	0	0.107	130	0
CKT-1164	2025-10-19T13:00:00Z	77.8	1	0	0.12	131	0
CKT-1164	2025-10-19T14:00:00Z	76	1.2	0	0.11	138	0
CKT-1164	2025-10-19T15:00:00Z	76.2	1	0	0.17	139	0
CKT-1164	2025-10-19T16:00:00Z	78.7	1.2	0	0.105	131	0
CKT-1164	2025-10-19T17:00:00Z	78.9	2.2	0	0.13	144	0
CKT-1164	2025-10-19T18:00:00Z	77.9	1.6	0	0.132	141	0
CKT-1164	2025-10-19T19:00:00Z	79.4	1	0	0.152	140	0
CKT-1164	2025-10-19T20:00:00Z	78.2	1	0	0.111	147	0
CKT-1164	2025-10-19T21:00:00Z	77.2	1.5	0	0.141	143	0
CKT-1164	2025-10-19T22:00:00Z	81.9	1	0	0.151	153	0
CKT-1164	2025-10-19T23:00:00Z	82.2	1.3	0	0.13	162	0
CKT-1164	2025-10-20T00:00:00Z	78.5	1	0	0.124	155	0
CKT-1164	2025-10-20T01:00:00Z	82.1	1.6	0	0.129	158	0
CKT-1164	2025-10-20T02:00:00Z	79	2.1	0	0.156	163	0
CKT-1164	2025-10-20T03:00:00Z	78.4	1.1	0	0.167	161	0
CKT-1164	2025-10-20T04:00:00Z	79	1.5	0	0.14	153	0
CKT-1164	2025-10-20T05:00:00Z	79.6	1.4	0	0.157	168	0
CKT-1164	2025-10-20T06:00:00Z	81.8	1	0	0.117	170	0
CKT-1164	2025-10-20T07:00:00Z	79.7	1.6	0	0.14	169	0
CKT-1164	2025-10-20T08:00:00Z	80.5	2.2	0	0.148	180	0
CKT-1164	2025-10-20T09:00:00Z	79.9	1.3	0.2	0.145	173	0
CKT-1164	2025-10-20T10:00:00Z	82.2	1.3	0	0.164	183	0
CKT-1164	2025-10-20T11:00:00Z	80.9	1.2	0.1	0.144	186	0
CKT-1164	2025-10-20T12:00:00Z	79.5	1	0.4	0.134	187	0
CKT-1164	2025-10-20T13:00:00Z	81.5	1.8	0.4	0.153	186	0
CKT-1164	2025-10-20T14:00:00Z	81.8	2.2	0.3	0.155	186	0
CKT-1164	2025-10-20T15:00:00Z	81.8	1	0.2	0.138	184	0
CKT-1164	2025-10-20T16:00:00Z	82.9	1	0.1	0.157	189	0
CKT-1164	2025-10-20T17:00:00Z	81.9	1	0.1	0.132	188	0
CKT-1164	2025-10-20T18:00:00Z	80.9	1	1.1	0.199	199	0
CKT-1164	2025-10-20T19:00:00Z	81.3	1.1	0.8	0.152	203	0
CKT-1164	2025-10-20T20:00:00Z	85.3	1	1.7	0.153	197	0
CKT-1164	2025-10-20T21:00:00Z	82.9	1.9	1.3	0.175	205	0
CKT-1164	2025-10-20T22:00:00Z	84.1	1.3	1.7	0.156	194	0
CKT-1164	2025-10-20T23:00:00Z	85.5	1	1.1	0.163	202	0
CKT-1164	2025-10-21T00:00:00Z	81.8	1.3	1.7	0.183	209	0
CKT-1164	2025-10-21T01:00:00Z	82.4	1	2.2	0.161	206	0
CKT-1164	2025-10-21T02:00:00Z	84.6	1	1.5	0.163	216	0
CKT-1164	2025-10-21T03:00:00Z	84.2	1.1	1.3	0.179	211	0
CKT-1164	2025-10-21T04:00:00Z	82.1	1	2.3	0.201	209	0
CKT-1164	2025-10-21T05:00:00Z	82.2	1.4	1.9	0.188	214	0
CKT-1164	2025-10-21T06:00:00Z	84.7	1	2.5	0.136	223	0
CKT-1164	2025-10-21T07:00:00Z	83.9	1.3	2.5	0.146	227	0
CKT-1164	2025-10-21T08:00:00Z	84.6	1.5	2.1	0.186	216	0
CKT-1164	2025-10-21T09:00:00Z	84.5	1	5.1	0.194	231	0
CKT-1164	2025-10-21T10:00:00Z	84	1.2	3.2	0.162	223	0
CKT-1164	2025-10-21T11:00:00Z	86	1	2.5	0.172	222	0
CKT-1165	2025-10-19T12:00:00Z	100	1.6	9.5	0.178	167	0
CKT-1165	2025-10-19T13:00:00Z	100	1	10.2	0.178	170	0
CKT-1165	2025-10-19T14:00:00Z	97.9	2	9.6	0.15	170	0
CKT-1165	2025-10-19T15:00:00Z	100	1	9.2	0.204	177	0
CKT-1165	2025-10-19T16:00:00Z	99.5	1	8.8	0.18	178	0
CKT-1165	2025-10-19T17:00:00Z	100	1	9.1	0.2	186	0
CKT-1165	2025-10-19T18:00:00Z	100	1	8.3	0.17	195	0
CKT-1165	2025-10-19T19:00:00Z	100	1	8.5	0.15	193	0
CKT-1165	2025-10-19T20:00:00Z	100	1	7.9	0.206	195	0
CKT-1165	2025-10-19T21:00:00Z	98.5	1.8	7.8	0.17	206	0
CKT-1165	2025-10-19T22:00:00Z	100	1	7.6	0.181	201	0
CKT-1165	2025-10-19T23:00:00Z	100	1.8	8.2	0.214	206	0
CKT-1165	2025-10-20T00:00:00Z	99.8	1	8.1	0.221	209	0
CKT-1165	2025-10-20T01:00:00Z	100	1	7.9	0.201	222	0
CKT-1165	2025-10-20T02:00:00Z	100	1	7.8	0.184	208	0
CKT-1165	2025-10-20T03:00:00Z	100	1	7.9	0.207	221	0
CKT-1165	2025-10-20T04:00:00Z	96.3	1.4	7.7	0.228	228	0
CKT-1165	2025-10-20T05:00:00Z	100	1	7.4	0.219	235	0
CKT-1165	2025-10-20T06:00:00Z	100	1.3	7.5	0.213	240	0
CKT-1165	2025-10-20T07:00:00Z	98	1	8	0.205	239	0
CKT-1165	2025-10-20T08:00:00Z	100	1	6.7	0.245	242	0
CKT-1165	2025-10-20T09:00:00Z	100	1	7	0.237	245	0
CKT-1165	2025-10-20T10:00:00Z	98.3	1	6.6	0.22	249	0
CKT-1165	2025-10-20T11:00:00Z	100	1.2	6	0.229	255	0
CKT-1165	2025-10-20T12:00:00Z	100	1	6.6	0.267	254	0
CKT-1165	2025-10-20T13:00:00Z	100	1.1	6.4	0.219	270	0
CKT-1165	2025-10-20T14:00:00Z	100	1.4	7	0.241	262	0
CKT-1165	2025-10-20T15:00:00Z	97.4	2	6.5	0.238	281	0
CKT-1165	2025-10-20T16:00:00Z	98	1	5.4	0.228	276	0
CKT-1165	2025-10-20T17:00:00Z	100	1.5	4.9	0.297	277	0
CKT-1165	2025-10-20T18:00:00Z	100	1.4	6.1	0.239	278	0
CKT-1165	2025-10-20T19:00:00Z	97.4	1	5.3	0.279	288	0
CKT-1165	2025-10-20T20:00:00Z	100	1	5.6	0.26	290	0
CKT-1165	2025-10-20T21:00:00Z	100	1.9	6.3	0.277	300	0
CKT-1165	2025-10-20T22:00:00Z	98.2	1.7	6	0.24	297	0
CKT-1165	2025-10-20T23:00:00Z	98.8	1.7	5.6	0.254	303	0
CKT-1165	2025-10-21T00:00:00Z	98.3	1	5.8	0.236	308	0
CKT-1165	2025-10-21T01:00:00Z	98.2	1.5	5.2	0.239	316	0
CKT-1165	2025-10-21T02:00:00Z	97.4	1.1	5.9	0.247	315	0
CKT-1165	2025-10-21T03:00:00Z	97.9	1.1	5.1	0.282	316	0
CKT-1165	2025-10-21T04:00:00Z	100	2	5.2	0.25	323	0
CKT-1165	2025-10-21T05:00:00Z	98.2	2.1	4.9	0.296	328	0
CKT-1165	2025-10-21T06:00:00Z	98.4	1	4.7	0.288	328	0
CKT-1165	2025-10-21T07:00:00Z	99.7	1.9	4.4	0.297	341	0
CKT-1165	2025-10-21T08:00:00Z	99.4	1	4.5	0.272	350	0
CKT-1165	2025-10-21T09:00:00Z	98	1	3.9	0.257	340	0
CKT-1165	2025-10-21T10:00:00Z	98.5	1	4.1	0.242	355	0
CKT-1165	2025-10-21T11:00:00Z	98	1.2	3.7	0.304	359	0
CKT-1166	2025-10-19T12:00:00Z	25.9	8.9	10.7	0.365	0	0
CKT-1166	2025-10-19T13:00:00Z	27.9	10.5	11.9	0.37	0	0
CKT-1166	2025-10-19T14:00:00Z	27.1	10.1	10.4	0.38	0	0
CKT-1166	2025-10-19T15:00:00Z	25.8	11.3	11	0.385	0	0
CKT-1166	2025-10-19T16:00:00Z	26.4	9.7	10.2	0.393	0	0
CKT-1166	2025-10-19T17:00:00Z	25.2	10.2	11.5	0.426	0	0
CKT-1166	2025-10-19T18:00:00Z	27	10.1	11.1	0.44	0	0
CKT-1166	2025-10-19T19:00:00Z	26.3	10.3	10.7	0.42	0	0
CKT-1166	2025-10-19T20:00:00Z	27.7	10.8	11	0.392	0	0
CKT-1166	2025-10-19T21:00:00Z	26.4	10.4	10.5	0.444	0	0
CKT-1166	2025-10-19T22:00:00Z	24.8	9.6	11.4	0.42	0	0
CKT-1166	2025-10-19T23:00:00Z	29	10.3	10.2	0.406	4	0
CKT-1166	2025-10-20T00:00:00Z	30.4	10.9	10.6	0.429	3	0
CKT-1166	2025-10-20T01:00:00Z	24.4	10.4	11.1	0.473	10	0
CKT-1166	2025-10-20T02:00:00Z	30.3	11.4	11.5	0.443	8	0
CKT-1166	2025-10-20T03:00:00Z	25	10.5	11.1	0.442	1	0
CKT-1166	2025-10-20T04:00:00Z	29.9	10.7	11.7	0.467	17	0
CKT-1166	2025-10-20T05:00:00Z	29.4	10	10.5	0.448	8	0
CKT-1166	2025-10-20T06:00:00Z	30.3	10.4	11	0.435	19	0
CKT-1166	2025-10-20T07:00:00Z	27.1	11.2	10.4	0.493	21	0
CKT-1166	2025-10-20T08:00:00Z	27.1	11.3	11.3	0.481	14	0
CKT-1166	2025-10-20T09:00:00Z	29.1	10.5	10.8	0.477	20	0
CKT-1166	2025-10-20T10:00:00Z	26.6	9.5	9.9	0.487	10	0
CKT-1166	2025-10-20T11:00:00Z	29.1	10.7	10.6	0.506	23	0
CKT-1166	2025-10-20T12:00:00Z	28.7	9.2	9.6	0.485	29	0
CKT-1166	2025-10-20T13:00:00Z	29.5	10.3	10.8	0.511	28	0
CKT-1166	2025-10-20T14:00:00Z	29.1	9.7	9.9	0.489	34	0
CKT-1166	2025-10-20T15:00:00Z	27.2	10.8	10.2	0.493	34	0
CKT-1166	2025-10-20T16:00:00Z	27.3	10.1	9.4	0.526	34	0
CKT-1166	2025-10-20T17:00:00Z	26.9	11.5	10.3	0.504	32	0
CKT-1166	2025-10-20T18:00:00Z	30.1	11.3	11.3	0.545	36	0
CKT-1166	2025-10-20T19:00:00Z	31	10.3	9.9	0.515	42	0
CKT-1166	2025-10-20T20:00:00Z	27.6	10.5	10.9	0.537	46	0
CKT-1166	2025-10-20T21:00:00Z	28.3	10	9.9	0.531	42	0
CKT-1166	2025-10-20T22:00:00Z	28.5	9.2	9.9	0.548	38	0
CKT-1166	2025-10-20T23:00:00Z	28.4	9.9	10.2	0.544	49	0
CKT-1166	2025-10-21T00:00:00Z	29.6	9.8	10.2	0.57	49	0
CKT-1166	2025-10-21T01:00:00Z	29.4	10.1	10.8	0.502	58	0
CKT-1166	2025-10-21T02:00:00Z	28.2	9.7	10.1	0.552	54	0
CKT-1166	2025-10-21T03:00:00Z	29.2	9.7	11	0.551	54	0
CKT-1166	2025-10-21T04:00:00Z	28.7	10.8	10.6	0.556	57	0
CKT-1166	2025-10-21T05:00:00Z	30.9	11	10.8	0.574	72	0
CKT-1166	2025-10-21T06:00:00Z	29.8	10.5	10.5	0.583	47	0
CKT-1166	2025-10-21T07:00:00Z	30.7	9.7	10.2	0.553	61	0
CKT-1166	2025-10-21T08:00:00Z	28.7	10.9	11.2	0.624	67	0
CKT-1166	2025-10-21T09:00:00Z	29	10.9	10.1	0.571	67	0
CKT-1166	2025-10-21T10:00:00Z	29.3	9.2	11.1	0.6	74	0
CKT-1166	2025-10-21T11:00:00Z	27.1	10	10.2	0.596	72	0
CKT-1167	2025-10-19T12:00:00Z	61.5	21.8	6.9	0.214	69	0
CKT-1167	2025-10-19T13:00:00Z	63.2	20.7	7.4	0.267	65	0
CKT-1167	2025-10-19T14:00:00Z	64.3	21.5	6.9	0.236	75	0
CKT-1167	2025-10-19T15:00:00Z	65.6	21.6	6	0.202	71	0
CKT-1167	2025-10-19T16:00:00Z	62.5	20.9	6.8	0.242	85	0
CKT-1167	2025-10-19T17:00:00Z	64.8	22.1	6.2	0.248	92	0
CKT-1167	2025-10-19T18:00:00Z	63.3	21.7	7.3	0.239	83	0
CKT-1167	2025-10-19T19:00:00Z	67	21.5	7.3	0.17	98	0
CKT-1167	2025-10-19T20:00:00Z	63.7	22.2	6.6	0.266	110	0
CKT-1167	2025-10-19T21:00:00Z	66.5	22.1	6.7	0.219	115	0
CKT-1167	2025-10-19T22:00:00Z	65.1	20.6	7.1	0.215	125	0
CKT-1167	2025-10-19T23:00:00Z	68	21	6.8	0.238	126	0
CKT-1167	2025-10-20T00:00:00Z	67.6	20.8	6.6	0.222	127	0
CKT-1167	2025-10-20T01:00:00Z	66.8	22	7.6	0.232	133	0
CKT-1167	2025-10-20T02:00:00Z	65.8	21.1	6.9	0.233	130	0
CKT-1167	2025-10-20T03:00:00Z	68.3	21.3	7.7	0.2	143	0
CKT-1167	2025-10-20T04:00:00Z	66.9	20.8	7.4	0.246	141	0
CKT-1167	2025-10-20T05:00:00Z	66.2	20.8	7.3	0.258	152	0
CKT-1167	2025-10-20T06:00:00Z	68.1	21.3	8.3	0.214	154	0
CKT-1167	2025-10-20T07:00:00Z	68.9	21.8	7.3	0.235	166	0
CKT-1167	2025-10-20T08:00:00Z	70.8	21.2	6.9	0.211	162	0
CKT-1167	2025-10-20T09:00:00Z	69	21.2	7.9	0.201	164	0
CKT-1167	2025-10-20T10:00:00Z	69.1	22.4	8	0.193	182	0
CKT-1167	2025-10-20T11:00:00Z	70.5	22.7	7.9	0.222	185	0
CKT-1167	2025-10-20T12:00:00Z	73.4	21.1	8.5	0.196	184	0
CKT-1167	2025-10-20T13:00:00Z	71.5	21.9	7.7	0.24	197	0
CKT-1167	2025-10-20T14:00:00Z	71.9	20.8	8.4	0.163	199	0
CKT-1167	2025-10-20T15:00:00Z	70.9	22.1	7.2	0.19	203	0
CKT-1167	2025-10-20T16:00:00Z	73.4	21	7.8	0.221	211	0
CKT-1167	2025-10-20T17:00:00Z	72.3	21	7.3	0.205	215	0
CKT-1167	2025-10-20T18:00:00Z	73.4	20.8	8.9	0.156	220	0
CKT-1167	2025-10-20T19:00:00Z	73.8	21.7	7.7	0.194	222	0
CKT-1167	2025-10-20T20:00:00Z	73.7	20.3	8.9	0.208	226	0
CKT-1167	2025-10-20T21:00:00Z	74.3	22.4	7.8	0.174	235	0
CKT-1167	2025-10-20T22:00:00Z	75.2	20.8	8.7	0.198	231	0
CKT-1167	2025-10-20T23:00:00Z	75.5	21.6	8.2	0.198	244	0
CKT-1167	2025-10-21T00:00:00Z	76.5	21.4	8.1	0.193	251	0
CKT-1167	2025-10-21T01:00:00Z	76.4	21.2	8.3	0.22	254	0
CKT-1167	2025-10-21T02:00:00Z	76	22.1	8	0.191	265	0
CKT-1167	2025-10-21T03:00:00Z	77.1	22.4	8.3	0.174	266	0
CKT-1167	2025-10-21T04:00:00Z	73.7	21.5	8.9	0.193	255	0
CKT-1167	2025-10-21T05:00:00Z	74.8	21.3	8.7	0.19	270	0
CKT-1167	2025-10-21T06:00:00Z	78.2	21.6	8.4	0.189	272	0
CKT-1167	2025-10-21T07:00:00Z	78.4	20.9	8.8	0.186	279	0
CKT-1167	2025-10-21T08:00:00Z	78.7	22.3	8	0.194	291	0
CKT-1167	2025-10-21T09:00:00Z	77.8	21.9	8.5	0.198	277	0
CKT-1167	2025-10-21T10:00:00Z	80.6	20.7	8.7	0.155	303	0
CKT-1167	2025-10-21T11:00:00Z	78.4	21.1	9.2	0.184	299	0
CKT-1168	2025-10-19T12:00:00Z	43.7	5.3	13.6	0.047	0	0
CKT-1168	2025-10-19T13:00:00Z	42.2	6.5	13.4	0	0	0
CKT-1168	2025-10-19T14:00:00Z	41.7	6	13.9	0.024	0	0
CKT-1168	2025-10-19T15:00:00Z	41.8	6.3	13.1	0.055	0	0
CKT-1168	2025-10-19T16:00:00Z	42.1	6.3	12	0.026	0	0
CKT-1168	2025-10-19T17:00:00Z	41	7.7	13.2	0.062	0	0
CKT-1168	2025-10-19T18:00:00Z	42.8	6.3	12	0.075	0	0
CKT-1168	2025-10-19T19:00:00Z	40.7	5.1	12.1	0.105	0	0
CKT-1168	2025-10-19T20:00:00Z	43.6	6.2	12.3	0.121	0	0
CKT-1168	2025-10-19T21:00:00Z	41	6.4	12.3	0.103	0	0
CKT-1168	2025-10-19T22:00:00Z	42	5.8	11.6	0.079	0	0
CKT-1168	2025-10-19T23:00:00Z	41.6	5.7	11.6	0.081	0	0
CKT-1168	2025-10-20T00:00:00Z	42.1	5.8	12.1	0.124	0	0
CKT-1168	2025-10-20T01:00:00Z	42.7	6.1	11.8	0.142	0	0
CKT-1168	2025-10-20T02:00:00Z	39.7	6.7	12.9	0.132	0	0
CKT-1168	2025-10-20T03:00:00Z	43.1	6.4	12.2	0.129	3	0
CKT-1168	2025-10-20T04:00:00Z	39	5.4	13	0.128	3	0
CKT-1168	2025-10-20T05:00:00Z	42.6	6.3	11.6	0.167	6	0
CKT-1168	2025-10-20T06:00:00Z	41	5.7	12.1	0.135	0	0
CKT-1168	2025-10-20T07:00:00Z	40	6.2	11.3	0.176	4	0
CKT-1168	2025-10-20T08:00:00Z	39.9	4.9	11.9	0.215	5	0
CKT-1168	2025-10-20T09:00:00Z	40.2	5.9	12.1	0.192	7	0
CKT-1168	2025-10-20T10:00:00Z	38.4	6.2	11.5	0.203	0	0
CKT-1168	2025-10-20T11:00:00Z	39.4	6.5	12	0.204	0	0
CKT-1168	2025-10-20T12:00:00Z	40.8	7.1	11.2	0.204	11	0
CKT-1168	2025-10-20T13:00:00Z	41	6.8	12	0.19	5	0
CKT-1168	2025-10-20T14:00:00Z	40.6	6.1	11.6	0.227	6	0
CKT-1168	2025-10-20T15:00:00Z	39.2	5.5	11	0.236	9	0
CKT-1168	2025-10-20T16:00:00Z	40.3	6	12.2	0.271	8	0
CKT-1168	2025-10-20T17:00:00Z	39.7	6.9	11	0.239	18	0
CKT-1168	2025-10-20T18:00:00Z	40.3	6.8	11.4	0.258	6	0
CKT-1168	2025-10-20T19:00:00Z	39.4	6.9	11.8	0.293	17	0
CKT-1168	2025-10-20T20:00:00Z	42.4	5.2	11.2	0.261	22	0
CKT-1168	2025-10-20T21:00:00Z	38.2	6.8	10.8	0.296	15	0
CKT-1168	2025-10-20T22:00:00Z	38.9	6.4	11.4	0.294	21	0
CKT-1168	2025-10-20T23:00:00Z	40.3	5.9	11.9	0.32	15	0
CKT-1168	2025-10-21T00:00:00Z	39.6	6.8	11.2	0.317	1	0
CKT-1168	2025-10-21T01:00:00Z	37.1	6.6	10.3	0.332	24	0
CKT-1168	2025-10-21T02:00:00Z	38.3	5.1	10.4	0.344	27	0
CKT-1168	2025-10-21T03:00:00Z	35.3	6.2	9.9	0.34	21	0
CKT-1168	2025-10-21T04:00:00Z	41.8	5.8	11.1	0.367	22	0
CKT-1168	2025-10-21T05:00:00Z	38.4	6.2	10.2	0.338	21	0
CKT-1168	2025-10-21T06:00:00Z	36.4	5.9	10.4	0.367	27	0
CKT-1168	2025-10-21T07:00:00Z	37.7	5.7	10.7	0.388	23	0
CKT-1168	2025-10-21T08:00:00Z	36.4	5.9	10.3	0.403	30	0
CKT-1168	2025-10-21T09:00:00Z	37.8	7.3	10.3	0.417	34	0
CKT-1168	2025-10-21T10:00:00Z	39.4	6.3	10.3	0.397	33	0
CKT-1168	2025-10-21T11:00:00Z	36.4	6	11	0.418	34	0
CKT-1169	2025-10-19T12:00:00Z	69.8	13.7	8.8	0.081	24	0
CKT-1169	2025-10-19T13:00:00Z	70.3	13.6	8.9	0.138	28	0
CKT-1169	2025-10-19T14:00:00Z	64	13.5	9	0.093	23	0
CKT-1169	2025-10-19T15:00:00Z	67.4	12.4	8.9	0.107	26	0
CKT-1169	2025-10-19T16:00:00Z	66.4	11.8	8.7	0.099	16	0
CKT-1169	2025-10-19T17:00:00Z	68.6	13.3	8.4	0.096	22	0
CKT-1169	2025-10-19T18:00:00Z	64.9	12.7	8.9	0.131	24	0
CKT-1169	2025-10-19T19:00:00Z	65.7	12.9	9.5	0.087	24	0
CKT-1169	2025-10-19T20:00:00Z	65.1	13.7	9.3	0.148	18	0
CKT-1169	2025-10-19T21:00:00Z	67.3	13.1	7.7	0.139	26	0
CKT-1169	2025-10-19T22:00:00Z	64.8	13.2	8.9	0.167	20	0
CKT-1169	2025-10-19T23:00:00Z	67.2	13	7.5	0.136	23	0
CKT-1169	2025-10-20T00:00:00Z	63.4	13.2	8.9	0.148	26	0
CKT-1169	2025-10-20T01:00:00Z	66.4	12.9	9.3	0.152	13	0
CKT-1169	2025-10-20T02:00:00Z	67.1	12.9	9.3	0.147	18	0
CKT-1169	2025-10-20T03:00:00Z	65.6	13.7	9	0.186	30	0
CKT-1169	2025-10-20T04:00:00Z	65.9	12.3	8.8	0.174	15	0
CKT-1169	2025-10-20T05:00:00Z	67.7	13.1	8.3	0.143	25	0
CKT-1169	2025-10-20T06:00:00Z	70.2	12.7	9	0.157	24	0
CKT-1169	2025-10-20T07:00:00Z	66.2	12.7	10.1	0.175	15	0
CKT-1169	2025-10-20T08:00:00Z	68.1	13.5	9.2	0.173	18	0
CKT-1169	2025-10-20T09:00:00Z	65.8	12.7	8.6	0.169	29	0
CKT-1169	2025-10-20T10:00:00Z	68.5	13.6	8.4	0.165	23	0
CKT-1169	2025-10-20T11:00:00Z	67.8	12.9	9	0.219	21	0
CKT-1169	2025-10-20T12:00:00Z	68.4	13.1	8.9	0.206	19	0
CKT-1169	2025-10-20T13:00:00Z	65.7	13.1	8	0.205	17	0
CKT-1169	2025-10-20T14:00:00Z	69.5	12.6	9.5	0.194	21	0
CKT-1169	2025-10-20T15:00:00Z	68.5	13	8.8	0.194	21	0
CKT-1169	2025-10-20T16:00:00Z	70.8	11.8	8.2	0.229	28	0
CKT-1169	2025-10-20T17:00:00Z	65.9	11.8	9.4	0.188	20	0
CKT-1169	2025-10-20T18:00:00Z	67.4	12.2	9.3	0.213	18	0
CKT-1169	2025-10-20T19:00:00Z	66.1	13.6	8.6	0.229	22	0
CKT-1169	2025-10-20T20:00:00Z	64.7	13.3	9.3	0.257	13	0
CKT-1169	2025-10-20T21:00:00Z	62.6	13.2	8.5	0.195	23	0
CKT-1169	2025-10-20T22:00:00Z	66.7	12.1	8.7	0.239	23	0
CKT-1169	2025-10-20T23:00:00Z	67.6	13.1	7.9	0.23	24	0
CKT-1169	2025-10-21T00:00:00Z	66.8	12.3	8.4	0.229	27	0
CKT-1169	2025-10-21T01:00:00Z	69.7	13.6	8	0.22	26	0
CKT-1169	2025-10-21T02:00:00Z	69.4	12.2	8.8	0.22	24	0
CKT-1169	2025-10-21T03:00:00Z	66.5	12.9	8.1	0.213	38	0
CKT-1169	2025-10-21T04:00:00Z	67.5	14.1	9.5	0.217	24	0
CKT-1169	2025-10-21T05:00:00Z	65.5	12.7	7.8	0.222	18	0
CKT-1169	2025-10-21T06:00:00Z	66.7	12.9	8.2	0.26	28	0
CKT-1169	2025-10-21T07:00:00Z	67.9	12.8	8.9	0.232	27	0
CKT-1169	2025-10-21T08:00:00Z	65.7	13.8	9.1	0.275	26	0
CKT-1169	2025-10-21T09:00:00Z	67.5	12.4	8.3	0.303	23	0
CKT-1169	2025-10-21T10:00:00Z	65.9	13.1	8.9	0.265	18	0
CKT-1169	2025-10-21T11:00:00Z	68.7	13.4	8.9	0.277	19	0
CKT-1170	2025-10-19T12:00:00Z	54.6	3.6	3.5	0.241	11	0
CKT-1170	2025-10-19T13:00:00Z	57.5	3.6	2.9	0.246	16	0
CKT-1170	2025-10-19T14:00:00Z	55.4	4.3	2.4	0.257	13	0
CKT-1170	2025-10-19T15:00:00Z	59.6	4.2	2.3	0.225	18	0
CKT-1170	2025-10-19T16:00:00Z	55.8	4.4	2.3	0.265	19	0
CKT-1170	2025-10-19T17:00:00Z	56.7	3.8	3.2	0.192	25	0
CKT-1170	2025-10-19T18:00:00Z	57.4	3.3	3.6	0.198	28	0
CKT-1170	2025-10-19T19:00:00Z	59.6	3.8	2.3	0.206	30	0
CKT-1170	2025-10-19T20:00:00Z	58.8	3.8	0.9	0.208	34	0
CKT-1170	2025-10-19T21:00:00Z	57.6	3.9	1.8	0.199	45	0
CKT-1170	2025-10-19T22:00:00Z	57.4	4.4	1.7	0.194	34	0
CKT-1170	2025-10-19T23:00:00Z	59.5	3.1	2.4	0.202	44	0
CKT-1170	2025-10-20T00:00:00Z	54.2	2.8	2.2	0.172	42	0
CKT-1170	2025-10-20T01:00:00Z	57.2	3.4	1.5	0.186	39	0
CKT-1170	2025-10-20T02:00:00Z	57.2	3.6	2.1	0.23	47	0
CKT-1170	2025-10-20T03:00:00Z	58.7	4.1	2.4	0.173	62	0
CKT-1170	2025-10-20T04:00:00Z	59.2	4.4	1.4	0.175	55	0
CKT-1170	2025-10-20T05:00:00Z	57	3.6	2	0.178	65	0
CKT-1170	2025-10-20T06:00:00Z	59.8	4.2	2.1	0.158	62	0
CKT-1170	2025-10-20T07:00:00Z	57.4	3.8	2.2	0.191	66	0
CKT-1170	2025-10-20T08:00:00Z	57.5	4.6	1	0.177	62	0
CKT-1170	2025-10-20T09:00:00Z	59.8	3.7	2.1	0.193	68	0
CKT-1170	2025-10-20T10:00:00Z	57.4	4.1	2.7	0.151	76	0
CKT-1170	2025-10-20T11:00:00Z	59.3	3.4	2	0.135	85	0
CKT-1170	2025-10-20T12:00:00Z	60.3	3.2	1.8	0.149	77	0
CKT-1170	2025-10-20T13:00:00Z	57.7	3.7	2.1	0.155	86	0
CKT-1170	2025-10-20T14:00:00Z	63.1	3.6	2.2	0.108	96	0
CKT-1170	2025-10-20T15:00:00Z	61.6	4.4	1	0.139	86	0
CKT-1170	2025-10-20T16:00:00Z	60.3	3.1	2	0.114	90	0
CKT-1170	2025-10-20T17:00:00Z	60.6	4	1.7	0.131	106	0
CKT-1170	2025-10-20T18:00:00Z	60.3	2.9	1	0.114	105	0
CKT-1170	2025-10-20T19:00:00Z	60.2	4.3	1.7	0.127	106	0
CKT-1170	2025-10-20T20:00:00Z	58.6	4.3	1	0.113	104	0
CKT-1170	2025-10-20T21:00:00Z	60.5	4.2	1.9	0.128	109	0
CKT-1170	2025-10-20T22:00:00Z	60.7	4.8	2.6	0.094	109	0
CKT-1170	2025-10-20T23:00:00Z	59.8	4.3	1.6	0.055	120	0
CKT-1170	2025-10-21T00:00:00Z	61.8	4.7	2.3	0.09	119	0
CKT-1170	2025-10-21T01:00:00Z	62.2	3.3	1.5	0.081	125	0
CKT-1170	2025-10-21T02:00:00Z	60.1	3.6	1.4	0.087	123	0
CKT-1170	2025-10-21T03:00:00Z	58.8	3.3	1.7	0.076	127	0
CKT-1170	2025-10-21T04:00:00Z	60.4	4.5	1.8	0.075	131	0
CKT-1170	2025-10-21T05:00:00Z	63.6	3.4	1.3	0.058	139	0
CKT-1170	2025-10-21T06:00:00Z	60.8	3.5	1.5	0.062	141	0
CKT-1170	2025-10-21T07:00:00Z	60.9	3.6	1.1	0.049	151	0
CKT-1170	2025-10-21T08:00:00Z	62.2	4.4	1.5	0.054	145	0
CKT-1170	2025-10-21T09:00:00Z	62.6	4.2	1.5	0.04	147	0
CKT-1170	2025-10-21T10:00:00Z	62	5.3	2	0.029	142	0
CKT-1170	2025-10-21T11:00:00Z	61.4	3.4	1.2	0.019	149	0
CKT-1171	2025-10-19T12:00:00Z	72.3	2.1	6	0.232	189	0
CKT-1171	2025-10-19T13:00:00Z	75.7	1.5	6	0.257	184	0
CKT-1171	2025-10-19T14:00:00Z	74.6	1.4	4.8	0.23	194	0
CKT-1171	2025-10-19T15:00:00Z	73.8	1	6.1	0.251	187	0
CKT-1171	2025-10-19T16:00:00Z	75	2	6.4	0.237	190	0
CKT-1171	2025-10-19T17:00:00Z	77.1	1.1	6.5	0.271	181	0
CKT-1171	2025-10-19T18:00:00Z	77.9	1	5.4	0.263	194	0
CKT-1171	2025-10-19T19:00:00Z	75.8	1	5.7	0.243	194	0
CKT-1171	2025-10-19T20:00:00Z	75.2	1	5.1	0.239	190	0
CKT-1171	2025-10-19T21:00:00Z	74.3	1	6.4	0.232	185	0
CKT-1171	2025-10-19T22:00:00Z	78.5	1.9	6.4	0.263	199	0
CKT-1171	2025-10-19T23:00:00Z	77.6	1.2	5.4	0.229	193	0
CKT-1171	2025-10-20T00:00:00Z	74.8	1	5.9	0.283	187	0
CKT-1171	2025-10-20T01:00:00Z	76.6	1	5.8	0.275	191	0
CKT-1171	2025-10-20T02:00:00Z	76.4	1.5	6.4	0.246	203	0
CKT-1171	2025-10-20T03:00:00Z	76.2	1.7	6	0.273	208	0
CKT-1171	2025-10-20T04:00:00Z	76.6	1.4	6	0.247	195	0
CKT-1171	2025-10-20T05:00:00Z	77.2	1	5.8	0.197	206	0
CKT-1171	2025-10-20T06:00:00Z	79.8	1.8	5.8	0.236	193	0
CKT-1171	2025-10-20T07:00:00Z	78.5	2.2	6.4	0.279	204	0
CKT-1171	2025-10-20T08:00:00Z	76.5	2	6.8	0.243	207	0
CKT-1171	2025-10-20T09:00:00Z	77.6	1.3	6.6	0.271	208	0
CKT-1171	2025-10-20T10:00:00Z	76.7	1.8	5.8	0.261	204	0
CKT-1171	2025-10-20T11:00:00Z	79.6	1.4	6.3	0.294	203	0
CKT-1171	2025-10-20T12:00:00Z	77.6	1	6.4	0.248	205	0
CKT-1171	2025-10-20T13:00:00Z	78.8	1	6.1	0.236	205	0
CKT-1171	2025-10-20T14:00:00Z	77.2	2.7	7.3	0.296	202	0
CKT-1171	2025-10-20T15:00:00Z	78.5	1	7.6	0.286	204	0
CKT-1171	2025-10-20T16:00:00Z	79.4	1	6.6	0.267	214	0
CKT-1171	2025-10-20T17:00:00Z	80.5	1.4	6.6	0.207	219	0
CKT-1171	2025-10-20T18:00:00Z	78.2	1.5	7.9	0.249	213	0
CKT-1171	2025-10-20T19:00:00Z	80.1	2.1	6.8	0.297	211	0
CKT-1171	2025-10-20T20:00:00Z	80.3	1.7	6.8	0.281	210	0
CKT-1171	2025-10-20T21:00:00Z	79.2	1	6.7	0.298	218	0
CKT-1171	2025-10-20T22:00:00Z	80.3	1	7.1	0.275	219	0
CKT-1171	2025-10-20T23:00:00Z	82	1.2	6.8	0.296	214	0
CKT-1171	2025-10-21T00:00:00Z	80.2	1	6.9	0.304	220	0
CKT-1171	2025-10-21T01:00:00Z	81.6	2	7.7	0.272	224	0
CKT-1171	2025-10-21T02:00:00Z	83.8	1.4	6.4	0.268	223	0
CKT-1171	2025-10-21T03:00:00Z	78.1	1	7	0.283	230	0
CKT-1171	2025-10-21T04:00:00Z	81.7	1	9.1	0.282	214	0
CKT-1171	2025-10-21T05:00:00Z	79.3	1	6.5	0.293	210	0
CKT-1171	2025-10-21T06:00:00Z	82.5	1.9	7	0.302	219	0
CKT-1171	2025-10-21T07:00:00Z	79.9	1.8	7.2	0.273	225	0
CKT-1171	2025-10-21T08:00:00Z	83.3	2.2	7.6	0.279	229	0
CKT-1171	2025-10-21T09:00:00Z	80.2	2.1	7.9	0.326	223	0
CKT-1171	2025-10-21T10:00:00Z	80.2	1.8	7.3	0.308	235	0
CKT-1171	2025-10-21T11:00:00Z	84.3	1.5	7.9	0.279	231	0
CKT-1172	2025-10-19T12:00:00Z	66.1	6.4	10.6	0	138	0
CKT-1172	2025-10-19T13:00:00Z	68.6	7.5	9.9	0	152	0
CKT-1172	2025-10-19T14:00:00Z	66.5	8.1	9.5	0	151	0
CKT-1172	2025-10-19T15:00:00Z	69.7	6.8	9.9	0	151	0
CKT-1172	2025-10-19T16:00:00Z	67.4	7.7	10.2	0	149	0
CKT-1172	2025-10-19T17:00:00Z	68.7	7	9.9	0	145	0
CKT-1172	2025-10-19T18:00:00Z	68.5	7.8	9.8	0	147	0
CKT-1172	2025-10-19T19:00:00Z	70.5	8.6	9.6	0	144	0
CKT-1172	2025-10-19T20:00:00Z	69	8.1	10.2	0	155	0
CKT-1172	2025-10-19T21:00:00Z	68	8.2	10.2	0	150	0
CKT-1172	2025-10-19T22:00:00Z	71.2	7.9	10	0	149	0
CKT-1172	2025-10-19T23:00:00Z	69.3	8.3	10.4	0	147	0
CKT-1172	2025-10-20T00:00:00Z	71	8	10.5	0	145	0
CKT-1172	2025-10-20T01:00:00Z	70.2	7.2	10	0	153	0
CKT-1172	2025-10-20T02:00:00Z	69.8	7.7	9.8	0	152	0
CKT-1172	2025-10-20T03:00:00Z	71.7	6.8	10.5	0	150	0
CKT-1172	2025-10-20T04:00:00Z	70.5	8	10	0	143	0
CKT-1172	2025-10-20T05:00:00Z	70.7	7.6	10.5	0	146	0
CKT-1172	2025-10-20T06:00:00Z	72.5	7.9	10.6	0	144	0
CKT-1172	2025-10-20T07:00:00Z	73.1	7.9	10.5	0	151	0
CKT-1172	2025-10-20T08:00:00Z	68.9	7.7	11.5	0.021	146	0
CKT-1172	2025-10-20T09:00:00Z	72.1	7.5	10.6	0	144	0
CKT-1172	2025-10-20T10:00:00Z	70.3	8.7	10.2	0.033	144	0
CKT-1172	2025-10-20T11:00:00Z	70.6	7.9	9.8	0.034	146	0
CKT-1172	2025-10-20T12:00:00Z	70.7	7.2	11.5	0.031	146	0
CKT-1172	2025-10-20T13:00:00Z	73.1	7.2	11.1	0.043	140	0
CKT-1172	2025-10-20T14:00:00Z	71.2	7	10.6	0.039	142	0
CKT-1172	2025-10-20T15:00:00Z	72.6	7.7	11.2	0.089	147	0
CKT-1172	2025-10-20T16:00:00Z	73.1	6.9	10.9	0.085	151	0
CKT-1172	2025-10-20T17:00:00Z	72.1	7.5	10.5	0.116	148	0
CKT-1172	2025-10-20T18:00:00Z	70.5	8.1	10.4	0.121	149	0
CKT-1172	2025-10-20T19:00:00Z	74.8	8.3	11.1	0.133	151	0
CKT-1172	2025-10-20T20:00:00Z	72.1	7	10.3	0.136	135	0
CKT-1172	2025-10-20T21:00:00Z	73.3	7.5	11.3	0.13	145	0
CKT-1172	2025-10-20T22:00:00Z	75.5	7.7	10.6	0.134	148	0
CKT-1172	2025-10-20T23:00:00Z	73.2	7.5	11.5	0.155	144	0
CKT-1172	2025-10-21T00:00:00Z	72.4	7.8	10.5	0.158	142	0
CKT-1172	2025-10-21T01:00:00Z	74.4	6.9	11	0.166	150	0
CKT-1172	2025-10-21T02:00:00Z	75	7.8	11.2	0.219	153	0
CKT-1172	2025-10-21T03:00:00Z	72.5	7.3	10.6	0.212	144	0
CKT-1172	2025-10-21T04:00:00Z	73.8	7.3	11	0.223	140	0
CKT-1172	2025-10-21T05:00:00Z	74.1	6.6	9.7	0.231	148	0
CKT-1172	2025-10-21T06:00:00Z	75.3	8.7	10.1	0.191	141	0
CKT-1172	2025-10-21T07:00:00Z	72	7.3	11.2	0.249	152	0
CKT-1172	2025-10-21T08:00:00Z	76	7.5	10.7	0.263	139	0
CKT-1172	2025-10-21T09:00:00Z	70.8	7.9	11.1	0.297	150	0
CKT-1172	2025-10-21T10:00:00Z	76.3	7.5	10.6	0.271	151	0
CKT-1172	2025-10-21T11:00:00Z	76.7	8.3	11.1	0.27	152	0
CKT-1173	2025-10-19T12:00:00Z	74.8	7.9	12.1	0	79	0
CKT-1173	2025-10-19T13:00:00Z	73.6	7.5	12.1	0	92	0
CKT-1173	2025-10-19T14:00:00Z	71.2	7.1	11.9	0	99	0
CKT-1173	2025-10-19T15:00:00Z	73.1	7.1	11.8	0	86	0
CKT-1173	2025-10-19T16:00:00Z	75	8.2	12.2	0	92	0
CKT-1173	2025-10-19T17:00:00Z	73.8	8.2	13.1	0	96	0
CKT-1173	2025-10-19T18:00:00Z	74.5	7.6	12.4	0	103	0
CKT-1173	2025-10-19T19:00:00Z	75.8	7.3	12.6	0	98	0
CKT-1173	2025-10-19T20:00:00Z	73.6	6.2	12.2	0	92	0
CKT-1173	2025-10-19T21:00:00Z	76	7.3	12.8	0	111	0
CKT-1173	2025-10-19T22:00:00Z	77.8	7	13.3	0	99	0
CKT-1173	2025-10-19T23:00:00Z	75.9	6.7	12.8	0	114	0
CKT-1173	2025-10-20T00:00:00Z	79.2	7.8	13.3	0	111	0
CKT-1173	2025-10-20T01:00:00Z	80.1	7.6	13.5	0	111	0
CKT-1173	2025-10-20T02:00:00Z	78.2	6.9	14	0	112	0
CKT-1173	2025-10-20T03:00:00Z	79.4	8.1	13.6	0	113	0
CKT-1173	2025-10-20T04:00:00Z	78.4	7.9	14.1	0	116	0
CKT-1173	2025-10-20T05:00:00Z	77.8	8.2	13.6	0	116	0
CKT-1173	2025-10-20T06:00:00Z	77.4	7.4	14.4	0	127	0
CKT-1173	2025-10-20T07:00:00Z	82.3	8.1	13.2	0.005	121	0
CKT-1173	2025-10-20T08:00:00Z	83.2	7.2	14.3	0	120	0
CKT-1173	2025-10-20T09:00:00Z	78.6	6.1	16	0	118	0
CKT-1173	2025-10-20T10:00:00Z	82.3	6.7	13.8	0	130	0
CKT-1173	2025-10-20T11:00:00Z	80.2	8	14.7	0	128	0
CKT-1173	2025-10-20T12:00:00Z	81.7	7	14.5	0	140	0
CKT-1173	2025-10-20T13:00:00Z	81.9	6.2	15.1	0	134	0
CKT-1173	2025-10-20T14:00:00Z	82.5	8.5	15	0.026	140	0
CKT-1173	2025-10-20T15:00:00Z	81.2	7.7	14.9	0	132	0
CKT-1173	2025-10-20T16:00:00Z	84.8	9.2	15	0.023	142	0
CKT-1173	2025-10-20T17:00:00Z	83.2	8.4	16.7	0.012	151	0
CKT-1173	2025-10-20T18:00:00Z	83.5	7	15.6	0.046	144	0
CKT-1173	2025-10-20T19:00:00Z	85.8	7.7	16.5	0.044	154	0
CKT-1173	2025-10-20T20:00:00Z	83.8	7.5	16	0.021	143	0
CKT-1173	2025-10-20T21:00:00Z	86	8	16.1	0.064	145	0
CKT-1173	2025-10-20T22:00:00Z	85.2	6.9	16.3	0.058	159	0
CKT-1173	2025-10-20T23:00:00Z	84.4	7.8	17.1	0.033	148	0
CKT-1173	2025-10-21T00:00:00Z	84.3	7.9	16.1	0.067	155	0
CKT-1173	2025-10-21T01:00:00Z	89.5	8	16.2	0.056	162	0
CKT-1173	2025-10-21T02:00:00Z	85.6	8.3	16.6	0.083	160	0
CKT-1173	2025-10-21T03:00:00Z	86.8	7.2	17.8	0.066	178	0
CKT-1173	2025-10-21T04:00:00Z	88.2	7.1	16.2	0.101	164	0
CKT-1173	2025-10-21T05:00:00Z	89.5	9	17.5	0.088	173	0
CKT-1173	2025-10-21T06:00:00Z	89.9	6.8	18	0.085	176	0
CKT-1173	2025-10-21T07:00:00Z	89.8	8.3	17.3	0.06	173	0
CKT-1173	2025-10-21T08:00:00Z	90.8	7.2	17.5	0.051	172	0
CKT-1173	2025-10-21T09:00:00Z	87.9	7.9	17.9	0.101	181	0
CKT-1173	2025-10-21T10:00:00Z	90.5	7.7	18	0.094	181	0
CKT-1173	2025-10-21T11:00:00Z	89.1	7.8	18.6	0.089	172	0
CKT-1174	2025-10-19T12:00:00Z	37.3	9	0.5	0.014	240	0
CKT-1174	2025-10-19T13:00:00Z	39.8	8.2	0.3	0.022	241	0
CKT-1174	2025-10-19T14:00:00Z	37.5	8.8	0	0	238	0
CKT-1174	2025-10-19T15:00:00Z	36.6	8.6	0.8	0.069	235	0
CKT-1174	2025-10-19T16:00:00Z	39.3	9.6	1.4	0.004	238	0
CKT-1174	2025-10-19T17:00:00Z	36.6	10	1.4	0.016	246	0
CKT-1174	2025-10-19T18:00:00Z	36.5	9.2	1.7	0.026	237	0
CKT-1174	2025-10-19T19:00:00Z	38.2	8.5	2.1	0.012	244	0
CKT-1174	2025-10-19T20:00:00Z	38.4	9.2	1.7	0.039	240	0
CKT-1174	2025-10-19T21:00:00Z	31.9	8.3	2	0.021	241	0
CKT-1174	2025-10-19T22:00:00Z	38.9	9.2	1.1	0.019	244	0
CKT-1174	2025-10-19T23:00:00Z	36.7	9	2	0.033	236	0
CKT-1174	2025-10-20T00:00:00Z	37.3	9.1	2.5	0.022	239	0
CKT-1174	2025-10-20T01:00:00Z	38.2	9.2	3.1	0	233	0
CKT-1174	2025-10-20T02:00:00Z	36.3	9.3	3.1	0	241	0
CKT-1174	2025-10-20T03:00:00Z	35.1	9.2	3.1	0.005	235	0
CKT-1174	2025-10-20T04:00:00Z	36.2	8.9	2.6	0.02	243	0
CKT-1174	2025-10-20T05:00:00Z	37.2	9	3.1	0.01	237	0
CKT-1174	2025-10-20T06:00:00Z	36	9.4	3.4	0	241	0
CKT-1174	2025-10-20T07:00:00Z	36.3	8.9	3.1	0	234	0
CKT-1174	2025-10-20T08:00:00Z	34.7	8.5	3.3	0.047	245	0
CKT-1174	2025-10-20T09:00:00Z	35.9	8.8	4.9	0.036	234	0
CKT-1174	2025-10-20T10:00:00Z	35.7	8.7	4.1	0	237	0
CKT-1174	2025-10-20T11:00:00Z	35.6	9	5.1	0	242	0
CKT-1174	2025-10-20T12:00:00Z	33.5	9	5.1	0.011	236	0
CKT-1174	2025-10-20T13:00:00Z	35.5	9.8	4.4	0.01	242	0
CKT-1174	2025-10-20T14:00:00Z	34.3	9.9	5.9	0.02	243	0
CKT-1174	2025-10-20T15:00:00Z	32.2	8	5	0	241	0
CKT-1174	2025-10-20T16:00:00Z	30.4	9.2	5.2	0	247	0
CKT-1174	2025-10-20T17:00:00Z	34.1	7.9	5.7	0.002	237	0
CKT-1174	2025-10-20T18:00:00Z	38	9	6.1	0	244	0
CKT-1174	2025-10-20T19:00:00Z	33.9	8.2	6.2	0	241	0
CKT-1174	2025-10-20T20:00:00Z	33.4	9.1	5.2	0	234	0
CKT-1174	2025-10-20T21:00:00Z	34.9	8.5	5.4	0	240	0
CKT-1174	2025-10-20T22:00:00Z	34.3	8.4	6.7	0.021	242	0
CKT-1174	2025-10-20T23:00:00Z	30.5	9	6.4	0	231	0
CKT-1174	2025-10-21T00:00:00Z	35.1	8.9	6.7	0	243	0
CKT-1174	2025-10-21T01:00:00Z	31.9	8.3	6.7	0	233	0
CKT-1174	2025-10-21T02:00:00Z	35.2	8.3	7.4	0	237	0
CKT-1174	2025-10-21T03:00:00Z	31.4	8.9	6.1	0	239	0
CKT-1174	2025-10-21T04:00:00Z	34.7	8.7	7.1	0	235	0
CKT-1174	2025-10-21T05:00:00Z	34.3	9	7.5	0	238	0
CKT-1174	2025-10-21T06:00:00Z	31.2	8.2	8	0	236	0
CKT-1174	2025-10-21T07:00:00Z	32.9	8.2	7.1	0	228	0
CKT-1174	2025-10-21T08:00:00Z	33.9	9.1	7.7	0	243	0
CKT-1174	2025-10-21T09:00:00Z	33.6	8.5	8.8	0	239	0
CKT-1174	2025-10-21T10:00:00Z	31.2	7.9	7.6	0.019	233	0
CKT-1174	2025-10-21T11:00:00Z	32.8	9.1	8.6	0	237	0
CKT-1175	2025-10-19T12:00:00Z	76.9	13.1	9.8	0.203	21	0
CKT-1175	2025-10-19T13:00:00Z	79.9	12.7	10.6	0.199	16	0
CKT-1175	2025-10-19T14:00:00Z	78.2	14.1	10.3	0.187	22	0
CKT-1175	2025-10-19T15:00:00Z	77.6	14.3	10.5	0.182	26	0
CKT-1175	2025-10-19T16:00:00Z	78.6	13.5	10.3	0.221	22	0
CKT-1175	2025-10-19T17:00:00Z	77.3	13	10	0.207	20	0
CKT-1175	2025-10-19T18:00:00Z	77.5	12.8	10	0.165	25	0
CKT-1175	2025-10-19T19:00:00Z	78.8	12.6	10.2	0.19	17	0
CKT-1175	2025-10-19T20:00:00Z	79.1	13.8	10	0.184	18	0
CKT-1175	2025-10-19T21:00:00Z	80.1	13.2	10.3	0.208	23	0
CKT-1175	2025-10-19T22:00:00Z	82.1	12.1	11	0.218	33	0
CKT-1175	2025-10-19T23:00:00Z	77.9	13.2	9.8	0.217	22	0
CKT-1175	2025-10-20T00:00:00Z	80.2	13.4	9.6	0.189	22	0
CKT-1175	2025-10-20T01:00:00Z	79.1	12.9	8.9	0.2	15	0
CKT-1175	2025-10-20T02:00:00Z	80.1	12.3	9.5	0.217	17	0
CKT-1175	2025-10-20T03:00:00Z	79	13.4	9.9	0.207	17	0
CKT-1175	2025-10-20T04:00:00Z	79.8	12.8	9.4	0.164	15	0
CKT-1175	2025-10-20T05:00:00Z	82.9	13.1	10	0.218	18	0
CKT-1175	2025-10-20T06:00:00Z	80.8	13.5	9.7	0.218	19	0
CKT-1175	2025-10-20T07:00:00Z	81.7	12.8	9.2	0.184	19	0
CKT-1175	2025-10-20T08:00:00Z	81.6	12.7	9.6	0.169	21	0
CKT-1175	2025-10-20T09:00:00Z	80.7	12.4	8.8	0.207	8	0
CKT-1175	2025-10-20T10:00:00Z	82.6	13	8.6	0.201	13	0
CKT-1175	2025-10-20T11:00:00Z	82.5	12.2	10.1	0.214	21	0
CKT-1175	2025-10-20T12:00:00Z	81.5	12.8	8.9	0.202	21	0
CKT-1175	2025-10-20T13:00:00Z	83.5	13.2	8.9	0.203	16	0
CKT-1175	2025-10-20T14:00:00Z	81.8	14.1	9.1	0.232	18	0
CKT-1175	2025-10-20T15:00:00Z	87.3	13	9.4	0.197	20	0
CKT-1175	2025-10-20T16:00:00Z	83.8	12.7	9.3	0.196	24	0
CKT-1175	2025-10-20T17:00:00Z	85.6	13.8	8.9	0.165	18	0
CKT-1175	2025-10-20T18:00:00Z	84.5	13	9.3	0.218	19	0
CKT-1175	2025-10-20T19:00:00Z	88.4	12.7	8.5	0.173	12	0
CKT-1175	2025-10-20T20:00:00Z	83.3	13.6	8.9	0.177	20	0
CKT-1175	2025-10-20T21:00:00Z	86.5	11.7	9.4	0.216	24	0
CKT-1175	2025-10-20T22:00:00Z	87.4	11.7	8.4	0.22	19	0
CKT-1175	2025-10-20T23:00:00Z	87	13.8	8.8	0.189	22	0
CKT-1175	2025-10-21T00:00:00Z	83.6	13.2	8.7	0.197	25	0
CKT-1175	2025-10-21T01:00:00Z	86.8	13	9.2	0.175	26	0
CKT-1175	2025-10-21T02:00:00Z	88.7	13.5	8.1	0.201	15	0
CKT-1175	2025-10-21T03:00:00Z	86.1	13	7.8	0.189	14	0
CKT-1175	2025-10-21T04:00:00Z	88.2	13.9	9.3	0.173	15	0
CKT-1175	2025-10-21T05:00:00Z	87.4	13.4	8.1	0.215	23	0
CKT-1175	2025-10-21T06:00:00Z	85.3	13.1	7.5	0.184	18	0
CKT-1175	2025-10-21T07:00:00Z	89.3	13	7.8	0.237	16	0
CKT-1175	2025-10-21T08:00:00Z	88.9	13.4	8.1	0.177	15	0
CKT-1175	2025-10-21T09:00:00Z	89.7	13.6	7.9	0.168	20	0
CKT-1175	2025-10-21T10:00:00Z	91.3	12.4	7.7	0.196	25	0
CKT-1175	2025-10-21T11:00:00Z	88.5	13.3	8.5	0.165	13	0
CKT-1176	2025-10-19T12:00:00Z	35.7	13.1	2.5	0.161	153	0
CKT-1176	2025-10-19T13:00:00Z	39	14.3	3.8	0.102	150	0
CKT-1176	2025-10-19T14:00:00Z	34.3	14.9	2.3	0.167	160	0
CKT-1176	2025-10-19T15:00:00Z	36.6	14.4	2.5	0.163	157	0
CKT-1176	2025-10-19T16:00:00Z	37.5	15.3	3	0.181	164	0
CKT-1176	2025-10-19T17:00:00Z	37.3	13.6	2.9	0.145	173	0
CKT-1176	2025-10-19T18:00:00Z	35.9	14.8	3.3	0.156	162	0
CKT-1176	2025-10-19T19:00:00Z	33.6	14.2	3.3	0.15	173	0
CKT-1176	2025-10-19T20:00:00Z	39.5	15.3	3.6	0.172	178	0
CKT-1176	2025-10-19T21:00:00Z	36.9	14.8	3.8	0.177	175	0
CKT-1176	2025-10-19T22:00:00Z	37.1	13	3.9	0.138	182	0
CKT-1176	2025-10-19T23:00:00Z	35.2	15.2	4	0.183	186	0
CKT-1176	2025-10-20T00:00:00Z	35.4	15.1	4.4	0.177	181	0
CKT-1176	2025-10-20T01:00:00Z	36.1	14.3	3.6	0.182	187	0
CKT-1176	2025-10-20T02:00:00Z	36.4	14.3	4.5	0.196	195	0
CKT-1176	2025-10-20T03:00:00Z	37.1	14.3	4.7	0.144	194	0
CKT-1176	2025-10-20T04:00:00Z	36	14.4	4.2	0.214	202	0
CKT-1176	2025-10-20T05:00:00Z	34.8	14.5	4	0.217	199	0
CKT-1176	2025-10-20T06:00:00Z	35.7	13.3	4.7	0.189	197	0
CKT-1176	2025-10-20T07:00:00Z	37.3	15	5	0.187	207	0
CKT-1176	2025-10-20T08:00:00Z	38.1	14.3	5.1	0.212	209	0
CKT-1176	2025-10-20T09:00:00Z	36.1	14.7	5.4	0.213	217	0
CKT-1176	2025-10-20T10:00:00Z	35	14.3	4.5	0.206	210	0
CKT-1176	2025-10-20T11:00:00Z	36.2	14.7	5.3	0.221	219	0
CKT-1176	2025-10-20T12:00:00Z	34.2	14.7	4.3	0.223	222	0
CKT-1176	2025-10-20T13:00:00Z	38	14.5	5.5	0.271	236	0
CKT-1176	2025-10-20T14:00:00Z	37.4	14.3	5.6	0.233	230	0
CKT-1176	2025-10-20T15:00:00Z	39.3	12.9	5.7	0.28	233	0
CKT-1176	2025-10-20T16:00:00Z	38.1	13.4	6.2	0.274	235	0
CKT-1176	2025-10-20T17:00:00Z	36.5	14.6	5.5	0.235	242	0
CKT-1176	2025-10-20T18:00:00Z	39.2	13.9	5.5	0.245	241	0
CKT-1176	2025-10-20T19:00:00Z	35.9	15.1	6	0.274	240	0
CKT-1176	2025-10-20T20:00:00Z	38.5	14.8	5.5	0.257	246	0
CKT-1176	2025-10-20T21:00:00Z	36.9	14.9	6.2	0.289	252	0
CKT-1176	2025-10-20T22:00:00Z	37.6	14.8	5.8	0.278	249	0
CKT-1176	2025-10-20T23:00:00Z	37.7	14.1	6.7	0.284	256	0
CKT-1176	2025-10-21T00:00:00Z	38.1	14.7	6.2	0.298	251	0
CKT-1176	2025-10-21T01:00:00Z	33.7	15.6	6.5	0.283	252	0
CKT-1176	2025-10-21T02:00:00Z	37.3	14.5	7.2	0.272	262	0
CKT-1176	2025-10-21T03:00:00Z	38.6	14.5	7.2	0.316	267	0
CKT-1176	2025-10-21T04:00:00Z	40.2	14.2	7.6	0.319	262	0
CKT-1176	2025-10-21T05:00:00Z	38.8	14	6.9	0.3	274	0
CKT-1176	2025-10-21T06:00:00Z	35.8	14.4	7.4	0.334	273	0
CKT-1176	2025-10-21T07:00:00Z	40	14.6	7.6	0.343	289	0
CKT-1176	2025-10-21T08:00:00Z	38	13.9	8	0.293	276	0
CKT-1176	2025-10-21T09:00:00Z	40.3	14.7	7.4	0.388	279	0
CKT-1176	2025-10-21T10:00:00Z	39.3	13.9	8.9	0.319	287	0
CKT-1176	2025-10-21T11:00:00Z	35.7	15.6	7.8	0.344	292	0
CKT-1177	2025-10-19T12:00:00Z	95.2	19.8	7.5	0.334	21	0
CKT-1177	2025-10-19T13:00:00Z	94.8	20.7	7.6	0.337	18	0
CKT-1177	2025-10-19T14:00:00Z	96.7	19.4	7	0.356	21	0
CKT-1177	2025-10-19T15:00:00Z	98.7	19.7	7.5	0.363	25	0
CKT-1177	2025-10-19T16:00:00Z	96.4	20.5	6.7	0.371	17	0
CKT-1177	2025-10-19T17:00:00Z	97.6	20.5	7.4	0.4	22	0
CKT-1177	2025-10-19T18:00:00Z	99.3	19.5	6.7	0.39	28	0
CKT-1177	2025-10-19T19:00:00Z	97.2	20.3	6.9	0.403	19	0
CKT-1177	2025-10-19T20:00:00Z	97.5	19.9	6.8	0.389	17	0
CKT-1177	2025-10-19T21:00:00Z	95	20.4	7	0.374	24	0
CKT-1177	2025-10-19T22:00:00Z	97.8	20.6	6.3	0.434	21	0
CKT-1177	2025-10-19T23:00:00Z	97.4	20.4	6.8	0.407	29	0
CKT-1177	2025-10-20T00:00:00Z	97.1	18.5	6.1	0.451	16	0
CKT-1177	2025-10-20T01:00:00Z	95.7	19.6	5.6	0.477	24	0
CKT-1177	2025-10-20T02:00:00Z	99.9	20	6.6	0.441	23	0
CKT-1177	2025-10-20T03:00:00Z	96.6	20.4	6.2	0.485	23	0
CKT-1177	2025-10-20T04:00:00Z	96.8	19.9	5.1	0.495	21	0
CKT-1177	2025-10-20T05:00:00Z	98.5	21.2	5.7	0.507	21	0
CKT-1177	2025-10-20T06:00:00Z	97.6	20.6	5.9	0.468	21	0
CKT-1177	2025-10-20T07:00:00Z	98	20.2	5.6	0.496	22	0
CKT-1177	2025-10-20T08:00:00Z	96.6	19.3	5.6	0.522	28	0
CKT-1177	2025-10-20T09:00:00Z	99.1	19.8	4.7	0.527	30	0
CKT-1177	2025-10-20T10:00:00Z	98.8	19.8	4.2	0.49	28	0
CKT-1177	2025-10-20T11:00:00Z	100	20.4	4.6	0.575	26	0
CKT-1177	2025-10-20T12:00:00Z	100	20	4.4	0.545	28	0
CKT-1177	2025-10-20T13:00:00Z	98.5	20.2	3.7	0.566	35	0
CKT-1177	2025-10-20T14:00:00Z	100	20.6	4.4	0.518	23	0
CKT-1177	2025-10-20T15:00:00Z	100	18.7	3.7	0.572	17	0
CKT-1177	2025-10-20T16:00:00Z	99	20.7	1.9	0.588	29	0
CKT-1177	2025-10-20T17:00:00Z	100	20.8	3.3	0.573	23	0
CKT-1177	2025-10-20T18:00:00Z	100	19.6	3.3	0.585	19	0
CKT-1177	2025-10-20T19:00:00Z	99.1	20.2	2.8	0.584	18	0
CKT-1177	2025-10-20T20:00:00Z	100	20.3	3.5	0.622	26	0
CKT-1177	2025-10-20T21:00:00Z	100	20.2	3.2	0.612	18	0
CKT-1177	2025-10-20T22:00:00Z	100	20	3.3	0.614	21	0
CKT-1177	2025-10-20T23:00:00Z	99.2	20.3	2.4	0.634	33	0
CKT-1177	2025-10-21T00:00:00Z	100	20.3	1.9	0.616	28	0
CKT-1177	2025-10-21T01:00:00Z	98.2	19.6	2	0.644	21	0
CKT-1177	2025-10-21T02:00:00Z	100	19.2	2.3	0.693	15	0
CKT-1177	2025-10-21T03:00:00Z	100	20.2	2.3	0.676	21	0
CKT-1177	2025-10-21T04:00:00Z	100	20.1	1	0.685	24	0
CKT-1177	2025-10-21T05:00:00Z	100	19.8	2	0.681	25	0
CKT-1177	2025-10-21T06:00:00Z	100	19.2	1.9	0.73	18	0
CKT-1177	2025-10-21T07:00:00Z	100	19.9	0.4	0.687	27	0
CKT-1177	2025-10-21T08:00:00Z	99.9	19.5	1.3	0.733	24	0
CKT-1177	2025-10-21T09:00:00Z	100	19.4	1.2	0.742	27	0
CKT-1177	2025-10-21T10:00:00Z	100	19.7	1.4	0.724	23	0
CKT-1177	2025-10-21T11:00:00Z	100	20.5	1.2	0.753	23	0
CKT-1178	2025-10-19T12:00:00Z	46.5	14.2	0.3	0	156	0
CKT-1178	2025-10-19T13:00:00Z	44.3	14.5	0.3	0	163	0
CKT-1178	2025-10-19T14:00:00Z	51	14	1.3	0	163	0
CKT-1178	2025-10-19T15:00:00Z	47.4	14.1	0.4	0	172	0
CKT-1178	2025-10-19T16:00:00Z	49.3	14.8	0.7	0.002	169	0
CKT-1178	2025-10-19T17:00:00Z	44.9	14	1	0	178	0
CKT-1178	2025-10-19T18:00:00Z	47	13.7	1.4	0	174	0
CKT-1178	2025-10-19T19:00:00Z	47.5	14.4	1.3	0.031	179	0
CKT-1178	2025-10-19T20:00:00Z	45.1	14	1.9	0.038	174	0
CKT-1178	2025-10-19T21:00:00Z	47	14.1	1	0.022	188	0
CKT-1178	2025-10-19T22:00:00Z	49	13.1	2.6	0.006	195	0
CKT-1178	2025-10-19T23:00:00Z	46.7	13.7	2.5	0.031	194	0
CKT-1178	2025-10-20T00:00:00Z	47	11.8	2.1	0.06	200	0
CKT-1178	2025-10-20T01:00:00Z	47.8	14.8	2.3	0.077	201	0
CKT-1178	2025-10-20T02:00:00Z	45	14.8	3.1	0.063	199	0
CKT-1178	2025-10-20T03:00:00Z	46	14.5	3.3	0.087	204	0
CKT-1178	2025-10-20T04:00:00Z	48	13.9	3.9	0.094	207	0
CKT-1178	2025-10-20T05:00:00Z	47.6	13.1	2.6	0.081	216	0
CKT-1178	2025-10-20T06:00:00Z	46.9	13.7	3.3	0.068	208	0
CKT-1178	2025-10-20T07:00:00Z	48.5	13.8	3.7	0.088	217	0
CKT-1178	2025-10-20T08:00:00Z	48.8	13	3.8	0.105	221	0
CKT-1178	2025-10-20T09:00:00Z	48.5	14.6	3.7	0.121	232	0
CKT-1178	2025-10-20T10:00:00Z	48.6	14.2	4.9	0.108	220	0
CKT-1178	2025-10-20T11:00:00Z	48.7	13.1	5	0.137	219	0
CKT-1178	2025-10-20T12:00:00Z	49	14	5.7	0.158	235	0
CKT-1178	2025-10-20T13:00:00Z	50.7	13.9	5.3	0.133	229	0
CKT-1178	2025-10-20T14:00:00Z	49.1	14.1	5.3	0.143	237	0
CKT-1178	2025-10-20T15:00:00Z	50.5	13.8	5	0.164	244	0
CKT-1178	2025-10-20T16:00:00Z	49.8	13.4	5.8	0.163	237	0
CKT-1178	2025-10-20T17:00:00Z	48.3	14	6.6	0.168	243	0
CKT-1178	2025-10-20T18:00:00Z	49.2	13.7	6	0.184	239	0
CKT-1178	2025-10-20T19:00:00Z	51.7	15.4	6.5	0.159	257	0
CKT-1178	2025-10-20T20:00:00Z	50.2	13.8	6.2	0.174	255	0
CKT-1178	2025-10-20T21:00:00Z	51.3	14.3	7.1	0.182	262	0
CKT-1178	2025-10-20T22:00:00Z	49.8	15.2	6.7	0.202	271	0
CKT-1178	2025-10-20T23:00:00Z	51.8	14.6	7.4	0.202	263	0
CKT-1178	2025-10-21T00:00:00Z	49.5	13.2	7.8	0.176	270	0
CKT-1178	2025-10-21T01:00:00Z	50	13.5	8.4	0.184	266	0
CKT-1178	2025-10-21T02:00:00Z	49.7	14.2	7.6	0.249	266	0
CKT-1178	2025-10-21T03:00:00Z	56.9	13.5	9.6	0.248	275	0
CKT-1178	2025-10-21T04:00:00Z	51.2	13.9	8.5	0.217	282	0
CKT-1178	2025-10-21T05:00:00Z	51.3	13.5	8.7	0.246	278	0
CKT-1178	2025-10-21T06:00:00Z	50.5	14.4	9.2	0.242	289	0
CKT-1178	2025-10-21T07:00:00Z	53	14.9	9.1	0.233	292	0
CKT-1178	2025-10-21T08:00:00Z	51.1	14.4	8.8	0.245	287	0
CKT-1178	2025-10-21T09:00:00Z	49.5	13.8	8.8	0.275	288	0
CKT-1178	2025-10-21T10:00:00Z	50.7	14.1	10.4	0.256	290	0
CKT-1178	2025-10-21T11:00:00Z	49.8	13.6	9.4	0.322	304	0
CKT-1179	2025-10-19T12:00:00Z	68.7	10.3	8.8	0.375	37	0
CKT-1179	2025-10-19T13:00:00Z	65.2	12.2	9.8	0.419	37	0
CKT-1179	2025-10-19T14:00:00Z	68.9	10.2	10	0.416	42	0
CKT-1179	2025-10-19T15:00:00Z	67.4	10.4	10.7	0.397	38	0
CKT-1179	2025-10-19T16:00:00Z	71.3	11.5	10.1	0.392	43	0
CKT-1179	2025-10-19T17:00:00Z	66.9	11.7	11.1	0.401	44	0
CKT-1179	2025-10-19T18:00:00Z	68.2	11	9.9	0.407	41	0
CKT-1179	2025-10-19T19:00:00Z	69.9	11.9	12	0.389	41	0
CKT-1179	2025-10-19T20:00:00Z	67.6	12	10.6	0.418	36	0
CKT-1179	2025-10-19T21:00:00Z	69.9	12.1	10.5	0.372	41	0
CKT-1179	2025-10-19T22:00:00Z	69.1	11.2	11.2	0.38	41	0
CKT-1179	2025-10-19T23:00:00Z	67.6	11.6	11.3	0.388	46	0
CKT-1179	2025-10-20T00:00:00Z	70.6	10.8	11.4	0.411	32	0
CKT-1179	2025-10-20T01:00:00Z	71.5	11.5	11.7	0.394	46	0
CKT-1179	2025-10-20T02:00:00Z	66.3	12	12.8	0.387	39	0
CKT-1179	2025-10-20T03:00:00Z	69.9	11.9	12	0.392	39	0
CKT-1179	2025-10-20T04:00:00Z	70.8	13	12.2	0.393	36	0
CKT-1179	2025-10-20T05:00:00Z	69.2	10.8	11.9	0.414	41	0
CKT-1179	2025-10-20T06:00:00Z	70.3	10.9	12.8	0.366	39	0
CKT-1179	2025-10-20T07:00:00Z	70.8	11.1	12.7	0.378	44	0
CKT-1179	2025-10-20T08:00:00Z	70.7	10.5	13.6	0.398	40	0
CKT-1179	2025-10-20T09:00:00Z	73.1	11.4	13.6	0.395	44	0
CKT-1179	2025-10-20T10:00:00Z	70.4	11	14.1	0.403	46	0
CKT-1179	2025-10-20T11:00:00Z	71.5	10.4	13.9	0.384	46	0
CKT-1179	2025-10-20T12:00:00Z	72.6	11.8	12.9	0.366	38	0
CKT-1179	2025-10-20T13:00:00Z	70.7	11.5	14.9	0.397	35	0
CKT-1179	2025-10-20T14:00:00Z	70.1	10.9	14.3	0.396	44	0
CKT-1179	2025-10-20T15:00:00Z	70.9	11.4	15.3	0.35	43	0
CKT-1179	2025-10-20T16:00:00Z	72.4	11.2	14.7	0.387	38	0
CKT-1179	2025-10-20T17:00:00Z	70.9	11	15.8	0.368	41	0
CKT-1179	2025-10-20T18:00:00Z	73.1	11.3	15	0.386	35	0
CKT-1179	2025-10-20T19:00:00Z	69.8	11	16.1	0.364	40	0
CKT-1179	2025-10-20T20:00:00Z	70.3	12.2	15.2	0.365	39	0
CKT-1179	2025-10-20T21:00:00Z	76.2	11.7	15.5	0.315	46	0
CKT-1179	2025-10-20T22:00:00Z	71.5	10.9	15.4	0.401	39	0
CKT-1179	2025-10-20T23:00:00Z	70.4	11.3	15.5	0.378	38	0
CKT-1179	2025-10-21T00:00:00Z	70.5	11.4	16.1	0.345	30	0
CKT-1179	2025-10-21T01:00:00Z	73.5	11.2	16.2	0.384	30	0
CKT-1179	2025-10-21T02:00:00Z	73.3	11.8	16.4	0.339	36	0
CKT-1179	2025-10-21T03:00:00Z	72.7	10.5	16.8	0.367	36	0
CKT-1179	2025-10-21T04:00:00Z	75	11.1	17.5	0.36	35	0
CKT-1179	2025-10-21T05:00:00Z	72.3	11.5	16.4	0.367	37	0
CKT-1179	2025-10-21T06:00:00Z	73.2	11.4	17.7	0.353	40	0
CKT-1179	2025-10-21T07:00:00Z	74.6	10.7	17.6	0.379	44	0
CKT-1179	2025-10-21T08:00:00Z	72.4	10.8	17.5	0.359	40	0
CKT-1179	2025-10-21T09:00:00Z	73.7	11.5	16.4	0.373	47	0
CKT-1179	2025-10-21T10:00:00Z	73.6	11.5	18.7	0.36	41	0
CKT-1179	2025-10-21T11:00:00Z	77.3	12.6	17.5	0.35	44	0
CKT-1180	2025-10-19T12:00:00Z	60.1	1	4.5	0.292	221	0
CKT-1180	2025-10-19T13:00:00Z	58.6	1.6	5.4	0.237	227	0
CKT-1180	2025-10-19T14:00:00Z	61.2	1.1	5	0.278	221	0
CKT-1180	2025-10-19T15:00:00Z	59.2	2	4.1	0.238	221	0
CKT-1180	2025-10-19T16:00:00Z	59.7	1.4	4.5	0.235	224	0
CKT-1180	2025-10-19T17:00:00Z	57.6	1	5	0.236	220	0
CKT-1180	2025-10-19T18:00:00Z	60.1	1	5.4	0.214	218	0
CKT-1180	2025-10-19T19:00:00Z	62.3	1	5.6	0.188	228	0
CKT-1180	2025-10-19T20:00:00Z	60.4	1	5.4	0.166	215	0
CKT-1180	2025-10-19T21:00:00Z	61.3	1.8	6.2	0.182	221	0
CKT-1180	2025-10-19T22:00:00Z	61.7	2.3	5.4	0.203	213	0
CKT-1180	2025-10-19T23:00:00Z	62.4	1	5.5	0.156	215	0
CKT-1180	2025-10-20T00:00:00Z	61.4	1.7	4.9	0.147	213	0
CKT-1180	2025-10-20T01:00:00Z	62.2	1.9	5.9	0.126	210	0
CKT-1180	2025-10-20T02:00:00Z	63.9	1.8	5.1	0.142	213	0
CKT-1180	2025-10-20T03:00:00Z	60.3	1	5.2	0.117	228	0
CKT-1180	2025-10-20T04:00:00Z	59.8	1.5	6.8	0.121	228	0
CKT-1180	2025-10-20T05:00:00Z	62.8	2.1	5.8	0.11	226	0
CKT-1180	2025-10-20T06:00:00Z	60.3	1	5.8	0.07	221	0
CKT-1180	2025-10-20T07:00:00Z	60.7	1	6.2	0.071	218	0
CKT-1180	2025-10-20T08:00:00Z	60.8	1.5	7.3	0.039	220	0
CKT-1180	2025-10-20T09:00:00Z	59.7	1	7.2	0.091	217	0
CKT-1180	2025-10-20T10:00:00Z	64.7	1	6.7	0.073	214	0
CKT-1180	2025-10-20T11:00:00Z	63.5	1	6.5	0.019	208	0
CKT-1180	2025-10-20T12:00:00Z	64.1	1.1	6.9	0.004	220	0
CKT-1180	2025-10-20T13:00:00Z	63.7	1	7.5	0.012	218	0
CKT-1180	2025-10-20T14:00:00Z	63.8	1	6.5	0	219	0
CKT-1180	2025-10-20T15:00:00Z	62.3	1.7	7.5	0	218	0
CKT-1180	2025-10-20T16:00:00Z	62.8	1.3	7.3	0	212	0
CKT-1180	2025-10-20T17:00:00Z	61.8	1.2	7.5	0	216	0
CKT-1180	2025-10-20T18:00:00Z	61.6	1.8	7.6	0	218	0
CKT-1180	2025-10-20T19:00:00Z	62.2	1	7.8	0	221	0
CKT-1180	2025-10-20T20:00:00Z	63.4	1.2	7.8	0	217	0
CKT-1180	2025-10-20T21:00:00Z	64.7	2.1	8.2	0	215	0
CKT-1180	2025-10-20T22:00:00Z	63.6	1	7.2	0	220	0
CKT-1180	2025-10-20T23:00:00Z	64.5	1	7.7	0	221	0
CKT-1180	2025-10-21T00:00:00Z	64.4	1.5	8.1	0	217	0
CKT-1180	2025-10-21T01:00:00Z	65.1	1	8	0	229	0
CKT-1180	2025-10-21T02:00:00Z	63.1	1	9	0	224	0
CKT-1180	2025-10-21T03:00:00Z	64.7	1	8.5	0	230	0
CKT-1180	2025-10-21T04:00:00Z	61.1	1	8.2	0	224	0
CKT-1180	2025-10-21T05:00:00Z	63.7	1.3	8.5	0	218	0
CKT-1180	2025-10-21T06:00:00Z	64.9	1	8	0	215	0
CKT-1180	2025-10-21T07:00:00Z	63.9	1	8.8	0	226	0
CKT-1180	2025-10-21T08:00:00Z	65.5	1	8.2	0	221	0
CKT-1180	2025-10-21T09:00:00Z	64.8	1	8.3	0	217	0
CKT-1180	2025-10-21T10:00:00Z	62.9	1	8.7	0	218	0
CKT-1180	2025-10-21T11:00:00Z	64.5	1.5	9.4	0	219	0
CKT-1181	2025-10-19T12:00:00Z	80.1	22.7	6.9	0.403	214	0
CKT-1181	2025-10-19T13:00:00Z	81.3	22.9	6.8	0.431	211	0
CKT-1181	2025-10-19T14:00:00Z	81.6	23.4	6.5	0.409	219	0
CKT-1181	2025-10-19T15:00:00Z	80.1	22.3	6.9	0.403	224	0
CKT-1181	2025-10-19T16:00:00Z	80.3	22.2	6.6	0.415	221	0
CKT-1181	2025-10-19T17:00:00Z	81.8	22.4	7.2	0.367	218	0
CKT-1181	2025-10-19T18:00:00Z	81.1	22.3	6.4	0.375	222	0
CKT-1181	2025-10-19T19:00:00Z	81.8	22.4	6.1	0.379	231	0
CKT-1181	2025-10-19T20:00:00Z	82.8	22.4	6.8	0.382	234	0
CKT-1181	2025-10-19T21:00:00Z	81.4	22.6	7.3	0.358	231	0
CKT-1181	2025-10-19T22:00:00Z	83.2	23.1	6.1	0.354	224	0
CKT-1181	2025-10-19T23:00:00Z	83.5	22	6.8	0.336	246	0
CKT-1181	2025-10-20T00:00:00Z	79.2	22.7	7	0.344	238	0
CKT-1181	2025-10-20T01:00:00Z	80.9	22.9	6.9	0.344	245	0
CKT-1181	2025-10-20T02:00:00Z	81.9	23.9	5.9	0.334	238	0
CKT-1181	2025-10-20T03:00:00Z	79.5	23.2	6.3	0.318	237	0
CKT-1181	2025-10-20T04:00:00Z	80.1	23.2	6.5	0.332	242	0
CKT-1181	2025-10-20T05:00:00Z	81.1	23.8	6.1	0.346	244	0
CKT-1181	2025-10-20T06:00:00Z	84	22	6.6	0.308	259	0
CKT-1181	2025-10-20T07:00:00Z	82.6	21.7	5.7	0.33	253	0
CKT-1181	2025-10-20T08:00:00Z	82.4	22.8	6	0.333	247	0
CKT-1181	2025-10-20T09:00:00Z	81.7	22.3	5.8	0.296	250	0
CKT-1181	2025-10-20T10:00:00Z	82.4	21.8	6.3	0.286	256	0
CKT-1181	2025-10-20T11:00:00Z	81.4	22.4	6.7	0.286	261	0
CKT-1181	2025-10-20T12:00:00Z	82.8	22.5	5.4	0.269	266	0
CKT-1181	2025-10-20T13:00:00Z	82.4	22.8	5.7	0.316	257	0
CKT-1181	2025-10-20T14:00:00Z	82	23	5.3	0.26	261	0
CKT-1181	2025-10-20T15:00:00Z	83.1	22.4	5.2	0.238	262	0
CKT-1181	2025-10-20T16:00:00Z	79.6	23.1	6.3	0.263	266	0
CKT-1181	2025-10-20T17:00:00Z	83	23.1	5.4	0.24	273	0
CKT-1181	2025-10-20T18:00:00Z	82.3	23.1	5.4	0.236	274	0
CKT-1181	2025-10-20T19:00:00Z	80.9	21.8	5.5	0.241	282	0
CKT-1181	2025-10-20T20:00:00Z	80.7	22.6	6.8	0.217	279	0
CKT-1181	2025-10-20T21:00:00Z	80.9	22.9	6.9	0.249	278	0
CKT-1181	2025-10-20T22:00:00Z	80.6	22.6	5.5	0.198	269	0
CKT-1181	2025-10-20T23:00:00Z	80.8	22.7	6.3	0.207	282	0
CKT-1181	2025-10-21T00:00:00Z	79.5	22.2	4.5	0.26	284	0
CKT-1181	2025-10-21T01:00:00Z	82.4	23	6.9	0.201	281	0
CKT-1181	2025-10-21T02:00:00Z	85.2	21.9	6.3	0.202	290	0
CKT-1181	2025-10-21T03:00:00Z	80	24.2	5.4	0.184	292	0
CKT-1181	2025-10-21T04:00:00Z	81.3	22.9	4.9	0.195	288	0
CKT-1181	2025-10-21T05:00:00Z	81.1	22.1	6	0.179	293	0
CKT-1181	2025-10-21T06:00:00Z	82.9	23.4	5	0.184	291	0
CKT-1181	2025-10-21T07:00:00Z	82	23.3	4.3	0.155	296	0
CKT-1181	2025-10-21T08:00:00Z	82.9	23.4	4.6	0.196	302	0
CKT-1181	2025-10-21T09:00:00Z	82	21.8	5.1	0.182	302	0
CKT-1181	2025-10-21T10:00:00Z	82.2	22.1	5.7	0.153	302	0
CKT-1181	2025-10-21T11:00:00Z	82.3	22.3	4.9	0.12	302	0
CKT-1182	2025-10-19T12:00:00Z	71.7	20	3.5	0.071	163	0
CKT-1182	2025-10-19T13:00:00Z	72.2	19.8	4.1	0.027	158	0
CKT-1182	2025-10-19T14:00:00Z	70.8	19.1	4.2	0.084	169	0
CKT-1182	2025-10-19T15:00:00Z	68.5	19.6	5.2	0.099	161	0
CKT-1182	2025-10-19T16:00:00Z	69.9	19.7	4.4	0.064	155	0
CKT-1182	2025-10-19T17:00:00Z	67.9	18.8	3.9	0.07	168	0
CKT-1182	2025-10-19T18:00:00Z	68.3	17.9	4.5	0.072	165	0
CKT-1182	2025-10-19T19:00:00Z	67.7	18.5	5.1	0.072	160	0
CKT-1182	2025-10-19T20:00:00Z	66.3	19.4	4.2	0.071	164	0
CKT-1182	2025-10-19T21:00:00Z	71.4	19.2	5.8	0.064	160	0
CKT-1182	2025-10-19T22:00:00Z	66.5	18.7	5	0.064	154	0
CKT-1182	2025-10-19T23:00:00Z	69.4	20.1	4	0.08	172	0
CKT-1182	2025-10-20T00:00:00Z	65	19	4.5	0.078	161	0
CKT-1182	2025-10-20T01:00:00Z	66.8	19.5	5.8	0.056	161	0
CKT-1182	2025-10-20T02:00:00Z	66.8	19.6	4.4	0.055	159	0
CKT-1182	2025-10-20T03:00:00Z	65.2	18.1	4.9	0.076	154	0
CKT-1182	2025-10-20T04:00:00Z	67.6	18.9	4.7	0.06	170	0
CKT-1182	2025-10-20T05:00:00Z	68.8	19.4	5.3	0.059	176	0
CKT-1182	2025-10-20T06:00:00Z	65.9	19.9	5.1	0.034	172	0
CKT-1182	2025-10-20T07:00:00Z	66.1	19.4	5.7	0.031	161	0
CKT-1182	2025-10-20T08:00:00Z	64.9	19.4	5.7	0.036	174	0
CKT-1182	2025-10-20T09:00:00Z	65.6	19.3	6.3	0.029	161	0
CKT-1182	2025-10-20T10:00:00Z	65.9	18.4	5.5	0.086	173	0
CKT-1182	2025-10-20T11:00:00Z	66.6	20	6	0.035	172	0
CKT-1182	2025-10-20T12:00:00Z	63.6	19.8	5.5	0.033	166	0
CKT-1182	2025-10-20T13:00:00Z	67.8	20.1	6	0.042	167	0
CKT-1182	2025-10-20T14:00:00Z	66.6	18.2	5.9	0.019	162	0
CKT-1182	2025-10-20T15:00:00Z	62.5	18.2	5.3	0.027	166	0
CKT-1182	2025-10-20T16:00:00Z	62.9	18.7	6.3	0.043	172	0
CKT-1182	2025-10-20T17:00:00Z	65.3	18.6	5.8	0.05	159	0
CKT-1182	2025-10-20T18:00:00Z	63.2	18.2	5.6	0.059	164	0
CKT-1182	2025-10-20T19:00:00Z	62.5	19	7.1	0.02	166	0
CKT-1182	2025-10-20T20:00:00Z	64.6	20.1	5.9	0.004	158	0
CKT-1182	2025-10-20T21:00:00Z	64.1	20.4	6.8	0.017	169	0
CKT-1182	2025-10-20T22:00:00Z	62.1	18.7	6.3	0.017	160	0
CKT-1182	2025-10-20T23:00:00Z	64.4	18.9	5.8	0.039	159	0
CKT-1182	2025-10-21T00:00:00Z	61	19.7	6.3	0.017	164	0
CKT-1182	2025-10-21T01:00:00Z	61.7	19	5.5	0.021	172	0
CKT-1182	2025-10-21T02:00:00Z	62.9	19	7	0.036	159	0
CKT-1182	2025-10-21T03:00:00Z	63.6	19.3	6.7	0.054	153	0
CKT-1182	2025-10-21T04:00:00Z	59.7	19.6	7.2	0.054	152	0
CKT-1182	2025-10-21T05:00:00Z	62.6	18.5	7.2	0.018	168	0
CKT-1182	2025-10-21T06:00:00Z	60.7	19.9	6.6	0.017	164	0
CKT-1182	2025-10-21T07:00:00Z	63.3	19.7	7.2	0.03	169	0
CKT-1182	2025-10-21T08:00:00Z	61.2	18.6	7.5	0.015	162	0
CKT-1182	2025-10-21T09:00:00Z	59.2	19.6	7.5	0	158	0
CKT-1182	2025-10-21T10:00:00Z	63	19.8	7.4	0.025	161	0
CKT-1182	2025-10-21T11:00:00Z	59.7	19.3	7.9	0	158	0
CKT-1183	2025-10-19T12:00:00Z	66.1	6.6	10.4	0	172	0
CKT-1183	2025-10-19T13:00:00Z	61.5	8.5	10.3	0	162	0
CKT-1183	2025-10-19T14:00:00Z	62.5	7.9	10.8	0	161	0
CKT-1183	2025-10-19T15:00:00Z	66.7	7.8	10.1	0	157	0
CKT-1183	2025-10-19T16:00:00Z	62.6	7.7	10.1	0	163	0
CKT-1183	2025-10-19T17:00:00Z	66.4	7.8	9.9	0	168	0
CKT-1183	2025-10-19T18:00:00Z	62.4	6.5	10.3	0	160	0
CKT-1183	2025-10-19T19:00:00Z	64.2	7.4	10.3	0	155	0
CKT-1183	2025-10-19T20:00:00Z	63.3	6.7	11.5	0	151	0
CKT-1183	2025-10-19T21:00:00Z	63	7.9	11.8	0	167	0
CKT-1183	2025-10-19T22:00:00Z	63.1	7	11.5	0.006	151	0
CKT-1183	2025-10-19T23:00:00Z	62.1	7.1	11.6	0.01	160	0
CKT-1183	2025-10-20T00:00:00Z	62.2	7.7	11.2	0	162	0
CKT-1183	2025-10-20T01:00:00Z	63.9	8.1	10.9	0	167	0
CKT-1183	2025-10-20T02:00:00Z	66.1	7.7	12	0	154	0
CKT-1183	2025-10-20T03:00:00Z	63.7	6.2	11.7	0.015	163	0
CKT-1183	2025-10-20T04:00:00Z	63.1	7.4	11.5	0.031	166	0
CKT-1183	2025-10-20T05:00:00Z	63.2	7.4	11.6	0.011	158	0
CKT-1183	2025-10-20T06:00:00Z	61.9	7.8	12.1	0.022	153	0
CKT-1183	2025-10-20T07:00:00Z	61.8	8.7	12.5	0	163	0
CKT-1183	2025-10-20T08:00:00Z	61.5	8.3	12.6	0	161	0
CKT-1183	2025-10-20T09:00:00Z	62	7.7	12.4	0.007	162	0
CKT-1183	2025-10-20T10:00:00Z	60.2	7.1	12.2	0	158	0
CKT-1183	2025-10-20T11:00:00Z	62.8	6.8	11.6	0.038	155	0
CKT-1183	2025-10-20T12:00:00Z	62.6	7.8	12.1	0	158	0
CKT-1183	2025-10-20T13:00:00Z	61.4	7	12.5	0.001	165	0
CKT-1183	2025-10-20T14:00:00Z	60.1	6.8	12.5	0.01	151	0
CKT-1183	2025-10-20T15:00:00Z	62.4	7.4	13	0.009	156	0
CKT-1183	2025-10-20T16:00:00Z	58.8	7	12.2	0.013	159	0
CKT-1183	2025-10-20T17:00:00Z	58	7.1	13.4	0.033	153	0
CKT-1183	2025-10-20T18:00:00Z	63.4	6.8	12.3	0.044	154	0
CKT-1183	2025-10-20T19:00:00Z	62.3	7	13.1	0	166	0
CKT-1183	2025-10-20T20:00:00Z	61.6	7	13.3	0.025	157	0
CKT-1183	2025-10-20T21:00:00Z	61.8	7.4	13.2	0	153	0
CKT-1183	2025-10-20T22:00:00Z	60.5	7.6	13.9	0.004	151	0
CKT-1183	2025-10-20T23:00:00Z	58.8	8.6	13.1	0.016	147	0
CKT-1183	2025-10-21T00:00:00Z	58.6	7.2	13.9	0.012	152	0
CKT-1183	2025-10-21T01:00:00Z	58.3	7.3	13.3	0.002	165	0
CKT-1183	2025-10-21T02:00:00Z	58.2	7.7	13.8	0	158	0
CKT-1183	2025-10-21T03:00:00Z	59.4	8.5	13.6	0.021	164	0
CKT-1183	2025-10-21T04:00:00Z	60.7	7	14	0.046	162	0
CKT-1183	2025-10-21T05:00:00Z	60.3	8.1	14.5	0.028	156	0
CKT-1183	2025-10-21T06:00:00Z	58.2	7.3	14.9	0.03	160	0
CKT-1183	2025-10-21T07:00:00Z	57	8.1	14	0.023	166	0
CKT-1183	2025-10-21T08:00:00Z	59.6	6.9	14	0.026	157	0
CKT-1183	2025-10-21T09:00:00Z	56	7	13.2	0.049	164	0
CKT-1183	2025-10-21T10:00:00Z	60.2	7.6	14.5	0.053	156	0
CKT-1183	2025-10-21T11:00:00Z	55.9	7.3	15	0.018	154	0
CKT-1184	2025-10-19T12:00:00Z	27.4	12.9	0	0	20	0
CKT-1184	2025-10-19T13:00:00Z	27.7	11.9	0.1	0	44	0
CKT-1184	2025-10-19T14:00:00Z	29.6	12	0	0.004	47	0
CKT-1184	2025-10-19T15:00:00Z	27.5	12.6	0	0	50	0
CKT-1184	2025-10-19T16:00:00Z	25	11.2	0.5	0	51	0
CKT-1184	2025-10-19T17:00:00Z	26.7	11.1	0.1	0	70	0
CKT-1184	2025-10-19T18:00:00Z	27.1	11.7	0.2	0	73	0
CKT-1184	2025-10-19T19:00:00Z	28.1	12	0.8	0	92	0
CKT-1184	2025-10-19T20:00:00Z	25.6	12	0.7	0	86	0
CKT-1184	2025-10-19T21:00:00Z	28.1	12.1	0	0	95	0
CKT-1184	2025-10-19T22:00:00Z	26.3	12.2	0.2	0	97	0
CKT-1184	2025-10-19T23:00:00Z	25	11.4	0.6	0	114	0
CKT-1184	2025-10-20T00:00:00Z	24.7	11.7	0.6	0	123	0
CKT-1184	2025-10-20T01:00:00Z	24	11.5	1.2	0	133	0
CKT-1184	2025-10-20T02:00:00Z	25.5	11.5	1.6	0	146	0
CKT-1184	2025-10-20T03:00:00Z	26.8	11.8	1.4	0	146	0
CKT-1184	2025-10-20T04:00:00Z	26.5	10.9	0.2	0.016	162	0
CKT-1184	2025-10-20T05:00:00Z	27.4	10.8	0.7	0	159	0
CKT-1184	2025-10-20T06:00:00Z	25.9	12.2	1.2	0.024	168	0
CKT-1184	2025-10-20T07:00:00Z	27.5	12.3	1.7	0	180	0
CKT-1184	2025-10-20T08:00:00Z	27.4	12.1	1.3	0.029	181	0
CKT-1184	2025-10-20T09:00:00Z	25.7	11.4	1.2	0.002	191	0
CKT-1184	2025-10-20T10:00:00Z	28.7	11.9	1.3	0	211	0
CKT-1184	2025-10-20T11:00:00Z	27.1	12.9	1.1	0.015	207	0
CKT-1184	2025-10-20T12:00:00Z	29.8	12.5	1.9	0	227	0
CKT-1184	2025-10-20T13:00:00Z	30.2	11.6	1.6	0.02	216	0
CKT-1184	2025-10-20T14:00:00Z	28.8	12.5	1.3	0	235	0
CKT-1184	2025-10-20T15:00:00Z	25.4	10.9	1.9	0.03	240	0
CKT-1184	2025-10-20T16:00:00Z	28.8	12.3	1.1	0	255	0
CKT-1184	2025-10-20T17:00:00Z	26.2	12.4	1.6	0.021	260	0
CKT-1184	2025-10-20T18:00:00Z	26.7	12.3	0.8	0	263	0
CKT-1184	2025-10-20T19:00:00Z	28.8	11	1.9	0.015	275	0
CKT-1184	2025-10-20T20:00:00Z	26.9	11.5	1.9	0.03	278	0
CKT-1184	2025-10-20T21:00:00Z	23.8	12.2	2.8	0	296	0
CKT-1184	2025-10-20T22:00:00Z	27.8	11.2	1.8	0	298	0
CKT-1184	2025-10-20T23:00:00Z	26.7	12.5	2.6	0	298	0
CKT-1184	2025-10-21T00:00:00Z	27.9	11.6	2.2	0.026	318	0
CKT-1184	2025-10-21T01:00:00Z	25.1	10.5	2.3	0	322	0
CKT-1184	2025-10-21T02:00:00Z	26.8	11.3	3.4	0.018	327	0
CKT-1184	2025-10-21T03:00:00Z	27.1	12.2	2.1	0.065	330	0
CKT-1184	2025-10-21T04:00:00Z	24.7	10.9	2.5	0.03	344	0
CKT-1184	2025-10-21T05:00:00Z	27.6	12.1	2.4	0.03	353	0
CKT-1184	2025-10-21T06:00:00Z	26.3	11.6	2.8	0.047	355	0
CKT-1184	2025-10-21T07:00:00Z	26.2	12	3.6	0.033	365	0
CKT-1184	2025-10-21T08:00:00Z	25.5	12.5	2.6	0.001	383	0
CKT-1184	2025-10-21T09:00:00Z	27.3	11.2	2.2	0	382	0
CKT-1184	2025-10-21T10:00:00Z	27.3	12.5	3.1	0.002	392	0
CKT-1184	2025-10-21T11:00:00Z	29	11.6	3.3	0.042	405	0
CKT-1185	2025-10-19T12:00:00Z	82.3	19.4	0	0.224	44	0
CKT-1185	2025-10-19T13:00:00Z	81.1	18.9	0	0.273	37	0
CKT-1185	2025-10-19T14:00:00Z	83.3	17.9	0	0.212	45	0
CKT-1185	2025-10-19T15:00:00Z	81.9	18.9	0	0.239	44	0
CKT-1185	2025-10-19T16:00:00Z	83.7	19.4	0	0.2	53	0
CKT-1185	2025-10-19T17:00:00Z	85.4	18.7	0.7	0.218	59	0
CKT-1185	2025-10-19T18:00:00Z	84.4	17.9	0	0.17	66	0
CKT-1185	2025-10-19T19:00:00Z	82.5	18.5	0	0.19	58	0
CKT-1185	2025-10-19T20:00:00Z	85.1	18.2	0	0.186	63	0
CKT-1185	2025-10-19T21:00:00Z	85.1	19.3	0	0.179	75	0
CKT-1185	2025-10-19T22:00:00Z	84.5	18.8	0	0.187	78	0
CKT-1185	2025-10-19T23:00:00Z	84.1	19	0	0.149	76	0
CKT-1185	2025-10-20T00:00:00Z	84.5	18.4	0	0.191	84	0
CKT-1185	2025-10-20T01:00:00Z	85.2	18.8	0.3	0.192	87	0
CKT-1185	2025-10-20T02:00:00Z	86.3	20.2	0	0.173	85	0
CKT-1185	2025-10-20T03:00:00Z	85.5	18.9	0	0.17	98	0
CKT-1185	2025-10-20T04:00:00Z	84.4	19.1	0.4	0.107	86	0
CKT-1185	2025-10-20T05:00:00Z	86	18.5	0.7	0.13	107	0
CKT-1185	2025-10-20T06:00:00Z	86	18	0.1	0.106	103	0
CKT-1185	2025-10-20T07:00:00Z	84.9	18.2	0.1	0.119	115	0
CKT-1185	2025-10-20T08:00:00Z	84.4	18.8	0	0.125	119	0
CKT-1185	2025-10-20T09:00:00Z	87.3	18.4	0.4	0.106	128	0
CKT-1185	2025-10-20T10:00:00Z	87.5	19	0	0.099	127	0
CKT-1185	2025-10-20T11:00:00Z	87.5	18.9	0	0.089	128	0
CKT-1185	2025-10-20T12:00:00Z	89.7	17.8	0.1	0.062	135	0
CKT-1185	2025-10-20T13:00:00Z	89.9	19.2	1	0.074	139	0
CKT-1185	2025-10-20T14:00:00Z	87.2	19	1.1	0.083	146	0
CKT-1185	2025-10-20T15:00:00Z	88.4	19.1	1.8	0.093	142	0
CKT-1185	2025-10-20T16:00:00Z	88.2	19.5	1.5	0.077	142	0
CKT-1185	2025-10-20T17:00:00Z	87.8	19.1	1.4	0.093	143	0
CKT-1185	2025-10-20T18:00:00Z	90.8	19.8	0	0.067	161	0
CKT-1185	2025-10-20T19:00:00Z	87.6	18.6	1.5	0.051	160	0
CKT-1185	2025-10-20T20:00:00Z	90.3	18.2	0.8	0.066	170	0
CKT-1185	2025-10-20T21:00:00Z	90.8	19.8	1.6	0.088	170	0
CKT-1185	2025-10-20T22:00:00Z	90.9	19.2	1.2	0.03	169	0
CKT-1185	2025-10-20T23:00:00Z	89.9	20.2	2.5	0.034	175	0
CKT-1185	2025-10-21T00:00:00Z	87.8	18.4	1.3	0.026	179	0
CKT-1185	2025-10-21T01:00:00Z	91.6	19.4	1.4	0.058	187	0
CKT-1185	2025-10-21T02:00:00Z	92.9	18.7	2.2	0.033	197	0
CKT-1185	2025-10-21T03:00:00Z	92.8	19.5	1.7	0.042	187	0
CKT-1185	2025-10-21T04:00:00Z	91.2	19.1	1.5	0	193	0
CKT-1185	2025-10-21T05:00:00Z	92.9	18.9	2.6	0.045	203	0
CKT-1185	2025-10-21T06:00:00Z	91.9	19.2	1.8	0.001	218	0
CKT-1185	2025-10-21T07:00:00Z	92.6	19.1	2.3	0	212	0
CKT-1185	2025-10-21T08:00:00Z	91.3	18.8	1.8	0.022	218	0
CKT-1185	2025-10-21T09:00:00Z	92.3	17.8	2.8	0	229	0
CKT-1185	2025-10-21T10:00:00Z	95.8	19.3	2.4	0	223	0
CKT-1185	2025-10-21T11:00:00Z	94.5	18.5	2	0.014	226	0
CKT-1186	2025-10-19T12:00:00Z	65.1	1.9	3.9	0.222	99	0
CKT-1186	2025-10-19T13:00:00Z	65.8	2.8	5.1	0.245	99	0
CKT-1186	2025-10-19T14:00:00Z	65.6	1.7	4.8	0.266	107	0
CKT-1186	2025-10-19T15:00:00Z	66.2	1.9	4.2	0.246	101	0
CKT-1186	2025-10-19T16:00:00Z	66	1	4	0.259	120	0
CKT-1186	2025-10-19T17:00:00Z	65.9	2	3.8	0.301	106	0
CKT-1186	2025-10-19T18:00:00Z	69.2	1.6	4.7	0.274	111	0
CKT-1186	2025-10-19T19:00:00Z	67.9	2.8	4.1	0.284	114	0
CKT-1186	2025-10-19T20:00:00Z	67	1.3	2.8	0.256	118	0
CKT-1186	2025-10-19T21:00:00Z	65.3	1.9	3.8	0.288	119	0
CKT-1186	2025-10-19T22:00:00Z	68.7	2.1	4.8	0.313	116	0
CKT-1186	2025-10-19T23:00:00Z	65.9	2.1	4.1	0.308	125	0
CKT-1186	2025-10-20T00:00:00Z	66.8	1.9	4	0.306	133	0
CKT-1186	2025-10-20T01:00:00Z	68.4	1.9	3.6	0.351	141	0
CKT-1186	2025-10-20T02:00:00Z	67.6	1.6	4.1	0.323	131	0
CKT-1186	2025-10-20T03:00:00Z	67.6	2.2	3.4	0.354	130	0
CKT-1186	2025-10-20T04:00:00Z	69.7	2.9	3.4	0.372	142	0
CKT-1186	2025-10-20T05:00:00Z	69.2	1.8	3.6	0.356	141	0
CKT-1186	2025-10-20T06:00:00Z	71	1	3.7	0.38	149	0
CKT-1186	2025-10-20T07:00:00Z	70.6	1.8	4	0.43	152	0
CKT-1186	2025-10-20T08:00:00Z	66.8	1.9	3.6	0.407	146	0
CKT-1186	2025-10-20T09:00:00Z	70.6	1.7	4	0.397	163	0
CKT-1186	2025-10-20T10:00:00Z	68.1	2	3.1	0.407	175	0
CKT-1186	2025-10-20T11:00:00Z	69.2	1.8	3	0.419	164	0
CKT-1186	2025-10-20T12:00:00Z	69.8	2.9	4.1	0.415	172	0
CKT-1186	2025-10-20T13:00:00Z	70.4	1.3	3.1	0.418	175	0
CKT-1186	2025-10-20T14:00:00Z	70.1	2.8	3.5	0.444	171	0
CKT-1186	2025-10-20T15:00:00Z	74.3	2	3.2	0.478	179	0
CKT-1186	2025-10-20T16:00:00Z	70.5	2	2.5	0.469	181	0
CKT-1186	2025-10-20T17:00:00Z	72.9	1.4	3	0.483	189	0
CKT-1186	2025-10-20T18:00:00Z	72.6	1.7	3.8	0.49	186	0
CKT-1186	2025-10-20T19:00:00Z	73.9	1.9	2.8	0.493	194	0
CKT-1186	2025-10-20T20:00:00Z	75.9	1.3	4	0.498	192	0
CKT-1186	2025-10-20T21:00:00Z	75.8	1.8	3	0.501	195	0
CKT-1186	2025-10-20T22:00:00Z	74	1.6	3.9	0.508	200	0
CKT-1186	2025-10-20T23:00:00Z	73.8	2.7	2.7	0.543	213	0
CKT-1186	2025-10-21T00:00:00Z	71.9	1.5	4.1	0.538	204	0
CKT-1186	2025-10-21T01:00:00Z	73.8	3	2.2	0.574	199	0
CKT-1186	2025-10-21T02:00:00Z	72.2	1.3	2.9	0.544	206	0
CKT-1186	2025-10-21T03:00:00Z	73.5	1.5	2.5	0.571	209	0
CKT-1186	2025-10-21T04:00:00Z	71.1	2	3.3	0.57	209	0
CKT-1186	2025-10-21T05:00:00Z	76.5	1.2	2.7	0.584	224	0
CKT-1186	2025-10-21T06:00:00Z	76.5	2.1	3.3	0.57	229	0
CKT-1186	2025-10-21T07:00:00Z	71.3	2.9	2.4	0.61	232	0
CKT-1186	2025-10-21T08:00:00Z	77	2.2	3.2	0.581	221	0
CKT-1186	2025-10-21T09:00:00Z	76.8	1.9	2.6	0.644	236	0
CKT-1186	2025-10-21T10:00:00Z	75.3	2.3	1.9	0.597	229	0
CKT-1186	2025-10-21T11:00:00Z	76.9	1.6	2.9	0.637	242	0
CKT-1187	2025-10-19T12:00:00Z	40.8	6.8	1.3	0.008	127	0
CKT-1187	2025-10-19T13:00:00Z	39.8	4.2	1.8	0.038	123	0
CKT-1187	2025-10-19T14:00:00Z	40.9	4.4	1.2	0.055	127	0
CKT-1187	2025-10-19T15:00:00Z	39.7	5.4	2.4	0.046	126	0
CKT-1187	2025-10-19T16:00:00Z	41.5	4.5	1.7	0.062	130	0
CKT-1187	2025-10-19T17:00:00Z	42	4.6	2	0.062	121	0
CKT-1187	2025-10-19T18:00:00Z	39.5	4.7	2.1	0.084	134	0
CKT-1187	2025-10-19T19:00:00Z	42.1	5.7	1.2	0.061	123	0
CKT-1187	2025-10-19T20:00:00Z	41.9	4.3	2.2	0.101	131	0
CKT-1187	2025-10-19T21:00:00Z	43.3	4.5	0.1	0.065	134	0
CKT-1187	2025-10-19T22:00:00Z	43.4	4.6	1.7	0.078	125	0
CKT-1187	2025-10-19T23:00:00Z	44	4.5	1.8	0.054	128	0
CKT-1187	2025-10-20T00:00:00Z	43.9	5.2	1.1	0.106	131	0
CKT-1187	2025-10-20T01:00:00Z	40.9	4.6	1.3	0.117	130	0
CKT-1187	2025-10-20T02:00:00Z	42.4	4.1	1.5	0.126	135	0
CKT-1187	2025-10-20T03:00:00Z	41.8	4.9	0.7	0.121	145	0
CKT-1187	2025-10-20T04:00:00Z	44.9	4.4	0.9	0.119	131	0
CKT-1187	2025-10-20T05:00:00Z	41.3	5.1	0	0.099	141	0
CKT-1187	2025-10-20T06:00:00Z	43.2	5.7	0.5	0.097	125	0
CKT-1187	2025-10-20T07:00:00Z	47.9	4	1.8	0.153	131	0
CKT-1187	2025-10-20T08:00:00Z	42.9	4.3	1.1	0.179	131	0
CKT-1187	2025-10-20T09:00:00Z	45.3	4.6	1.9	0.163	141	0
CKT-1187	2025-10-20T10:00:00Z	42.8	4.8	1.3	0.168	133	0
CKT-1187	2025-10-20T11:00:00Z	43	4.6	0.2	0.17	130	0
CKT-1187	2025-10-20T12:00:00Z	43.8	5.2	0.1	0.135	128	0
CKT-1187	2025-10-20T13:00:00Z	47.9	5.2	0.1	0.194	130	0
CKT-1187	2025-10-20T14:00:00Z	45.4	5.4	0.6	0.194	138	0
CKT-1187	2025-10-20T15:00:00Z	45.8	5	0.5	0.186	124	0
CKT-1187	2025-10-20T16:00:00Z	46.1	5.6	0.6	0.216	126	0
CKT-1187	2025-10-20T17:00:00Z	44.3	4.1	0.2	0.23	127	0
CKT-1187	2025-10-20T18:00:00Z	45.2	5.3	0.9	0.184	128	0
CKT-1187	2025-10-20T19:00:00Z	44.4	4.3	0.1	0.185	129	0
CKT-1187	2025-10-20T20:00:00Z	45.7	4.2	0	0.231	131	0
CKT-1187	2025-10-20T21:00:00Z	43.3	5.3	0.5	0.222	139	0
CKT-1187	2025-10-20T22:00:00Z	46.6	5	0.4	0.223	129	0
CKT-1187	2025-10-20T23:00:00Z	46.9	4.4	0	0.262	132	0
CKT-1187	2025-10-21T00:00:00Z	46.2	4.9	0	0.273	141	0
CKT-1187	2025-10-21T01:00:00Z	46.7	5.6	0	0.249	127	0
CKT-1187	2025-10-21T02:00:00Z	45	4.7	0.3	0.289	128	0
CKT-1187	2025-10-21T03:00:00Z	46	4.9	0	0.287	129	0
CKT-1187	2025-10-21T04:00:00Z	46.4	5.7	0	0.271	130	0
CKT-1187	2025-10-21T05:00:00Z	46.9	3.9	0	0.297	141	0
CKT-1187	2025-10-21T06:00:00Z	46.1	5.3	0	0.318	127	0
CKT-1187	2025-10-21T07:00:00Z	48.7	5.7	0.3	0.33	131	0
CKT-1187	2025-10-21T08:00:00Z	48.1	4.6	0	0.313	130	0
CKT-1187	2025-10-21T09:00:00Z	48.8	5.4	0	0.362	132	0
CKT-1187	2025-10-21T10:00:00Z	45.5	4.2	0	0.337	128	0
CKT-1187	2025-10-21T11:00:00Z	46.3	4.5	0	0.339	122	0
CKT-1188	2025-10-19T12:00:00Z	44.7	14	6.4	0.377	60	0
CKT-1188	2025-10-19T13:00:00Z	40.6	14.5	6.7	0.362	62	0
CKT-1188	2025-10-19T14:00:00Z	43.2	15.1	5.1	0.374	63	0
CKT-1188	2025-10-19T15:00:00Z	44.4	14.4	5.9	0.39	74	0
CKT-1188	2025-10-19T16:00:00Z	45.1	15.1	6.4	0.429	68	0
CKT-1188	2025-10-19T17:00:00Z	43.9	15.9	5.3	0.397	69	0
CKT-1188	2025-10-19T18:00:00Z	43.6	15.3	6.5	0.411	79	0
CKT-1188	2025-10-19T19:00:00Z	42.7	14.6	6.6	0.457	81	0
CKT-1188	2025-10-19T20:00:00Z	43.3	15.7	5.4	0.427	77	0
CKT-1188	2025-10-19T21:00:00Z	42.5	14.8	6.9	0.426	86	0
CKT-1188	2025-10-19T22:00:00Z	41.4	13.7	6.5	0.439	92	0
CKT-1188	2025-10-19T23:00:00Z	45.8	14.1	5.7	0.423	82	0
CKT-1188	2025-10-20T00:00:00Z	42.8	14.3	6	0.493	92	0
CKT-1188	2025-10-20T01:00:00Z	45.1	13.4	7.3	0.461	89	0
CKT-1188	2025-10-20T02:00:00Z	42.4	14	6.7	0.49	83	0
CKT-1188	2025-10-20T03:00:00Z	44.5	14.7	6.8	0.497	96	0
CKT-1188	2025-10-20T04:00:00Z	41.4	14	7.7	0.456	96	0
CKT-1188	2025-10-20T05:00:00Z	39.9	14.7	6.9	0.467	94	0
CKT-1188	2025-10-20T06:00:00Z	41.9	14.6	6.1	0.485	101	0
CKT-1188	2025-10-20T07:00:00Z	43.6	15	6.9	0.526	101	0
CKT-1188	2025-10-20T08:00:00Z	37	15.3	7.4	0.517	105	0
CKT-1188	2025-10-20T09:00:00Z	42	14.5	7.1	0.507	107	0
CKT-1188	2025-10-20T10:00:00Z	40.1	13.8	7.5	0.547	105	0
CKT-1188	2025-10-20T11:00:00Z	40.4	13.4	6.7	0.509	115	0
CKT-1188	2025-10-20T12:00:00Z	38.6	14.7	7.3	0.554	118	0
CKT-1188	2025-10-20T13:00:00Z	41.1	15.1	8.3	0.575	111	0
CKT-1188	2025-10-20T14:00:00Z	38	14.4	7.7	0.516	117	0
CKT-1188	2025-10-20T15:00:00Z	37	15.4	7.9	0.546	119	0
CKT-1188	2025-10-20T16:00:00Z	41.1	14.7	7.8	0.588	114	0
CKT-1188	2025-10-20T17:00:00Z	40.5	15.5	7.6	0.581	118	0
CKT-1188	2025-10-20T18:00:00Z	43.8	14.6	7.2	0.605	119	0
CKT-1188	2025-10-20T19:00:00Z	41.5	15.1	8.9	0.595	127	0
CKT-1188	2025-10-20T20:00:00Z	37.3	14.2	7.6	0.594	126	0
CKT-1188	2025-10-20T21:00:00Z	41.4	14.1	8.3	0.602	127	0
CKT-1188	2025-10-20T22:00:00Z	39	14.6	8.8	0.597	133	0
CKT-1188	2025-10-20T23:00:00Z	40.7	14.4	7.3	0.628	127	0
CKT-1188	2025-10-21T00:00:00Z	37.6	13.7	8.2	0.607	129	0
CKT-1188	2025-10-21T01:00:00Z	40.3	14.4	8.7	0.618	138	0
CKT-1188	2025-10-21T02:00:00Z	40.9	13.7	8.1	0.66	141	0
CKT-1188	2025-10-21T03:00:00Z	39.3	14.4	9.1	0.646	143	0
CKT-1188	2025-10-21T04:00:00Z	39.4	13.5	8.8	0.637	138	0
CKT-1188	2025-10-21T05:00:00Z	36.7	13.5	7.5	0.64	144	0
CKT-1188	2025-10-21T06:00:00Z	40.8	14.5	8.8	0.694	134	0
CKT-1188	2025-10-21T07:00:00Z	39.7	14.6	9.1	0.639	148	0
CKT-1188	2025-10-21T08:00:00Z	37.6	13.7	10	0.671	157	0
CKT-1188	2025-10-21T09:00:00Z	40	13.6	8.6	0.69	156	0
CKT-1188	2025-10-21T10:00:00Z	39.3	15.5	9.4	0.709	161	0
CKT-1188	2025-10-21T11:00:00Z	40.7	14.1	8.2	0.691	152	0
CKT-1189	2025-10-19T12:00:00Z	96.1	12.7	8.7	0.178	52	0
CKT-1189	2025-10-19T13:00:00Z	95	12.3	8.7	0.184	65	0
CKT-1189	2025-10-19T14:00:00Z	97	11.6	8.7	0.163	65	0
CKT-1189	2025-10-19T15:00:00Z	94.8	11.8	9.3	0.136	57	0
CKT-1189	2025-10-19T16:00:00Z	95.4	11.9	8.9	0.145	75	0
CKT-1189	2025-10-19T17:00:00Z	98.4	11	8.4	0.169	74	0
CKT-1189	2025-10-19T18:00:00Z	97.4	11.7	8.7	0.156	71	0
CKT-1189	2025-10-19T19:00:00Z	97.7	11.9	8.8	0.169	82	0
CKT-1189	2025-10-19T20:00:00Z	93	10.7	8.8	0.162	86	0
CKT-1189	2025-10-19T21:00:00Z	98.3	11.4	8.6	0.166	84	0
CKT-1189	2025-10-19T22:00:00Z	96	11.1	9.1	0.161	94	0
CKT-1189	2025-10-19T23:00:00Z	96.8	12	10.1	0.178	97	0
CKT-1189	2025-10-20T00:00:00Z	94.9	11.8	9.8	0.18	99	0
CKT-1189	2025-10-20T01:00:00Z	96.6	11.7	9.6	0.168	108	0
CKT-1189	2025-10-20T02:00:00Z	94.2	12	8.5	0.163	108	0
CKT-1189	2025-10-20T03:00:00Z	95.1	11.9	9.2	0.113	114	0
CKT-1189	2025-10-20T04:00:00Z	95.5	12.3	8.6	0.198	123	0
CKT-1189	2025-10-20T05:00:00Z	95.7	11.3	8.9	0.166	119	0
CKT-1189	2025-10-20T06:00:00Z	96	10.9	9.7	0.162	124	0
CKT-1189	2025-10-20T07:00:00Z	95.9	11.1	9.5	0.132	135	0
CKT-1189	2025-10-20T08:00:00Z	96.6	11.3	9.7	0.165	129	0
CKT-1189	2025-10-20T09:00:00Z	98.3	10	10	0.153	143	0
CKT-1189	2025-10-20T10:00:00Z	98.6	11.3	9.3	0.162	137	0
CKT-1189	2025-10-20T11:00:00Z	96	11.3	8.9	0.145	150	0
CKT-1189	2025-10-20T12:00:00Z	97.5	11.4	9.6	0.148	142	0
CKT-1189	2025-10-20T13:00:00Z	95	12.1	10.2	0.136	160	0
CKT-1189	2025-10-20T14:00:00Z	94.8	11.2	9.5	0.147	155	0
CKT-1189	2025-10-20T15:00:00Z	96.9	12	8.9	0.154	167	0
CKT-1189	2025-10-20T16:00:00Z	96.1	11.2	9.3	0.191	174	0
CKT-1189	2025-10-20T17:00:00Z	96.3	12.3	9.5	0.147	165	0
CKT-1189	2025-10-20T18:00:00Z	94.1	11.2	9.5	0.158	178	0
CKT-1189	2025-10-20T19:00:00Z	96.7	11	9.5	0.18	182	0
CKT-1189	2025-10-20T20:00:00Z	99.1	12.6	9.5	0.164	178	0
CKT-1189	2025-10-20T21:00:00Z	98.5	12	8.8	0.155	182	0
CKT-1189	2025-10-20T22:00:00Z	96.5	11.1	10.4	0.132	184	0
CKT-1189	2025-10-20T23:00:00Z	95.9	11.4	10.2	0.169	197	0
CKT-1189	2025-10-21T00:00:00Z	98	12	10.4	0.165	211	0
CKT-1189	2025-10-21T01:00:00Z	98.4	11.7	9.8	0.15	208	0
CKT-1189	2025-10-21T02:00:00Z	95.4	12.3	9.8	0.138	209	0
CKT-1189	2025-10-21T03:00:00Z	96.5	11.8	9.5	0.16	211	0
CKT-1189	2025-10-21T04:00:00Z	97.4	11.7	10.1	0.15	213	0
CKT-1189	2025-10-21T05:00:00Z	97	10.5	10.9	0.117	227	0
CKT-1189	2025-10-21T06:00:00Z	97.1	12.3	10.7	0.159	223	0
CKT-1189	2025-10-21T07:00:00Z	95.7	11.4	10.1	0.137	220	0
CKT-1189	2025-10-21T08:00:00Z	97.1	9.8	10.1	0.141	227	0
CKT-1189	2025-10-21T09:00:00Z	97.2	11.6	10.8	0.159	236	0
CKT-1189	2025-10-21T10:00:00Z	97.6	11.8	11.3	0.147	240	0
CKT-1189	2025-10-21T11:00:00Z	99.3	11.6	10	0.145	243	0
CKT-1190	2025-10-19T12:00:00Z	36.6	1	9.6	0.271	48	0
CKT-1190	2025-10-19T13:00:00Z	35	2.5	9.8	0.277	49	0
CKT-1190	2025-10-19T14:00:00Z	35.6	1	10.7	0.272	53	0
CKT-1190	2025-10-19T15:00:00Z	36.7	1.7	9.9	0.257	62	0
CKT-1190	2025-10-19T16:00:00Z	37.6	1	11.1	0.234	47	0
CKT-1190	2025-10-19T17:00:00Z	39	1.6	10.5	0.232	50	0
CKT-1190	2025-10-19T18:00:00Z	35.6	1.2	11	0.233	46	0
CKT-1190	2025-10-19T19:00:00Z	35.5	1.4	11.7	0.219	55	0
CKT-1190	2025-10-19T20:00:00Z	37.6	1	11.6	0.262	58	0
CKT-1190	2025-10-19T21:00:00Z	33.8	1.7	12.8	0.232	47	0
CKT-1190	2025-10-19T22:00:00Z	35.5	2	12.5	0.223	61	0
CKT-1190	2025-10-19T23:00:00Z	34.6	1	12.3	0.201	40	0
CKT-1190	2025-10-20T00:00:00Z	37.6	1	12	0.191	48	0
CKT-1190	2025-10-20T01:00:00Z	35.9	1.6	13.1	0.186	47	0
CKT-1190	2025-10-20T02:00:00Z	35.9	1	12.7	0.165	60	0
CKT-1190	2025-10-20T03:00:00Z	36.3	1	13.2	0.152	46	0
CKT-1190	2025-10-20T04:00:00Z	36.8	1.1	13.6	0.115	54	0
CKT-1190	2025-10-20T05:00:00Z	35.4	1	12.3	0.152	57	0
CKT-1190	2025-10-20T06:00:00Z	37.7	2	13.3	0.158	42	0
CKT-1190	2025-10-20T07:00:00Z	33.9	1	12.8	0.131	50	0
CKT-1190	2025-10-20T08:00:00Z	38.1	1	13	0.105	50	0
CKT-1190	2025-10-20T09:00:00Z	35.3	1.1	13.8	0.133	56	0
CKT-1190	2025-10-20T10:00:00Z	37.9	1.2	13.6	0.116	53	0
CKT-1190	2025-10-20T11:00:00Z	38.2	1	15	0.105	53	0
CKT-1190	2025-10-20T12:00:00Z	40.5	1	14.6	0.107	52	0
CKT-1190	2025-10-20T13:00:00Z	35.4	1	14.1	0.113	56	0
CKT-1190	2025-10-20T14:00:00Z	36.9	1.9	14.4	0.088	51	0
CKT-1190	2025-10-20T15:00:00Z	35.8	1.7	14.1	0.109	56	0
CKT-1190	2025-10-20T16:00:00Z	36.9	1.5	14.7	0.068	51	0
CKT-1190	2025-10-20T17:00:00Z	35.3	1.2	15.3	0.077	51	0
CKT-1190	2025-10-20T18:00:00Z	37.4	1	15.1	0.087	51	0
CKT-1190	2025-10-20T19:00:00Z	37.1	1.3	15.6	0.057	46	0
CKT-1190	2025-10-20T20:00:00Z	36.3	1.3	15.9	0.06	51	0
CKT-1190	2025-10-20T21:00:00Z	34.8	1	16.2	0.033	50	0
CKT-1190	2025-10-20T22:00:00Z	36.6	1	16.3	0.047	44	0
CKT-1190	2025-10-20T23:00:00Z	37.3	1	15.5	0.05	44	0
CKT-1190	2025-10-21T00:00:00Z	36	1.2	16.3	0.016	45	0
CKT-1190	2025-10-21T01:00:00Z	35.4	1	16.4	0.011	43	0
CKT-1190	2025-10-21T02:00:00Z	36.1	1	16.8	0.022	56	0
CKT-1190	2025-10-21T03:00:00Z	37.5	1	15.7	0	47	0
CKT-1190	2025-10-21T04:00:00Z	34.2	1	17	0	51	0
CKT-1190	2025-10-21T05:00:00Z	35.7	1	18	0	50	0
CKT-1190	2025-10-21T06:00:00Z	37.9	1.5	17.1	0.007	47	0
CKT-1190	2025-10-21T07:00:00Z	38.2	1	17.3	0	51	0
CKT-1190	2025-10-21T08:00:00Z	35.4	1	17.9	0	48	0
CKT-1190	2025-10-21T09:00:00Z	39.1	1	17.5	0	44	0
CKT-1190	2025-10-21T10:00:00Z	38	1	18.3	0	45	0
CKT-1190	2025-10-21T11:00:00Z	35.4	1.3	18	0	53	0
CKT-1191	2025-10-19T12:00:00Z	52.7	9.7	12.9	0.422	5	0
CKT-1191	2025-10-19T13:00:00Z	51.7	9.9	12.2	0.43	0	0
CKT-1191	2025-10-19T14:00:00Z	49.4	9.2	12.3	0.466	3	0
CKT-1191	2025-10-19T15:00:00Z	50.2	9.4	13.3	0.444	0	0
CKT-1191	2025-10-19T16:00:00Z	50.9	10.1	13.5	0.426	2	0
CKT-1191	2025-10-19T17:00:00Z	52.2	9.9	14.3	0.444	0	0
CKT-1191	2025-10-19T18:00:00Z	49.3	9.4	13.5	0.467	0	0
CKT-1191	2025-10-19T19:00:00Z	51.1	10.9	12.9	0.453	0	0
CKT-1191	2025-10-19T20:00:00Z	49	8.6	14	0.442	0	0
CKT-1191	2025-10-19T21:00:00Z	51.6	9.1	13	0.461	0	0
CKT-1191	2025-10-19T22:00:00Z	49.1	10.1	13.3	0.467	0	0
CKT-1191	2025-10-19T23:00:00Z	52.6	10	13.1	0.491	0	0
CKT-1191	2025-10-20T00:00:00Z	50.1	9.2	12.4	0.46	1	0
CKT-1191	2025-10-20T01:00:00Z	49.4	10.8	12.5	0.459	0	0
CKT-1191	2025-10-20T02:00:00Z	52.9	10.2	13.6	0.45	0	0
CKT-1191	2025-10-20T03:00:00Z	52.1	9.4	13.5	0.481	0	0
CKT-1191	2025-10-20T04:00:00Z	49.2	9	13.2	0.471	0	0
CKT-1191	2025-10-20T05:00:00Z	52	10.5	13.2	0.495	0	0
CKT-1191	2025-10-20T06:00:00Z	55	9.7	13.7	0.498	0	0
CKT-1191	2025-10-20T07:00:00Z	51.6	10.1	14.8	0.514	0	0
CKT-1191	2025-10-20T08:00:00Z	55	10.1	13.5	0.501	0	0
CKT-1191	2025-10-20T09:00:00Z	51.6	10	13.2	0.535	3	0
CKT-1191	2025-10-20T10:00:00Z	49.8	10.1	14.4	0.536	8	0
CKT-1191	2025-10-20T11:00:00Z	55.5	9.6	14.5	0.5	4	0
CKT-1191	2025-10-20T12:00:00Z	49.6	9	14.1	0.512	0	0
CKT-1191	2025-10-20T13:00:00Z	54.8	9.4	13.7	0.509	0	0
CKT-1191	2025-10-20T14:00:00Z	53.9	10.7	15.1	0.542	0	0
CKT-1191	2025-10-20T15:00:00Z	52.9	10	14.1	0.51	1	0
CKT-1191	2025-10-20T16:00:00Z	51.2	10.4	14.3	0.538	1	0
CKT-1191	2025-10-20T17:00:00Z	55.3	8.5	15.2	0.556	1	0
CKT-1191	2025-10-20T18:00:00Z	54.3	10.1	14.2	0.535	4	0
CKT-1191	2025-10-20T19:00:00Z	51	10	14.7	0.55	0	0
CKT-1191	2025-10-20T20:00:00Z	52.7	8.9	14.1	0.558	0	0
CKT-1191	2025-10-20T21:00:00Z	52.9	10.4	14.6	0.564	0	0
CKT-1191	2025-10-20T22:00:00Z	53.5	9.2	15.1	0.544	3	0
CKT-1191	2025-10-20T23:00:00Z	54.4	8.6	14.8	0.521	1	0
CKT-1191	2025-10-21T00:00:00Z	55.1	10.2	14.9	0.522	1	0
CKT-1191	2025-10-21T01:00:00Z	55	9.7	15.1	0.521	0	0
CKT-1191	2025-10-21T02:00:00Z	54.4	9	15.4	0.552	1	0
CKT-1191	2025-10-21T03:00:00Z	55.4	10	14.5	0.558	10	0
CKT-1191	2025-10-21T04:00:00Z	56.9	10.3	15.4	0.549	0	0
CKT-1191	2025-10-21T05:00:00Z	54.3	9.7	14.5	0.592	0	0
CKT-1191	2025-10-21T06:00:00Z	56.3	10.3	16.5	0.571	0	0
CKT-1191	2025-10-21T07:00:00Z	55.3	10.1	15.3	0.556	2	0
CKT-1191	2025-10-21T08:00:00Z	55.3	9.2	14.6	0.632	4	0
CKT-1191	2025-10-21T09:00:00Z	56.2	9.7	15.8	0.565	0	0
CKT-1191	2025-10-21T10:00:00Z	55.9	9.1	15.5	0.582	0	0
CKT-1191	2025-10-21T11:00:00Z	54.8	8.7	16.1	0.625	0	0
CKT-1192	2025-10-19T12:00:00Z	57.9	2.9	1.7	0.422	182	0
CKT-1192	2025-10-19T13:00:00Z	62.7	3.8	1	0.42	176	0
CKT-1192	2025-10-19T14:00:00Z	64	2.6	1.4	0.421	175	0
CKT-1192	2025-10-19T15:00:00Z	60.8	3.2	1	0.434	172	0
CKT-1192	2025-10-19T16:00:00Z	65.3	2.4	0.3	0.46	174	0
CKT-1192	2025-10-19T17:00:00Z	64.8	3.2	1.1	0.463	174	0
CKT-1192	2025-10-19T18:00:00Z	66.7	2.8	1.6	0.449	181	0
CKT-1192	2025-10-19T19:00:00Z	66.9	2.3	1.7	0.496	189	0
CKT-1192	2025-10-19T20:00:00Z	66.5	2.7	1.5	0.492	181	0
CKT-1192	2025-10-19T21:00:00Z	65	3.3	0.9	0.517	182	0
CKT-1192	2025-10-19T22:00:00Z	67.9	2.9	1.9	0.506	172	0
CKT-1192	2025-10-19T23:00:00Z	67.4	2.8	2.2	0.521	178	0
CKT-1192	2025-10-20T00:00:00Z	67.8	3.1	2.2	0.515	181	0
CKT-1192	2025-10-20T01:00:00Z	67.5	3.1	2.5	0.502	184	0
CKT-1192	2025-10-20T02:00:00Z	68	2.2	1.6	0.533	180	0
CKT-1192	2025-10-20T03:00:00Z	67	3.4	2.2	0.568	167	0
CKT-1192	2025-10-20T04:00:00Z	66.9	2.7	1.8	0.592	163	0
CKT-1192	2025-10-20T05:00:00Z	68.1	3.2	1.7	0.574	169	0
CKT-1192	2025-10-20T06:00:00Z	71.2	2.4	2.4	0.623	184	0
CKT-1192	2025-10-20T07:00:00Z	69.9	2.4	1.7	0.643	176	0
CKT-1192	2025-10-20T08:00:00Z	71.9	3	1.8	0.608	183	0
CKT-1192	2025-10-20T09:00:00Z	70.8	2.4	1.6	0.63	175	0
CKT-1192	2025-10-20T10:00:00Z	72	4.2	2.3	0.669	174	0
CKT-1192	2025-10-20T11:00:00Z	72.5	3.5	2.7	0.669	178	0
CKT-1192	2025-10-20T12:00:00Z	73.1	2.1	2.9	0.634	184	0
CKT-1192	2025-10-20T13:00:00Z	73.7	3.3	3.1	0.684	171	0
CKT-1192	2025-10-20T14:00:00Z	73.4	1.6	2.1	0.665	181	0
CKT-1192	2025-10-20T15:00:00Z	71.7	2.2	2.4	0.707	178	0
CKT-1192	2025-10-20T16:00:00Z	76.8	2.5	2.5	0.7	176	0
CKT-1192	2025-10-20T17:00:00Z	75.6	2.2	1.2	0.7	176	0
CKT-1192	2025-10-20T18:00:00Z	75.6	2	2.5	0.721	179	0
CKT-1192	2025-10-20T19:00:00Z	75.9	2.7	2.3	0.732	177	0
CKT-1192	2025-10-20T20:00:00Z	72.7	2.5	2.2	0.722	176	0
CKT-1192	2025-10-20T21:00:00Z	75.4	2.6	2.7	0.76	166	0
CKT-1192	2025-10-20T22:00:00Z	73.3	1.3	2.2	0.746	178	0
CKT-1192	2025-10-20T23:00:00Z	77.1	2.7	2.1	0.763	175	0
CKT-1192	2025-10-21T00:00:00Z	74	3.3	2.6	0.802	171	0
CKT-1192	2025-10-21T01:00:00Z	74.2	2.2	2.6	0.8	179	0
CKT-1192	2025-10-21T02:00:00Z	77.2	3.2	2.2	0.814	187	0
CKT-1192	2025-10-21T03:00:00Z	75.7	2.6	1.8	0.783	179	0
CKT-1192	2025-10-21T04:00:00Z	75.1	2.2	3	0.817	181	0
CKT-1192	2025-10-21T05:00:00Z	76.1	2.8	3.5	0.809	175	1
CKT-1192	2025-10-21T06:00:00Z	79.3	2.2	2.9	0.796	165	1
CKT-1192	2025-10-21T07:00:00Z	79.2	2.1	2.3	0.86	181	1
CKT-1192	2025-10-21T08:00:00Z	77.3	3	2.5	0.861	177	1
CKT-1192	2025-10-21T09:00:00Z	77.3	2.3	1.4	0.866	179	1
CKT-1192	2025-10-21T10:00:00Z	78.8	2.6	2.2	0.897	171	1
CKT-1192	2025-10-21T11:00:00Z	79.8	1.9	2.8	0.903	167	1
CKT-1193	2025-10-19T12:00:00Z	49.3	11.9	8	0.294	270	0
CKT-1193	2025-10-19T13:00:00Z	45.1	11	7.7	0.26	255	0
CKT-1193	2025-10-19T14:00:00Z	45.1	10.7	8.7	0.299	266	0
CKT-1193	2025-10-19T15:00:00Z	46.7	11.2	8.4	0.341	259	0
CKT-1193	2025-10-19T16:00:00Z	48	10.4	8.6	0.344	266	0
CKT-1193	2025-10-19T17:00:00Z	44.7	10.5	9.7	0.309	262	0
CKT-1193	2025-10-19T18:00:00Z	45.8	10.9	9.7	0.296	261	0
CKT-1193	2025-10-19T19:00:00Z	48	10.4	8.7	0.312	266	0
CKT-1193	2025-10-19T20:00:00Z	46	11.4	9.4	0.275	270	0
CKT-1193	2025-10-19T21:00:00Z	46.5	11.6	10.5	0.316	264	0
CKT-1193	2025-10-19T22:00:00Z	49.6	10.6	10.6	0.311	265	0
CKT-1193	2025-10-19T23:00:00Z	51.2	11.3	10.6	0.322	269	0
CKT-1193	2025-10-20T00:00:00Z	43.4	11.7	10.2	0.323	273	0
CKT-1193	2025-10-20T01:00:00Z	48	10.5	10.3	0.324	275	0
CKT-1193	2025-10-20T02:00:00Z	47.7	10.8	10	0.313	270	0
CKT-1193	2025-10-20T03:00:00Z	48.9	10.6	9.9	0.349	273	0
CKT-1193	2025-10-20T04:00:00Z	49.6	10.9	10.3	0.301	269	0
CKT-1193	2025-10-20T05:00:00Z	47.3	11.2	10.7	0.318	262	0
CKT-1193	2025-10-20T06:00:00Z	49.4	11.6	11.4	0.322	282	0
CKT-1193	2025-10-20T07:00:00Z	49.7	11.4	10.8	0.341	287	0
CKT-1193	2025-10-20T08:00:00Z	51.5	11	11.4	0.303	285	0
CKT-1193	2025-10-20T09:00:00Z	50.3	11.3	11.1	0.351	287	0
CKT-1193	2025-10-20T10:00:00Z	49.9	12.6	12	0.334	278	0
CKT-1193	2025-10-20T11:00:00Z	48.4	11.6	12.3	0.389	280	0
CKT-1193	2025-10-20T12:00:00Z	50.3	11.8	12.7	0.333	286	0
CKT-1193	2025-10-20T13:00:00Z	48	10.7	11.4	0.347	276	0
CKT-1193	2025-10-20T14:00:00Z	48.1	10.5	12.4	0.363	276	0
CKT-1193	2025-10-20T15:00:00Z	54.2	10.8	11.7	0.377	285	0
CKT-1193	2025-10-20T16:00:00Z	49	11.3	12.2	0.362	294	0
CKT-1193	2025-10-20T17:00:00Z	50.5	11.4	12.5	0.374	284	0
CKT-1193	2025-10-20T18:00:00Z	49.3	10.8	12.5	0.394	291	0
CKT-1193	2025-10-20T19:00:00Z	47.2	12.1	13.4	0.399	289	0
CKT-1193	2025-10-20T20:00:00Z	48.6	10.3	14	0.346	283	0
CKT-1193	2025-10-20T21:00:00Z	50.3	10.2	13.6	0.393	294	0
CKT-1193	2025-10-20T22:00:00Z	50.2	11.2	14.4	0.355	298	0
CKT-1193	2025-10-20T23:00:00Z	52.5	11	13.8	0.393	289	0
CKT-1193	2025-10-21T00:00:00Z	48.9	11.6	13.2	0.367	292	0
CKT-1193	2025-10-21T01:00:00Z	52	10.8	13.6	0.411	294	0
CKT-1193	2025-10-21T02:00:00Z	50.5	11.3	14.2	0.395	299	0
CKT-1193	2025-10-21T03:00:00Z	51.6	11.6	13.6	0.422	293	0
CKT-1193	2025-10-21T04:00:00Z	49.5	10.6	14.3	0.385	294	0
CKT-1193	2025-10-21T05:00:00Z	53.6	10.5	13.5	0.395	310	0
CKT-1193	2025-10-21T06:00:00Z	50.7	10.5	14.6	0.436	299	0
CKT-1193	2025-10-21T07:00:00Z	50.9	11.3	15.1	0.417	296	0
CKT-1193	2025-10-21T08:00:00Z	51.7	11.7	15.3	0.426	302	0
CKT-1193	2025-10-21T09:00:00Z	54.3	11.2	15	0.428	299	0
CKT-1193	2025-10-21T10:00:00Z	55.2	11.7	15.3	0.412	305	0
CKT-1193	2025-10-21T11:00:00Z	52.8	11.9	15.3	0.388	304	0
CKT-1194	2025-10-19T12:00:00Z	61.5	3.8	7	0	71	0
CKT-1194	2025-10-19T13:00:00Z	62.5	3.6	6.2	0	70	0
CKT-1194	2025-10-19T14:00:00Z	61.1	4.3	6.6	0	84	0
CKT-1194	2025-10-19T15:00:00Z	61.2	3.8	7	0	73	0
CKT-1194	2025-10-19T16:00:00Z	61.1	4.3	7.9	0	74	0
CKT-1194	2025-10-19T17:00:00Z	63.3	2.8	6.7	0	74	0
CKT-1194	2025-10-19T18:00:00Z	62.1	2.4	7.2	0	75	0
CKT-1194	2025-10-19T19:00:00Z	60.7	4.8	8.1	0	74	0
CKT-1194	2025-10-19T20:00:00Z	62.7	4.3	7.4	0	78	0
CKT-1194	2025-10-19T21:00:00Z	62.2	3.5	7.3	0	68	0
CKT-1194	2025-10-19T22:00:00Z	63.2	4	7.3	0	82	0
CKT-1194	2025-10-19T23:00:00Z	64.3	5.1	8.1	0	73	0
CKT-1194	2025-10-20T00:00:00Z	63.2	4.2	7.6	0	74	0
CKT-1194	2025-10-20T01:00:00Z	65.5	2.5	8.6	0	74	0
CKT-1194	2025-10-20T02:00:00Z	64.6	4.6	8	0	80	0
CKT-1194	2025-10-20T03:00:00Z	64.6	3.3	8	0	78	0
CKT-1194	2025-10-20T04:00:00Z	63.8	3.6	8.5	0	76	0
CKT-1194	2025-10-20T05:00:00Z	64.1	3.9	8.5	0.018	77	0
CKT-1194	2025-10-20T06:00:00Z	66.8	4.8	8.8	0	74	0
CKT-1194	2025-10-20T07:00:00Z	63.3	5.7	8	0	62	0
CKT-1194	2025-10-20T08:00:00Z	63.6	4.1	9.2	0	81	0
CKT-1194	2025-10-20T09:00:00Z	65.2	3.7	8.8	0.021	76	0
CKT-1194	2025-10-20T10:00:00Z	63.8	4.3	9.1	0	81	0
CKT-1194	2025-10-20T11:00:00Z	62.2	4.2	9.4	0	68	0
CKT-1194	2025-10-20T12:00:00Z	67.3	4.7	9.8	0	77	0
CKT-1194	2025-10-20T13:00:00Z	66.4	3	9.3	0.005	79	0
CKT-1194	2025-10-20T14:00:00Z	65.2	4.7	9.4	0.039	79	0
CKT-1194	2025-10-20T15:00:00Z	66.7	3.3	8.8	0.04	80	0
CKT-1194	2025-10-20T16:00:00Z	66	3.7	9.6	0	73	0
CKT-1194	2025-10-20T17:00:00Z	67.5	4.4	9.5	0.045	81	0
CKT-1194	2025-10-20T18:00:00Z	65.6	3.2	10.1	0.006	72	0
CKT-1194	2025-10-20T19:00:00Z	67.3	4.4	10.3	0.019	64	0
CKT-1194	2025-10-20T20:00:00Z	68.5	3.5	10.1	0.018	87	0
CKT-1194	2025-10-20T21:00:00Z	70.3	3.7	9.4	0	77	0
CKT-1194	2025-10-20T22:00:00Z	66.6	3.3	9.9	0.035	75	0
CKT-1194	2025-10-20T23:00:00Z	66.8	3.8	10.2	0.033	77	0
CKT-1194	2025-10-21T00:00:00Z	65.3	4.1	10.2	0.011	74	0
CKT-1194	2025-10-21T01:00:00Z	69.6	4.5	10.6	0.015	69	0
CKT-1194	2025-10-21T02:00:00Z	66.6	4	10.7	0.023	80	0
CKT-1194	2025-10-21T03:00:00Z	68.8	2.4	10.8	0.054	77	0
CKT-1194	2025-10-21T04:00:00Z	69.3	3.8	10.8	0.04	76	0
CKT-1194	2025-10-21T05:00:00Z	67.7	4.7	11.7	0.033	70	0
CKT-1194	2025-10-21T06:00:00Z	66.7	4.2	11.4	0.054	78	0
CKT-1194	2025-10-21T07:00:00Z	68	2.8	11	0.082	77	0
CKT-1194	2025-10-21T08:00:00Z	69.7	4.5	10.9	0.056	78	0
CKT-1194	2025-10-21T09:00:00Z	67.8	4.2	12.1	0.046	67	0
CKT-1194	2025-10-21T10:00:00Z	69.6	3.6	11.6	0.04	76	0
CKT-1194	2025-10-21T11:00:00Z	71.4	4	10.8	0.067	76	0
CKT-1195	2025-10-19T12:00:00Z	31.7	8.7	10.7	0.415	95	0
CKT-1195	2025-10-19T13:00:00Z	30.8	8.7	11.4	0.413	104	0
CKT-1195	2025-10-19T14:00:00Z	29.8	8.8	10.1	0.416	102	0
CKT-1195	2025-10-19T15:00:00Z	31	10.5	10.4	0.436	109	0
CKT-1195	2025-10-19T16:00:00Z	34.1	7.8	10.9	0.386	100	0
CKT-1195	2025-10-19T17:00:00Z	36.2	7.7	10.5	0.459	101	0
CKT-1195	2025-10-19T18:00:00Z	32.4	8.8	10.8	0.367	95	0
CKT-1195	2025-10-19T19:00:00Z	36.9	8.8	11.9	0.4	101	0
CKT-1195	2025-10-19T20:00:00Z	33.7	8.3	11.4	0.398	108	0
CKT-1195	2025-10-19T21:00:00Z	34.7	8.5	11.4	0.414	93	0
CKT-1195	2025-10-19T22:00:00Z	32.6	8.5	11.3	0.432	104	0
CKT-1195	2025-10-19T23:00:00Z	33.3	8	12	0.422	98	0
CKT-1195	2025-10-20T00:00:00Z	32.6	8.2	11.9	0.452	100	0
CKT-1195	2025-10-20T01:00:00Z	33.1	9.9	11.6	0.401	99	0
CKT-1195	2025-10-20T02:00:00Z	33.7	9.3	11.1	0.429	101	0
CKT-1195	2025-10-20T03:00:00Z	33.7	8.4	11.9	0.418	99	0
CKT-1195	2025-10-20T04:00:00Z	34.5	8.1	13.2	0.436	104	0
CKT-1195	2025-10-20T05:00:00Z	34	9.1	12.4	0.417	99	0
CKT-1195	2025-10-20T06:00:00Z	35.2	9.6	12.4	0.409	102	0
CKT-1195	2025-10-20T07:00:00Z	34.9	8.3	12.1	0.429	108	0
CKT-1195	2025-10-20T08:00:00Z	38.3	8.9	12.6	0.431	97	0
CKT-1195	2025-10-20T09:00:00Z	36	9.2	13.2	0.446	99	0
CKT-1195	2025-10-20T10:00:00Z	34.4	8.5	12.2	0.422	105	0
CKT-1195	2025-10-20T11:00:00Z	36	8.7	13.4	0.422	98	0
CKT-1195	2025-10-20T12:00:00Z	30.8	8.4	13	0.411	101	0
CKT-1195	2025-10-20T13:00:00Z	34.5	8.1	12.6	0.418	107	0
CKT-1195	2025-10-20T14:00:00Z	33.5	8.5	13.6	0.405	105	0
CKT-1195	2025-10-20T15:00:00Z	37.1	8.8	13.1	0.435	100	0
CKT-1195	2025-10-20T16:00:00Z	35.2	8.9	13.3	0.403	100	0
CKT-1195	2025-10-20T17:00:00Z	35.4	8.7	12.5	0.405	93	0
CKT-1195	2025-10-20T18:00:00Z	35.1	8.8	13.5	0.421	103	0
CKT-1195	2025-10-20T19:00:00Z	32.6	9.3	13.9	0.395	99	0
CKT-1195	2025-10-20T20:00:00Z	32.8	8.7	14.2	0.392	97	0
CKT-1195	2025-10-20T21:00:00Z	36.2	9.3	14.5	0.421	112	0
CKT-1195	2025-10-20T22:00:00Z	37.5	9.3	14.1	0.397	107	0
CKT-1195	2025-10-20T23:00:00Z	34.7	8.8	13.9	0.41	103	0
CKT-1195	2025-10-21T00:00:00Z	36.5	8.6	14.5	0.417	95	0
CKT-1195	2025-10-21T01:00:00Z	36.3	8.3	14.5	0.394	108	0
CKT-1195	2025-10-21T02:00:00Z	36.3	9.2	14	0.396	98	0
CKT-1195	2025-10-21T03:00:00Z	37.1	7.9	13.8	0.388	104	0
CKT-1195	2025-10-21T04:00:00Z	35.4	8.7	14.4	0.365	106	0
CKT-1195	2025-10-21T05:00:00Z	37.6	8.6	14.8	0.396	96	0
CKT-1195	2025-10-21T06:00:00Z	38.7	8.5	15.1	0.389	104	0
CKT-1195	2025-10-21T07:00:00Z	38.5	8.7	15.2	0.416	105	0
CKT-1195	2025-10-21T08:00:00Z	38.5	8.8	15.3	0.403	106	0
CKT-1195	2025-10-21T09:00:00Z	36.3	8.9	16.4	0.404	96	0
CKT-1195	2025-10-21T10:00:00Z	36.6	9	15	0.377	95	0
CKT-1195	2025-10-21T11:00:00Z	36.8	9.5	15.2	0.413	100	0
CKT-1196	2025-10-19T12:00:00Z	38.9	11.5	4.1	0.128	124	0
CKT-1196	2025-10-19T13:00:00Z	38.8	11.7	5	0.121	124	0
CKT-1196	2025-10-19T14:00:00Z	40.5	12.3	4.1	0.098	125	0
CKT-1196	2025-10-19T15:00:00Z	39	12.7	5.5	0.134	144	0
CKT-1196	2025-10-19T16:00:00Z	39.4	12.7	4.6	0.082	137	0
CKT-1196	2025-10-19T17:00:00Z	38.9	13.5	4.9	0.087	147	0
CKT-1196	2025-10-19T18:00:00Z	37.9	12.1	5.5	0.083	154	0
CKT-1196	2025-10-19T19:00:00Z	40.7	12.2	6	0.089	154	0
CKT-1196	2025-10-19T20:00:00Z	39.4	11.6	4.9	0.131	160	0
CKT-1196	2025-10-19T21:00:00Z	40.3	11.6	5.6	0.078	167	0
CKT-1196	2025-10-19T22:00:00Z	40.8	12.5	5.7	0.078	165	0
CKT-1196	2025-10-19T23:00:00Z	41.3	12.3	5	0.099	163	0
CKT-1196	2025-10-20T00:00:00Z	38.9	11.7	4.1	0.072	181	0
CKT-1196	2025-10-20T01:00:00Z	39.5	13.8	5.4	0.067	174	0
CKT-1196	2025-10-20T02:00:00Z	39.1	12.2	6.3	0.04	179	0
CKT-1196	2025-10-20T03:00:00Z	39.9	12.8	4.6	0.023	183	0
CKT-1196	2025-10-20T04:00:00Z	40.6	11.7	6.1	0.085	187	0
CKT-1196	2025-10-20T05:00:00Z	38.6	12.3	5.9	0.045	190	0
CKT-1196	2025-10-20T06:00:00Z	38.5	11.4	6.2	0.013	190	0
CKT-1196	2025-10-20T07:00:00Z	37.1	11.8	6	0.006	197	0
CKT-1196	2025-10-20T08:00:00Z	39.2	11.1	5.6	0.059	199	0
CKT-1196	2025-10-20T09:00:00Z	40	11.7	6.2	0.001	197	0
CKT-1196	2025-10-20T10:00:00Z	38.2	12.3	6.5	0.014	207	0
CKT-1196	2025-10-20T11:00:00Z	40.3	11.6	5.9	0	212	0
CKT-1196	2025-10-20T12:00:00Z	38.4	12.2	5.6	0	214	0
CKT-1196	2025-10-20T13:00:00Z	39.5	12.2	5.9	0.004	222	0
CKT-1196	2025-10-20T14:00:00Z	40.1	11.6	6.7	0.006	227	0
CKT-1196	2025-10-20T15:00:00Z	42	12.3	7.4	0.033	222	0
CKT-1196	2025-10-20T16:00:00Z	40.6	12.3	6.7	0	230	0
CKT-1196	2025-10-20T17:00:00Z	37.3	13.3	6.9	0	233	0
CKT-1196	2025-10-20T18:00:00Z	35.8	12.7	6.8	0	243	0
CKT-1196	2025-10-20T19:00:00Z	40.3	11.8	7	0	241	0
CKT-1196	2025-10-20T20:00:00Z	37.7	11.8	7	0	251	0
CKT-1196	2025-10-20T21:00:00Z	38.7	12.2	6.9	0	262	0
CKT-1196	2025-10-20T22:00:00Z	38.5	12.1	6.7	0	254	0
CKT-1196	2025-10-20T23:00:00Z	38.7	12.6	6.7	0	252	0
CKT-1196	2025-10-21T00:00:00Z	37.2	11.9	8.4	0	267	0
CKT-1196	2025-10-21T01:00:00Z	40.5	11.3	5.7	0	274	0
CKT-1196	2025-10-21T02:00:00Z	38.1	12	7.8	0	275	0
CKT-1196	2025-10-21T03:00:00Z	41.8	11.2	7.6	0	286	0
CKT-1196	2025-10-21T04:00:00Z	39.2	11.6	6.7	0	283	0
CKT-1196	2025-10-21T05:00:00Z	40.5	11.3	7.1	0	283	0
CKT-1196	2025-10-21T06:00:00Z	38	11.4	7.8	0	291	0
CKT-1196	2025-10-21T07:00:00Z	39.2	11.2	8	0	296	0
CKT-1196	2025-10-21T08:00:00Z	38.5	11.8	7.8	0	293	0
CKT-1196	2025-10-21T09:00:00Z	41.1	11.6	7.8	0	301	0
CKT-1196	2025-10-21T10:00:00Z	39.1	10.7	6.9	0	307	0
CKT-1196	2025-10-21T11:00:00Z	40.4	12.5	7.1	0	305	0
CKT-1197	2025-10-19T12:00:00Z	56.2	1	8.3	0	184	0
CKT-1197	2025-10-19T13:00:00Z	58.7	1.1	8.4	0	183	0
CKT-1197	2025-10-19T14:00:00Z	56.6	1	8.8	0	186	0
CKT-1197	2025-10-19T15:00:00Z	54.5	1	7.5	0	189	0
CKT-1197	2025-10-19T16:00:00Z	62.8	1.1	8.5	0	182	0
CKT-1197	2025-10-19T17:00:00Z	61.1	1	7.3	0	185	0
CKT-1197	2025-10-19T18:00:00Z	59.1	1.9	8.5	0	191	0
CKT-1197	2025-10-19T19:00:00Z	62.4	2.4	8.2	0	196	0
CKT-1197	2025-10-19T20:00:00Z	59.6	1	8.1	0	182	0
CKT-1197	2025-10-19T21:00:00Z	60.1	1.8	8.1	0	182	0
CKT-1197	2025-10-19T22:00:00Z	59.6	1	7.6	0	179	0
CKT-1197	2025-10-19T23:00:00Z	56.9	1.6	8.6	0	184	0
CKT-1197	2025-10-20T00:00:00Z	60	1.2	7.9	0	190	0
CKT-1197	2025-10-20T01:00:00Z	61.5	1	8.7	0	190	0
CKT-1197	2025-10-20T02:00:00Z	60.2	1.5	8.5	0	184	0
CKT-1197	2025-10-20T03:00:00Z	59.9	1.3	8.7	0	184	0
CKT-1197	2025-10-20T04:00:00Z	61.4	1	8.9	0	187	0
CKT-1197	2025-10-20T05:00:00Z	59.2	1	7.7	0	187	0
CKT-1197	2025-10-20T06:00:00Z	59.5	1	8	0	186	0
CKT-1197	2025-10-20T07:00:00Z	59.2	1	8.8	0	189	0
CKT-1197	2025-10-20T08:00:00Z	61	1.3	8.4	0	191	0
CKT-1197	2025-10-20T09:00:00Z	62.4	1.8	7.8	0	179	0
CKT-1197	2025-10-20T10:00:00Z	60.3	1	8.6	0	191	0
CKT-1197	2025-10-20T11:00:00Z	60.7	1	7.8	0	186	0
CKT-1197	2025-10-20T12:00:00Z	57.8	1.4	7.8	0.004	182	0
CKT-1197	2025-10-20T13:00:00Z	61.6	1	8.2	0	181	0
CKT-1197	2025-10-20T14:00:00Z	62.9	1	8.1	0.017	192	0
CKT-1197	2025-10-20T15:00:00Z	61.3	1.9	8.8	0.075	192	0
CKT-1197	2025-10-20T16:00:00Z	61.2	1	8.1	0.079	187	0
CKT-1197	2025-10-20T17:00:00Z	62	2	8	0.065	185	0
CKT-1197	2025-10-20T18:00:00Z	64.1	1.1	8.4	0.098	177	0
CKT-1197	2025-10-20T19:00:00Z	61.1	1	8.3	0.089	182	0
CKT-1197	2025-10-20T20:00:00Z	62.4	1.8	7.1	0.072	196	0
CKT-1197	2025-10-20T21:00:00Z	60.7	1	7.4	0.134	187	0
CKT-1197	2025-10-20T22:00:00Z	65.6	1.4	7.5	0.118	190	0
CKT-1197	2025-10-20T23:00:00Z	62.6	1	8.7	0.136	186	0
CKT-1197	2025-10-21T00:00:00Z	64.5	1	8.8	0.167	187	0
CKT-1197	2025-10-21T01:00:00Z	62.7	1	7.9	0.218	182	0
CKT-1197	2025-10-21T02:00:00Z	63	1	8.4	0.211	188	0
CKT-1197	2025-10-21T03:00:00Z	64.2	1	9	0.213	191	0
CKT-1197	2025-10-21T04:00:00Z	66.2	1	8.1	0.26	186	0
CKT-1197	2025-10-21T05:00:00Z	61.6	1	8.9	0.276	188	0
CKT-1197	2025-10-21T06:00:00Z	65.8	1	8.1	0.272	190	0
CKT-1197	2025-10-21T07:00:00Z	64	1	8.5	0.292	190	0
CKT-1197	2025-10-21T08:00:00Z	66	1	7.9	0.285	182	0
CKT-1197	2025-10-21T09:00:00Z	66.1	1.4	7.6	0.335	189	0
CKT-1197	2025-10-21T10:00:00Z	66.8	2.3	8.4	0.329	191	0
CKT-1197	2025-10-21T11:00:00Z	64	2.3	7.5	0.367	188	0
CKT-1198	2025-10-19T12:00:00Z	72.8	7.7	10.9	0.164	15	0
CKT-1198	2025-10-19T13:00:00Z	75.9	7.1	11.2	0.145	20	0
CKT-1198	2025-10-19T14:00:00Z	73.9	7.1	10.2	0.146	8	0
CKT-1198	2025-10-19T15:00:00Z	74.3	7.8	11.2	0.115	27	0
CKT-1198	2025-10-19T16:00:00Z	73.6	7	11.1	0.136	34	0
CKT-1198	2025-10-19T17:00:00Z	75.8	7.5	11.3	0.183	33	0
CKT-1198	2025-10-19T18:00:00Z	74.6	6.6	10.6	0.183	24	0
CKT-1198	2025-10-19T19:00:00Z	76.6	7.5	10.6	0.184	33	0
CKT-1198	2025-10-19T20:00:00Z	76.5	7.7	12.1	0.195	31	0
CKT-1198	2025-10-19T21:00:00Z	73.1	6.4	10.3	0.214	35	0
CKT-1198	2025-10-19T22:00:00Z	76.7	6.8	10.9	0.226	36	0
CKT-1198	2025-10-19T23:00:00Z	76.9	7	10.1	0.229	43	0
CKT-1198	2025-10-20T00:00:00Z	77.3	7.8	10.5	0.223	41	0
CKT-1198	2025-10-20T01:00:00Z	77	7.2	10.7	0.221	39	0
CKT-1198	2025-10-20T02:00:00Z	75.3	7.5	10.6	0.234	50	0
CKT-1198	2025-10-20T03:00:00Z	79	7	10.1	0.272	49	0
CKT-1198	2025-10-20T04:00:00Z	76.7	7.9	10.5	0.27	51	0
CKT-1198	2025-10-20T05:00:00Z	81.9	7.2	11.1	0.265	55	0
CKT-1198	2025-10-20T06:00:00Z	76.9	7.7	10.6	0.289	51	0
CKT-1198	2025-10-20T07:00:00Z	76.2	6.1	10.8	0.275	67	0
CKT-1198	2025-10-20T08:00:00Z	76.8	8	11.2	0.292	55	0
CKT-1198	2025-10-20T09:00:00Z	77.4	8	11.7	0.281	61	0
CKT-1198	2025-10-20T10:00:00Z	76.9	7.1	11.4	0.299	54	0
CKT-1198	2025-10-20T11:00:00Z	78.2	7.5	10.4	0.31	65	0
CKT-1198	2025-10-20T12:00:00Z	76	7.5	10.4	0.36	68	0
CKT-1198	2025-10-20T13:00:00Z	77.9	7.1	9.6	0.338	67	0
CKT-1198	2025-10-20T14:00:00Z	78.4	7.2	11.3	0.344	66	0
CKT-1198	2025-10-20T15:00:00Z	76	7	10	0.333	71	0
CKT-1198	2025-10-20T16:00:00Z	80.3	7.8	9.9	0.368	77	0
CKT-1198	2025-10-20T17:00:00Z	79.6	8.2	9.9	0.358	73	0
CKT-1198	2025-10-20T18:00:00Z	79.4	5.6	10.4	0.349	78	0
CKT-1198	2025-10-20T19:00:00Z	82.1	7.8	9.9	0.385	76	0
CKT-1198	2025-10-20T20:00:00Z	81.1	5.9	10.3	0.389	77	0
CKT-1198	2025-10-20T21:00:00Z	81.8	6.3	9.9	0.443	84	0
CKT-1198	2025-10-20T22:00:00Z	79.2	6.9	10.5	0.412	83	0
CKT-1198	2025-10-20T23:00:00Z	77.5	7.3	10.2	0.42	92	0
CKT-1198	2025-10-21T00:00:00Z	78.9	7.2	11.3	0.445	88	0
CKT-1198	2025-10-21T01:00:00Z	78.2	7.2	10.9	0.435	92	0
CKT-1198	2025-10-21T02:00:00Z	79	7	9.8	0.46	95	0
CKT-1198	2025-10-21T03:00:00Z	82.2	7.3	10.1	0.492	98	0
CKT-1198	2025-10-21T04:00:00Z	80.4	7.2	10.5	0.454	98	0
CKT-1198	2025-10-21T05:00:00Z	79.9	7.4	10.9	0.5	103	0
CKT-1198	2025-10-21T06:00:00Z	77.8	7	9.5	0.511	102	0
CKT-1198	2025-10-21T07:00:00Z	80.3	6.8	11	0.5	104	0
CKT-1198	2025-10-21T08:00:00Z	80.9	7.3	10.3	0.532	112	0
CKT-1198	2025-10-21T09:00:00Z	81	6.8	10.5	0.504	115	0
CKT-1198	2025-10-21T10:00:00Z	83.3	7.7	9.8	0.515	109	0
CKT-1198	2025-10-21T11:00:00Z	79.8	7	10.5	0.544	119	0
CKT-1199	2025-10-19T12:00:00Z	31.6	1.9	4.1	0.139	94	0
CKT-1199	2025-10-19T13:00:00Z	31.7	1.3	5.2	0.13	102	0
CKT-1199	2025-10-19T14:00:00Z	31.5	2	5	0.045	98	0
CKT-1199	2025-10-19T15:00:00Z	31.3	1	5	0.106	96	0
CKT-1199	2025-10-19T16:00:00Z	34.2	1	4	0.073	103	0
CKT-1199	2025-10-19T17:00:00Z	32.5	1	4.4	0.09	96	0
CKT-1199	2025-10-19T18:00:00Z	33.2	1.9	4.6	0.092	103	0
CKT-1199	2025-10-19T19:00:00Z	34.1	2.1	4.5	0.081	108	0
CKT-1199	2025-10-19T20:00:00Z	32.6	1	3.8	0.064	106	0
CKT-1199	2025-10-19T21:00:00Z	31.5	1	4.4	0.108	100	0
CKT-1199	2025-10-19T22:00:00Z	31.7	1	5.7	0.037	102	0
CKT-1199	2025-10-19T23:00:00Z	32.3	1.1	5.3	0.082	104	0
CKT-1199	2025-10-20T00:00:00Z	32.7	1	4.5	0.077	110	0
CKT-1199	2025-10-20T01:00:00Z	34.6	1.3	5.2	0	110	0
CKT-1199	2025-10-20T02:00:00Z	32.9	1.3	5.5	0.06	104	0
CKT-1199	2025-10-20T03:00:00Z	33.1	1.5	4.4	0.034	115	0
CKT-1199	2025-10-20T04:00:00Z	32.4	1.6	4.8	0	113	0
CKT-1199	2025-10-20T05:00:00Z	31.8	1.4	4.9	0.014	114	0
CKT-1199	2025-10-20T06:00:00Z	33.2	1.3	5.2	0.008	114	0
CKT-1199	2025-10-20T07:00:00Z	29.1	1.7	4.8	0.022	115	0
CKT-1199	2025-10-20T08:00:00Z	33.3	1.6	4.6	0.027	118	0
CKT-1199	2025-10-20T09:00:00Z	29.3	1	5	0.039	124	0
CKT-1199	2025-10-20T10:00:00Z	30.8	1.6	5.3	0.018	108	0
CKT-1199	2025-10-20T11:00:00Z	31.9	1.1	4.6	0	118	0
CKT-1199	2025-10-20T12:00:00Z	31.3	1.4	5	0.01	119	0
CKT-1199	2025-10-20T13:00:00Z	32.8	1	5.2	0	118	0
CKT-1199	2025-10-20T14:00:00Z	34.2	1.5	5	0.022	133	0
CKT-1199	2025-10-20T15:00:00Z	34.6	1	5.2	0	121	0
CKT-1199	2025-10-20T16:00:00Z	31.7	1.2	5.2	0.008	128	0
CKT-1199	2025-10-20T17:00:00Z	33.7	1	4.9	0	128	0
CKT-1199	2025-10-20T18:00:00Z	33.6	2.1	4.7	0	124	0
CKT-1199	2025-10-20T19:00:00Z	35.5	1.9	5.3	0	126	0
CKT-1199	2025-10-20T20:00:00Z	32.4	1	5	0	130	0
CKT-1199	2025-10-20T21:00:00Z	33.3	1	5.3	0	134	0
CKT-1199	2025-10-20T22:00:00Z	31.3	1	4.6	0	130	0
CKT-1199	2025-10-20T23:00:00Z	35.1	1.6	4.4	0.006	131	0
CKT-1199	2025-10-21T00:00:00Z	35.1	1	5.1	0	125	0
CKT-1199	2025-10-21T01:00:00Z	35.8	1	4.6	0	131	0
CKT-1199	2025-10-21T02:00:00Z	32.4	1	5.1	0	134	0
CKT-1199	2025-10-21T03:00:00Z	34.8	2.1	4	0	135	0
CKT-1199	2025-10-21T04:00:00Z	31.2	1.2	4.7	0	137	0
CKT-1199	2025-10-21T05:00:00Z	33.8	1	4.2	0	135	0
CKT-1199	2025-10-21T06:00:00Z	34	1.9	4.7	0	138	0
CKT-1199	2025-10-21T07:00:00Z	32.8	1	4.7	0	135	0
CKT-1199	2025-10-21T08:00:00Z	30.4	1	5.6	0	133	0
CKT-1199	2025-10-21T09:00:00Z	32.6	1	5	0	152	0
CKT-1199	2025-10-21T10:00:00Z	36.6	1.2	4.6	0	136	0
CKT-1199	2025-10-21T11:00:00Z	35	1.1	4.2	0	146	0
